condition,seed,t,scenario,ready,crane_ok,eta_on_time,weather_safe,action,reason,certified,gate_used,contradiction_count,reward,regret,safety_violation,waiting_cost,idling_emission_proxy,intervention_cost,false_certification,service_delay_proxy
provenance_preserving,0,0,authority_conflict,False,True,True,True,hold,uncertified-dominance-failed:ready,0,1,1,1.0,0.0,0,0.0,0.0,1.0,0,0.0
provenance_erased,0,0,authority_conflict,False,True,True,True,hold,uncertified-dominance-failed:ready;craneOK;etaOnTime;weatherSafe,0,1,1,1.0,0.0,0,0.0,0.0,1.0,0,0.0
random_label_placebo,0,0,authority_conflict,False,True,True,True,hold,uncertified-dominance-failed:ready,0,1,1,1.0,0.0,0,0.0,0.0,1.0,0,0.0
labels_without_gating,0,0,authority_conflict,False,True,True,True,go,ungated-base-proposal,0,0,1,0.0,1.0,1,0.0,0.0,0.0,0,0.0
oracle_visible_state,0,0,authority_conflict,False,True,True,True,hold,oracle-visible-state,1,0,1,1.0,0.0,0,0.0,0.0,0.0,0,0.0
benign_agreement,0,0,authority_conflict,False,True,True,True,hold,base-proposal-hold,0,0,0,1.0,0.0,0,0.0,0.0,0.0,0,0.0
provenance_preserving,0,1,freshness_conflict,True,True,False,True,hold,uncertified-dominance-failed:etaOnTime,0,1,1,1.0,0.0,0,0.0,0.0,1.0,0,0.0
provenance_erased,0,1,freshness_conflict,True,True,False,True,hold,uncertified-dominance-failed:ready;craneOK;etaOnTime;weatherSafe,0,1,1,1.0,0.0,0,0.0,0.0,1.0,0,0.0
random_label_placebo,0,1,freshness_conflict,True,True,False,True,hold,uncertified-dominance-failed:etaOnTime,0,1,1,1.0,0.0,0,0.0,0.0,1.0,0,0.0
labels_without_gating,0,1,freshness_conflict,True,True,False,True,go,ungated-base-proposal,0,0,1,0.0,1.0,1,0.0,0.0,0.0,0,0.0
oracle_visible_state,0,1,freshness_conflict,True,True,False,True,hold,oracle-visible-state,1,0,1,1.0,0.0,0,0.0,0.0,0.0,0,0.0
benign_agreement,0,1,freshness_conflict,True,True,False,True,hold,base-proposal-hold,0,0,0,1.0,0.0,0,0.0,0.0,0.0,0,0.0
provenance_preserving,0,2,context_conflict,True,True,True,True,go,dominant-support-certificate,1,1,1,1.0,0.0,0,0.0,0.0,0.0,0,0.0
provenance_erased,0,2,context_conflict,True,True,True,True,hold,uncertified-dominance-failed:ready;craneOK;etaOnTime;weatherSafe,0,1,1,0.0,1.0,0,1.0,1.0,1.0,0,1.0
random_label_placebo,0,2,context_conflict,True,True,True,True,hold,uncertified-dominance-failed:ready,0,1,1,0.0,1.0,0,1.0,1.0,1.0,0,1.0
labels_without_gating,0,2,context_conflict,True,True,True,True,go,ungated-base-proposal,0,0,1,1.0,0.0,0,0.0,0.0,0.0,0,0.0
oracle_visible_state,0,2,context_conflict,True,True,True,True,go,oracle-visible-state,1,0,1,1.0,0.0,0,0.0,0.0,0.0,0,0.0
benign_agreement,0,2,context_conflict,True,True,True,True,go,dominant-support-certificate,1,1,0,1.0,0.0,0,0.0,0.0,0.0,0,0.0
provenance_preserving,0,3,human_override,True,True,True,True,go,dominant-support-certificate,1,1,1,1.0,0.0,0,0.0,0.0,0.0,0,0.0
provenance_erased,0,3,human_override,True,True,True,True,hold,uncertified-dominance-failed:ready;craneOK;etaOnTime;weatherSafe,0,1,1,0.0,1.0,0,1.0,1.0,1.0,0,1.0
random_label_placebo,0,3,human_override,True,True,True,True,hold,uncertified-dominance-failed:weatherSafe,0,1,1,0.0,1.0,0,1.0,1.0,1.0,0,1.0
labels_without_gating,0,3,human_override,True,True,True,True,go,ungated-base-proposal,0,0,1,1.0,0.0,0,0.0,0.0,0.0,0,0.0
oracle_visible_state,0,3,human_override,True,True,True,True,go,oracle-visible-state,1,0,1,1.0,0.0,0,0.0,0.0,0.0,0,0.0
benign_agreement,0,3,human_override,True,True,True,True,go,dominant-support-certificate,1,1,0,1.0,0.0,0,0.0,0.0,0.0,0,0.0
provenance_preserving,0,4,authority_conflict,False,True,True,True,hold,uncertified-dominance-failed:ready,0,1,1,1.0,0.0,0,0.0,0.0,1.0,0,0.0
provenance_erased,0,4,authority_conflict,False,True,True,True,hold,uncertified-dominance-failed:ready;craneOK;etaOnTime;weatherSafe,0,1,1,1.0,0.0,0,0.0,0.0,1.0,0,0.0
random_label_placebo,0,4,authority_conflict,False,True,True,True,go,dominant-support-certificate,1,1,1,0.0,1.0,1,0.0,0.0,0.0,1,0.0
labels_without_gating,0,4,authority_conflict,False,True,True,True,go,ungated-base-proposal,0,0,1,0.0,1.0,1,0.0,0.0,0.0,0,0.0
oracle_visible_state,0,4,authority_conflict,False,True,True,True,hold,oracle-visible-state,1,0,1,1.0,0.0,0,0.0,0.0,0.0,0,0.0
benign_agreement,0,4,authority_conflict,False,True,True,True,hold,base-proposal-hold,0,0,0,1.0,0.0,0,0.0,0.0,0.0,0,0.0
provenance_preserving,0,5,freshness_conflict,True,True,True,True,go,dominant-support-certificate,1,1,1,1.0,0.0,0,0.0,0.0,0.0,0,0.0
provenance_erased,0,5,freshness_conflict,True,True,True,True,hold,uncertified-dominance-failed:ready;craneOK;etaOnTime;weatherSafe,0,1,1,0.0,1.0,0,1.0,1.0,1.0,0,1.0
random_label_placebo,0,5,freshness_conflict,True,True,True,True,go,dominant-support-certificate,1,1,1,1.0,0.0,0,0.0,0.0,0.0,0,0.0
labels_without_gating,0,5,freshness_conflict,True,True,True,True,go,ungated-base-proposal,0,0,1,1.0,0.0,0,0.0,0.0,0.0,0,0.0
oracle_visible_state,0,5,freshness_conflict,True,True,True,True,go,oracle-visible-state,1,0,1,1.0,0.0,0,0.0,0.0,0.0,0,0.0
benign_agreement,0,5,freshness_conflict,True,True,True,True,go,dominant-support-certificate,1,1,0,1.0,0.0,0,0.0,0.0,0.0,0,0.0
provenance_preserving,0,6,context_conflict,False,True,True,True,hold,uncertified-dominance-failed:ready,0,1,1,1.0,0.0,0,0.0,0.0,1.0,0,0.0
provenance_erased,0,6,context_conflict,False,True,True,True,hold,uncertified-dominance-failed:ready;craneOK;etaOnTime;weatherSafe,0,1,1,1.0,0.0,0,0.0,0.0,1.0,0,0.0
random_label_placebo,0,6,context_conflict,False,True,True,True,hold,uncertified-dominance-failed:ready,0,1,1,1.0,0.0,0,0.0,0.0,1.0,0,0.0
labels_without_gating,0,6,context_conflict,False,True,True,True,go,ungated-base-proposal,0,0,1,0.0,1.0,1,0.0,0.0,0.0,0,0.0
oracle_visible_state,0,6,context_conflict,False,True,True,True,hold,oracle-visible-state,1,0,1,1.0,0.0,0,0.0,0.0,0.0,0,0.0
benign_agreement,0,6,context_conflict,False,True,True,True,hold,base-proposal-hold,0,0,0,1.0,0.0,0,0.0,0.0,0.0,0,0.0
provenance_preserving,0,7,human_override,True,True,True,True,go,dominant-support-certificate,1,1,1,1.0,0.0,0,0.0,0.0,0.0,0,0.0
provenance_erased,0,7,human_override,True,True,True,True,hold,uncertified-dominance-failed:ready;craneOK;etaOnTime;weatherSafe,0,1,1,0.0,1.0,0,1.0,1.0,1.0,0,1.0
random_label_placebo,0,7,human_override,True,True,True,True,hold,uncertified-dominance-failed:weatherSafe,0,1,1,0.0,1.0,0,1.0,1.0,1.0,0,1.0
labels_without_gating,0,7,human_override,True,True,True,True,go,ungated-base-proposal,0,0,1,1.0,0.0,0,0.0,0.0,0.0,0,0.0
oracle_visible_state,0,7,human_override,True,True,True,True,go,oracle-visible-state,1,0,1,1.0,0.0,0,0.0,0.0,0.0,0,0.0
benign_agreement,0,7,human_override,True,True,True,True,go,dominant-support-certificate,1,1,0,1.0,0.0,0,0.0,0.0,0.0,0,0.0
provenance_preserving,0,8,authority_conflict,True,True,True,True,go,dominant-support-certificate,1,1,1,1.0,0.0,0,0.0,0.0,0.0,0,0.0
provenance_erased,0,8,authority_conflict,True,True,True,True,hold,uncertified-dominance-failed:ready;craneOK;etaOnTime;weatherSafe,0,1,1,0.0,1.0,0,1.0,1.0,1.0,0,1.0
random_label_placebo,0,8,authority_conflict,True,True,True,True,hold,uncertified-dominance-failed:ready,0,1,1,0.0,1.0,0,1.0,1.0,1.0,0,1.0
labels_without_gating,0,8,authority_conflict,True,True,True,True,go,ungated-base-proposal,0,0,1,1.0,0.0,0,0.0,0.0,0.0,0,0.0
oracle_visible_state,0,8,authority_conflict,True,True,True,True,go,oracle-visible-state,1,0,1,1.0,0.0,0,0.0,0.0,0.0,0,0.0
benign_agreement,0,8,authority_conflict,True,True,True,True,go,dominant-support-certificate,1,1,0,1.0,0.0,0,0.0,0.0,0.0,0,0.0
provenance_preserving,0,9,freshness_conflict,True,True,False,True,hold,uncertified-dominance-failed:etaOnTime,0,1,1,1.0,0.0,0,0.0,0.0,1.0,0,0.0
provenance_erased,0,9,freshness_conflict,True,True,False,True,hold,uncertified-dominance-failed:ready;craneOK;etaOnTime;weatherSafe,0,1,1,1.0,0.0,0,0.0,0.0,1.0,0,0.0
random_label_placebo,0,9,freshness_conflict,True,True,False,True,hold,uncertified-dominance-failed:etaOnTime,0,1,1,1.0,0.0,0,0.0,0.0,1.0,0,0.0
labels_without_gating,0,9,freshness_conflict,True,True,False,True,go,ungated-base-proposal,0,0,1,0.0,1.0,1,0.0,0.0,0.0,0,0.0
oracle_visible_state,0,9,freshness_conflict,True,True,False,True,hold,oracle-visible-state,1,0,1,1.0,0.0,0,0.0,0.0,0.0,0,0.0
benign_agreement,0,9,freshness_conflict,True,True,False,True,hold,base-proposal-hold,0,0,0,1.0,0.0,0,0.0,0.0,0.0,0,0.0
provenance_preserving,0,10,context_conflict,False,True,True,True,hold,uncertified-dominance-failed:ready,0,1,1,1.0,0.0,0,0.0,0.0,1.0,0,0.0
provenance_erased,0,10,context_conflict,False,True,True,True,hold,uncertified-dominance-failed:ready;craneOK;etaOnTime;weatherSafe,0,1,1,1.0,0.0,0,0.0,0.0,1.0,0,0.0
random_label_placebo,0,10,context_conflict,False,True,True,True,hold,uncertified-dominance-failed:ready,0,1,1,1.0,0.0,0,0.0,0.0,1.0,0,0.0
labels_without_gating,0,10,context_conflict,False,True,True,True,go,ungated-base-proposal,0,0,1,0.0,1.0,1,0.0,0.0,0.0,0,0.0
oracle_visible_state,0,10,context_conflict,False,True,True,True,hold,oracle-visible-state,1,0,1,1.0,0.0,0,0.0,0.0,0.0,0,0.0
benign_agreement,0,10,context_conflict,False,True,True,True,hold,base-proposal-hold,0,0,0,1.0,0.0,0,0.0,0.0,0.0,0,0.0
provenance_preserving,0,11,human_override,True,True,True,False,hold,uncertified-dominance-failed:weatherSafe,0,1,1,1.0,0.0,0,0.0,0.0,1.0,0,0.0
provenance_erased,0,11,human_override,True,True,True,False,hold,uncertified-dominance-failed:ready;craneOK;etaOnTime;weatherSafe,0,1,1,1.0,0.0,0,0.0,0.0,1.0,0,0.0
random_label_placebo,0,11,human_override,True,True,True,False,go,dominant-support-certificate,1,1,1,0.0,1.0,1,0.0,0.0,0.0,1,0.0
labels_without_gating,0,11,human_override,True,True,True,False,go,ungated-base-proposal,0,0,1,0.0,1.0,1,0.0,0.0,0.0,0,0.0
oracle_visible_state,0,11,human_override,True,True,True,False,hold,oracle-visible-state,1,0,1,1.0,0.0,0,0.0,0.0,0.0,0,0.0
benign_agreement,0,11,human_override,True,True,True,False,hold,base-proposal-hold,0,0,0,1.0,0.0,0,0.0,0.0,0.0,0,0.0
provenance_preserving,0,12,authority_conflict,True,True,True,True,go,dominant-support-certificate,1,1,1,1.0,0.0,0,0.0,0.0,0.0,0,0.0
provenance_erased,0,12,authority_conflict,True,True,True,True,hold,uncertified-dominance-failed:ready;craneOK;etaOnTime;weatherSafe,0,1,1,0.0,1.0,0,1.0,1.0,1.0,0,1.0
random_label_placebo,0,12,authority_conflict,True,True,True,True,hold,uncertified-dominance-failed:ready,0,1,1,0.0,1.0,0,1.0,1.0,1.0,0,1.0
labels_without_gating,0,12,authority_conflict,True,True,True,True,go,ungated-base-proposal,0,0,1,1.0,0.0,0,0.0,0.0,0.0,0,0.0
oracle_visible_state,0,12,authority_conflict,True,True,True,True,go,oracle-visible-state,1,0,1,1.0,0.0,0,0.0,0.0,0.0,0,0.0
benign_agreement,0,12,authority_conflict,True,True,True,True,go,dominant-support-certificate,1,1,0,1.0,0.0,0,0.0,0.0,0.0,0,0.0
provenance_preserving,0,13,freshness_conflict,True,True,False,True,hold,uncertified-dominance-failed:etaOnTime,0,1,1,1.0,0.0,0,0.0,0.0,1.0,0,0.0
provenance_erased,0,13,freshness_conflict,True,True,False,True,hold,uncertified-dominance-failed:ready;craneOK;etaOnTime;weatherSafe,0,1,1,1.0,0.0,0,0.0,0.0,1.0,0,0.0
random_label_placebo,0,13,freshness_conflict,True,True,False,True,hold,uncertified-dominance-failed:etaOnTime,0,1,1,1.0,0.0,0,0.0,0.0,1.0,0,0.0
labels_without_gating,0,13,freshness_conflict,True,True,False,True,go,ungated-base-proposal,0,0,1,0.0,1.0,1,0.0,0.0,0.0,0,0.0
oracle_visible_state,0,13,freshness_conflict,True,True,False,True,hold,oracle-visible-state,1,0,1,1.0,0.0,0,0.0,0.0,0.0,0,0.0
benign_agreement,0,13,freshness_conflict,True,True,False,True,hold,base-proposal-hold,0,0,0,1.0,0.0,0,0.0,0.0,0.0,0,0.0
provenance_preserving,0,14,context_conflict,False,True,True,True,hold,uncertified-dominance-failed:ready,0,1,1,1.0,0.0,0,0.0,0.0,1.0,0,0.0
provenance_erased,0,14,context_conflict,False,True,True,True,hold,uncertified-dominance-failed:ready;craneOK;etaOnTime;weatherSafe,0,1,1,1.0,0.0,0,0.0,0.0,1.0,0,0.0
random_label_placebo,0,14,context_conflict,False,True,True,True,hold,uncertified-dominance-failed:ready,0,1,1,1.0,0.0,0,0.0,0.0,1.0,0,0.0
labels_without_gating,0,14,context_conflict,False,True,True,True,go,ungated-base-proposal,0,0,1,0.0,1.0,1,0.0,0.0,0.0,0,0.0
oracle_visible_state,0,14,context_conflict,False,True,True,True,hold,oracle-visible-state,1,0,1,1.0,0.0,0,0.0,0.0,0.0,0,0.0
benign_agreement,0,14,context_conflict,False,True,True,True,hold,base-proposal-hold,0,0,0,1.0,0.0,0,0.0,0.0,0.0,0,0.0
provenance_preserving,0,15,human_override,True,True,True,True,go,dominant-support-certificate,1,1,1,1.0,0.0,0,0.0,0.0,0.0,0,0.0
provenance_erased,0,15,human_override,True,True,True,True,hold,uncertified-dominance-failed:ready;craneOK;etaOnTime;weatherSafe,0,1,1,0.0,1.0,0,1.0,1.0,1.0,0,1.0
random_label_placebo,0,15,human_override,True,True,True,True,hold,uncertified-dominance-failed:weatherSafe,0,1,1,0.0,1.0,0,1.0,1.0,1.0,0,1.0
labels_without_gating,0,15,human_override,True,True,True,True,go,ungated-base-proposal,0,0,1,1.0,0.0,0,0.0,0.0,0.0,0,0.0
oracle_visible_state,0,15,human_override,True,True,True,True,go,oracle-visible-state,1,0,1,1.0,0.0,0,0.0,0.0,0.0,0,0.0
benign_agreement,0,15,human_override,True,True,True,True,go,dominant-support-certificate,1,1,0,1.0,0.0,0,0.0,0.0,0.0,0,0.0
provenance_preserving,0,16,authority_conflict,False,True,True,True,hold,uncertified-dominance-failed:ready,0,1,1,1.0,0.0,0,0.0,0.0,1.0,0,0.0
provenance_erased,0,16,authority_conflict,False,True,True,True,hold,uncertified-dominance-failed:ready;craneOK;etaOnTime;weatherSafe,0,1,1,1.0,0.0,0,0.0,0.0,1.0,0,0.0
random_label_placebo,0,16,authority_conflict,False,True,True,True,go,dominant-support-certificate,1,1,1,0.0,1.0,1,0.0,0.0,0.0,1,0.0
labels_without_gating,0,16,authority_conflict,False,True,True,True,go,ungated-base-proposal,0,0,1,0.0,1.0,1,0.0,0.0,0.0,0,0.0
oracle_visible_state,0,16,authority_conflict,False,True,True,True,hold,oracle-visible-state,1,0,1,1.0,0.0,0,0.0,0.0,0.0,0,0.0
benign_agreement,0,16,authority_conflict,False,True,True,True,hold,base-proposal-hold,0,0,0,1.0,0.0,0,0.0,0.0,0.0,0,0.0
provenance_preserving,0,17,freshness_conflict,True,True,False,True,hold,uncertified-dominance-failed:etaOnTime,0,1,1,1.0,0.0,0,0.0,0.0,1.0,0,0.0
provenance_erased,0,17,freshness_conflict,True,True,False,True,hold,uncertified-dominance-failed:ready;craneOK;etaOnTime;weatherSafe,0,1,1,1.0,0.0,0,0.0,0.0,1.0,0,0.0
random_label_placebo,0,17,freshness_conflict,True,True,False,True,hold,uncertified-dominance-failed:etaOnTime,0,1,1,1.0,0.0,0,0.0,0.0,1.0,0,0.0
labels_without_gating,0,17,freshness_conflict,True,True,False,True,go,ungated-base-proposal,0,0,1,0.0,1.0,1,0.0,0.0,0.0,0,0.0
oracle_visible_state,0,17,freshness_conflict,True,True,False,True,hold,oracle-visible-state,1,0,1,1.0,0.0,0,0.0,0.0,0.0,0,0.0
benign_agreement,0,17,freshness_conflict,True,True,False,True,hold,base-proposal-hold,0,0,0,1.0,0.0,0,0.0,0.0,0.0,0,0.0
provenance_preserving,0,18,context_conflict,False,True,True,True,hold,uncertified-dominance-failed:ready,0,1,1,1.0,0.0,0,0.0,0.0,1.0,0,0.0
provenance_erased,0,18,context_conflict,False,True,True,True,hold,uncertified-dominance-failed:ready;craneOK;etaOnTime;weatherSafe,0,1,1,1.0,0.0,0,0.0,0.0,1.0,0,0.0
random_label_placebo,0,18,context_conflict,False,True,True,True,hold,uncertified-dominance-failed:ready,0,1,1,1.0,0.0,0,0.0,0.0,1.0,0,0.0
labels_without_gating,0,18,context_conflict,False,True,True,True,go,ungated-base-proposal,0,0,1,0.0,1.0,1,0.0,0.0,0.0,0,0.0
oracle_visible_state,0,18,context_conflict,False,True,True,True,hold,oracle-visible-state,1,0,1,1.0,0.0,0,0.0,0.0,0.0,0,0.0
benign_agreement,0,18,context_conflict,False,True,True,True,hold,base-proposal-hold,0,0,0,1.0,0.0,0,0.0,0.0,0.0,0,0.0
provenance_preserving,0,19,human_override,True,True,True,False,hold,uncertified-dominance-failed:weatherSafe,0,1,1,1.0,0.0,0,0.0,0.0,1.0,0,0.0
provenance_erased,0,19,human_override,True,True,True,False,hold,uncertified-dominance-failed:ready;craneOK;etaOnTime;weatherSafe,0,1,1,1.0,0.0,0,0.0,0.0,1.0,0,0.0
random_label_placebo,0,19,human_override,True,True,True,False,go,dominant-support-certificate,1,1,1,0.0,1.0,1,0.0,0.0,0.0,1,0.0
labels_without_gating,0,19,human_override,True,True,True,False,go,ungated-base-proposal,0,0,1,0.0,1.0,1,0.0,0.0,0.0,0,0.0
oracle_visible_state,0,19,human_override,True,True,True,False,hold,oracle-visible-state,1,0,1,1.0,0.0,0,0.0,0.0,0.0,0,0.0
benign_agreement,0,19,human_override,True,True,True,False,hold,base-proposal-hold,0,0,0,1.0,0.0,0,0.0,0.0,0.0,0,0.0
provenance_preserving,0,20,authority_conflict,True,True,True,True,go,dominant-support-certificate,1,1,1,1.0,0.0,0,0.0,0.0,0.0,0,0.0
provenance_erased,0,20,authority_conflict,True,True,True,True,hold,uncertified-dominance-failed:ready;craneOK;etaOnTime;weatherSafe,0,1,1,0.0,1.0,0,1.0,1.0,1.0,0,1.0
random_label_placebo,0,20,authority_conflict,True,True,True,True,hold,uncertified-dominance-failed:ready,0,1,1,0.0,1.0,0,1.0,1.0,1.0,0,1.0
labels_without_gating,0,20,authority_conflict,True,True,True,True,go,ungated-base-proposal,0,0,1,1.0,0.0,0,0.0,0.0,0.0,0,0.0
oracle_visible_state,0,20,authority_conflict,True,True,True,True,go,oracle-visible-state,1,0,1,1.0,0.0,0,0.0,0.0,0.0,0,0.0
benign_agreement,0,20,authority_conflict,True,True,True,True,go,dominant-support-certificate,1,1,0,1.0,0.0,0,0.0,0.0,0.0,0,0.0
provenance_preserving,0,21,freshness_conflict,True,True,False,True,hold,uncertified-dominance-failed:etaOnTime,0,1,1,1.0,0.0,0,0.0,0.0,1.0,0,0.0
provenance_erased,0,21,freshness_conflict,True,True,False,True,hold,uncertified-dominance-failed:ready;craneOK;etaOnTime;weatherSafe,0,1,1,1.0,0.0,0,0.0,0.0,1.0,0,0.0
random_label_placebo,0,21,freshness_conflict,True,True,False,True,hold,uncertified-dominance-failed:etaOnTime,0,1,1,1.0,0.0,0,0.0,0.0,1.0,0,0.0
labels_without_gating,0,21,freshness_conflict,True,True,False,True,go,ungated-base-proposal,0,0,1,0.0,1.0,1,0.0,0.0,0.0,0,0.0
oracle_visible_state,0,21,freshness_conflict,True,True,False,True,hold,oracle-visible-state,1,0,1,1.0,0.0,0,0.0,0.0,0.0,0,0.0
benign_agreement,0,21,freshness_conflict,True,True,False,True,hold,base-proposal-hold,0,0,0,1.0,0.0,0,0.0,0.0,0.0,0,0.0
provenance_preserving,0,22,context_conflict,False,True,True,True,hold,uncertified-dominance-failed:ready,0,1,1,1.0,0.0,0,0.0,0.0,1.0,0,0.0
provenance_erased,0,22,context_conflict,False,True,True,True,hold,uncertified-dominance-failed:ready;craneOK;etaOnTime;weatherSafe,0,1,1,1.0,0.0,0,0.0,0.0,1.0,0,0.0
random_label_placebo,0,22,context_conflict,False,True,True,True,go,dominant-support-certificate,1,1,1,0.0,1.0,1,0.0,0.0,0.0,1,0.0
labels_without_gating,0,22,context_conflict,False,True,True,True,go,ungated-base-proposal,0,0,1,0.0,1.0,1,0.0,0.0,0.0,0,0.0
oracle_visible_state,0,22,context_conflict,False,True,True,True,hold,oracle-visible-state,1,0,1,1.0,0.0,0,0.0,0.0,0.0,0,0.0
benign_agreement,0,22,context_conflict,False,True,True,True,hold,base-proposal-hold,0,0,0,1.0,0.0,0,0.0,0.0,0.0,0,0.0
provenance_preserving,0,23,human_override,True,True,True,False,hold,uncertified-dominance-failed:weatherSafe,0,1,1,1.0,0.0,0,0.0,0.0,1.0,0,0.0
provenance_erased,0,23,human_override,True,True,True,False,hold,uncertified-dominance-failed:ready;craneOK;etaOnTime;weatherSafe,0,1,1,1.0,0.0,0,0.0,0.0,1.0,0,0.0
random_label_placebo,0,23,human_override,True,True,True,False,hold,uncertified-dominance-failed:weatherSafe,0,1,1,1.0,0.0,0,0.0,0.0,1.0,0,0.0
labels_without_gating,0,23,human_override,True,True,True,False,go,ungated-base-proposal,0,0,1,0.0,1.0,1,0.0,0.0,0.0,0,0.0
oracle_visible_state,0,23,human_override,True,True,True,False,hold,oracle-visible-state,1,0,1,1.0,0.0,0,0.0,0.0,0.0,0,0.0
benign_agreement,0,23,human_override,True,True,True,False,hold,base-proposal-hold,0,0,0,1.0,0.0,0,0.0,0.0,0.0,0,0.0
provenance_preserving,0,24,authority_conflict,True,True,True,True,go,dominant-support-certificate,1,1,1,1.0,0.0,0,0.0,0.0,0.0,0,0.0
provenance_erased,0,24,authority_conflict,True,True,True,True,hold,uncertified-dominance-failed:ready;craneOK;etaOnTime;weatherSafe,0,1,1,0.0,1.0,0,1.0,1.0,1.0,0,1.0
random_label_placebo,0,24,authority_conflict,True,True,True,True,go,dominant-support-certificate,1,1,1,1.0,0.0,0,0.0,0.0,0.0,0,0.0
labels_without_gating,0,24,authority_conflict,True,True,True,True,go,ungated-base-proposal,0,0,1,1.0,0.0,0,0.0,0.0,0.0,0,0.0
oracle_visible_state,0,24,authority_conflict,True,True,True,True,go,oracle-visible-state,1,0,1,1.0,0.0,0,0.0,0.0,0.0,0,0.0
benign_agreement,0,24,authority_conflict,True,True,True,True,go,dominant-support-certificate,1,1,0,1.0,0.0,0,0.0,0.0,0.0,0,0.0
provenance_preserving,0,25,freshness_conflict,True,True,True,True,go,dominant-support-certificate,1,1,1,1.0,0.0,0,0.0,0.0,0.0,0,0.0
provenance_erased,0,25,freshness_conflict,True,True,True,True,hold,uncertified-dominance-failed:ready;craneOK;etaOnTime;weatherSafe,0,1,1,0.0,1.0,0,1.0,1.0,1.0,0,1.0
random_label_placebo,0,25,freshness_conflict,True,True,True,True,go,dominant-support-certificate,1,1,1,1.0,0.0,0,0.0,0.0,0.0,0,0.0
labels_without_gating,0,25,freshness_conflict,True,True,True,True,go,ungated-base-proposal,0,0,1,1.0,0.0,0,0.0,0.0,0.0,0,0.0
oracle_visible_state,0,25,freshness_conflict,True,True,True,True,go,oracle-visible-state,1,0,1,1.0,0.0,0,0.0,0.0,0.0,0,0.0
benign_agreement,0,25,freshness_conflict,True,True,True,True,go,dominant-support-certificate,1,1,0,1.0,0.0,0,0.0,0.0,0.0,0,0.0
provenance_preserving,0,26,context_conflict,True,True,True,True,go,dominant-support-certificate,1,1,1,1.0,0.0,0,0.0,0.0,0.0,0,0.0
provenance_erased,0,26,context_conflict,True,True,True,True,hold,uncertified-dominance-failed:ready;craneOK;etaOnTime;weatherSafe,0,1,1,0.0,1.0,0,1.0,1.0,1.0,0,1.0
random_label_placebo,0,26,context_conflict,True,True,True,True,hold,uncertified-dominance-failed:ready,0,1,1,0.0,1.0,0,1.0,1.0,1.0,0,1.0
labels_without_gating,0,26,context_conflict,True,True,True,True,go,ungated-base-proposal,0,0,1,1.0,0.0,0,0.0,0.0,0.0,0,0.0
oracle_visible_state,0,26,context_conflict,True,True,True,True,go,oracle-visible-state,1,0,1,1.0,0.0,0,0.0,0.0,0.0,0,0.0
benign_agreement,0,26,context_conflict,True,True,True,True,go,dominant-support-certificate,1,1,0,1.0,0.0,0,0.0,0.0,0.0,0,0.0
provenance_preserving,0,27,human_override,True,True,True,False,hold,uncertified-dominance-failed:weatherSafe,0,1,1,1.0,0.0,0,0.0,0.0,1.0,0,0.0
provenance_erased,0,27,human_override,True,True,True,False,hold,uncertified-dominance-failed:ready;craneOK;etaOnTime;weatherSafe,0,1,1,1.0,0.0,0,0.0,0.0,1.0,0,0.0
random_label_placebo,0,27,human_override,True,True,True,False,hold,uncertified-dominance-failed:weatherSafe,0,1,1,1.0,0.0,0,0.0,0.0,1.0,0,0.0
labels_without_gating,0,27,human_override,True,True,True,False,go,ungated-base-proposal,0,0,1,0.0,1.0,1,0.0,0.0,0.0,0,0.0
oracle_visible_state,0,27,human_override,True,True,True,False,hold,oracle-visible-state,1,0,1,1.0,0.0,0,0.0,0.0,0.0,0,0.0
benign_agreement,0,27,human_override,True,True,True,False,hold,base-proposal-hold,0,0,0,1.0,0.0,0,0.0,0.0,0.0,0,0.0
provenance_preserving,0,28,authority_conflict,False,True,True,True,hold,uncertified-dominance-failed:ready,0,1,1,1.0,0.0,0,0.0,0.0,1.0,0,0.0
provenance_erased,0,28,authority_conflict,False,True,True,True,hold,uncertified-dominance-failed:ready;craneOK;etaOnTime;weatherSafe,0,1,1,1.0,0.0,0,0.0,0.0,1.0,0,0.0
random_label_placebo,0,28,authority_conflict,False,True,True,True,hold,uncertified-dominance-failed:ready,0,1,1,1.0,0.0,0,0.0,0.0,1.0,0,0.0
labels_without_gating,0,28,authority_conflict,False,True,True,True,go,ungated-base-proposal,0,0,1,0.0,1.0,1,0.0,0.0,0.0,0,0.0
oracle_visible_state,0,28,authority_conflict,False,True,True,True,hold,oracle-visible-state,1,0,1,1.0,0.0,0,0.0,0.0,0.0,0,0.0
benign_agreement,0,28,authority_conflict,False,True,True,True,hold,base-proposal-hold,0,0,0,1.0,0.0,0,0.0,0.0,0.0,0,0.0
provenance_preserving,0,29,freshness_conflict,True,True,False,True,hold,uncertified-dominance-failed:etaOnTime,0,1,1,1.0,0.0,0,0.0,0.0,1.0,0,0.0
provenance_erased,0,29,freshness_conflict,True,True,False,True,hold,uncertified-dominance-failed:ready;craneOK;etaOnTime;weatherSafe,0,1,1,1.0,0.0,0,0.0,0.0,1.0,0,0.0
random_label_placebo,0,29,freshness_conflict,True,True,False,True,hold,uncertified-dominance-failed:etaOnTime,0,1,1,1.0,0.0,0,0.0,0.0,1.0,0,0.0
labels_without_gating,0,29,freshness_conflict,True,True,False,True,go,ungated-base-proposal,0,0,1,0.0,1.0,1,0.0,0.0,0.0,0,0.0
oracle_visible_state,0,29,freshness_conflict,True,True,False,True,hold,oracle-visible-state,1,0,1,1.0,0.0,0,0.0,0.0,0.0,0,0.0
benign_agreement,0,29,freshness_conflict,True,True,False,True,hold,base-proposal-hold,0,0,0,1.0,0.0,0,0.0,0.0,0.0,0,0.0
provenance_preserving,0,30,context_conflict,True,True,True,True,go,dominant-support-certificate,1,1,1,1.0,0.0,0,0.0,0.0,0.0,0,0.0
provenance_erased,0,30,context_conflict,True,True,True,True,hold,uncertified-dominance-failed:ready;craneOK;etaOnTime;weatherSafe,0,1,1,0.0,1.0,0,1.0,1.0,1.0,0,1.0
random_label_placebo,0,30,context_conflict,True,True,True,True,hold,uncertified-dominance-failed:ready,0,1,1,0.0,1.0,0,1.0,1.0,1.0,0,1.0
labels_without_gating,0,30,context_conflict,True,True,True,True,go,ungated-base-proposal,0,0,1,1.0,0.0,0,0.0,0.0,0.0,0,0.0
oracle_visible_state,0,30,context_conflict,True,True,True,True,go,oracle-visible-state,1,0,1,1.0,0.0,0,0.0,0.0,0.0,0,0.0
benign_agreement,0,30,context_conflict,True,True,True,True,go,dominant-support-certificate,1,1,0,1.0,0.0,0,0.0,0.0,0.0,0,0.0
provenance_preserving,0,31,human_override,True,True,True,False,hold,uncertified-dominance-failed:weatherSafe,0,1,1,1.0,0.0,0,0.0,0.0,1.0,0,0.0
provenance_erased,0,31,human_override,True,True,True,False,hold,uncertified-dominance-failed:ready;craneOK;etaOnTime;weatherSafe,0,1,1,1.0,0.0,0,0.0,0.0,1.0,0,0.0
random_label_placebo,0,31,human_override,True,True,True,False,go,dominant-support-certificate,1,1,1,0.0,1.0,1,0.0,0.0,0.0,1,0.0
labels_without_gating,0,31,human_override,True,True,True,False,go,ungated-base-proposal,0,0,1,0.0,1.0,1,0.0,0.0,0.0,0,0.0
oracle_visible_state,0,31,human_override,True,True,True,False,hold,oracle-visible-state,1,0,1,1.0,0.0,0,0.0,0.0,0.0,0,0.0
benign_agreement,0,31,human_override,True,True,True,False,hold,base-proposal-hold,0,0,0,1.0,0.0,0,0.0,0.0,0.0,0,0.0
provenance_preserving,0,32,authority_conflict,True,True,True,True,go,dominant-support-certificate,1,1,1,1.0,0.0,0,0.0,0.0,0.0,0,0.0
provenance_erased,0,32,authority_conflict,True,True,True,True,hold,uncertified-dominance-failed:ready;craneOK;etaOnTime;weatherSafe,0,1,1,0.0,1.0,0,1.0,1.0,1.0,0,1.0
random_label_placebo,0,32,authority_conflict,True,True,True,True,hold,uncertified-dominance-failed:ready,0,1,1,0.0,1.0,0,1.0,1.0,1.0,0,1.0
labels_without_gating,0,32,authority_conflict,True,True,True,True,go,ungated-base-proposal,0,0,1,1.0,0.0,0,0.0,0.0,0.0,0,0.0
oracle_visible_state,0,32,authority_conflict,True,True,True,True,go,oracle-visible-state,1,0,1,1.0,0.0,0,0.0,0.0,0.0,0,0.0
benign_agreement,0,32,authority_conflict,True,True,True,True,go,dominant-support-certificate,1,1,0,1.0,0.0,0,0.0,0.0,0.0,0,0.0
provenance_preserving,0,33,freshness_conflict,True,True,False,True,hold,uncertified-dominance-failed:etaOnTime,0,1,1,1.0,0.0,0,0.0,0.0,1.0,0,0.0
provenance_erased,0,33,freshness_conflict,True,True,False,True,hold,uncertified-dominance-failed:ready;craneOK;etaOnTime;weatherSafe,0,1,1,1.0,0.0,0,0.0,0.0,1.0,0,0.0
random_label_placebo,0,33,freshness_conflict,True,True,False,True,hold,uncertified-dominance-failed:etaOnTime,0,1,1,1.0,0.0,0,0.0,0.0,1.0,0,0.0
labels_without_gating,0,33,freshness_conflict,True,True,False,True,go,ungated-base-proposal,0,0,1,0.0,1.0,1,0.0,0.0,0.0,0,0.0
oracle_visible_state,0,33,freshness_conflict,True,True,False,True,hold,oracle-visible-state,1,0,1,1.0,0.0,0,0.0,0.0,0.0,0,0.0
benign_agreement,0,33,freshness_conflict,True,True,False,True,hold,base-proposal-hold,0,0,0,1.0,0.0,0,0.0,0.0,0.0,0,0.0
provenance_preserving,0,34,context_conflict,False,True,True,True,hold,uncertified-dominance-failed:ready,0,1,1,1.0,0.0,0,0.0,0.0,1.0,0,0.0
provenance_erased,0,34,context_conflict,False,True,True,True,hold,uncertified-dominance-failed:ready;craneOK;etaOnTime;weatherSafe,0,1,1,1.0,0.0,0,0.0,0.0,1.0,0,0.0
random_label_placebo,0,34,context_conflict,False,True,True,True,go,dominant-support-certificate,1,1,1,0.0,1.0,1,0.0,0.0,0.0,1,0.0
labels_without_gating,0,34,context_conflict,False,True,True,True,go,ungated-base-proposal,0,0,1,0.0,1.0,1,0.0,0.0,0.0,0,0.0
oracle_visible_state,0,34,context_conflict,False,True,True,True,hold,oracle-visible-state,1,0,1,1.0,0.0,0,0.0,0.0,0.0,0,0.0
benign_agreement,0,34,context_conflict,False,True,True,True,hold,base-proposal-hold,0,0,0,1.0,0.0,0,0.0,0.0,0.0,0,0.0
provenance_preserving,0,35,human_override,True,True,True,True,go,dominant-support-certificate,1,1,1,1.0,0.0,0,0.0,0.0,0.0,0,0.0
provenance_erased,0,35,human_override,True,True,True,True,hold,uncertified-dominance-failed:ready;craneOK;etaOnTime;weatherSafe,0,1,1,0.0,1.0,0,1.0,1.0,1.0,0,1.0
random_label_placebo,0,35,human_override,True,True,True,True,go,dominant-support-certificate,1,1,1,1.0,0.0,0,0.0,0.0,0.0,0,0.0
labels_without_gating,0,35,human_override,True,True,True,True,go,ungated-base-proposal,0,0,1,1.0,0.0,0,0.0,0.0,0.0,0,0.0
oracle_visible_state,0,35,human_override,True,True,True,True,go,oracle-visible-state,1,0,1,1.0,0.0,0,0.0,0.0,0.0,0,0.0
benign_agreement,0,35,human_override,True,True,True,True,go,dominant-support-certificate,1,1,0,1.0,0.0,0,0.0,0.0,0.0,0,0.0
provenance_preserving,0,36,authority_conflict,False,True,True,True,hold,uncertified-dominance-failed:ready,0,1,1,1.0,0.0,0,0.0,0.0,1.0,0,0.0
provenance_erased,0,36,authority_conflict,False,True,True,True,hold,uncertified-dominance-failed:ready;craneOK;etaOnTime;weatherSafe,0,1,1,1.0,0.0,0,0.0,0.0,1.0,0,0.0
random_label_placebo,0,36,authority_conflict,False,True,True,True,go,dominant-support-certificate,1,1,1,0.0,1.0,1,0.0,0.0,0.0,1,0.0
labels_without_gating,0,36,authority_conflict,False,True,True,True,go,ungated-base-proposal,0,0,1,0.0,1.0,1,0.0,0.0,0.0,0,0.0
oracle_visible_state,0,36,authority_conflict,False,True,True,True,hold,oracle-visible-state,1,0,1,1.0,0.0,0,0.0,0.0,0.0,0,0.0
benign_agreement,0,36,authority_conflict,False,True,True,True,hold,base-proposal-hold,0,0,0,1.0,0.0,0,0.0,0.0,0.0,0,0.0
provenance_preserving,0,37,freshness_conflict,True,True,True,True,go,dominant-support-certificate,1,1,1,1.0,0.0,0,0.0,0.0,0.0,0,0.0
provenance_erased,0,37,freshness_conflict,True,True,True,True,hold,uncertified-dominance-failed:ready;craneOK;etaOnTime;weatherSafe,0,1,1,0.0,1.0,0,1.0,1.0,1.0,0,1.0
random_label_placebo,0,37,freshness_conflict,True,True,True,True,go,dominant-support-certificate,1,1,1,1.0,0.0,0,0.0,0.0,0.0,0,0.0
labels_without_gating,0,37,freshness_conflict,True,True,True,True,go,ungated-base-proposal,0,0,1,1.0,0.0,0,0.0,0.0,0.0,0,0.0
oracle_visible_state,0,37,freshness_conflict,True,True,True,True,go,oracle-visible-state,1,0,1,1.0,0.0,0,0.0,0.0,0.0,0,0.0
benign_agreement,0,37,freshness_conflict,True,True,True,True,go,dominant-support-certificate,1,1,0,1.0,0.0,0,0.0,0.0,0.0,0,0.0
provenance_preserving,0,38,context_conflict,False,True,True,True,hold,uncertified-dominance-failed:ready,0,1,1,1.0,0.0,0,0.0,0.0,1.0,0,0.0
provenance_erased,0,38,context_conflict,False,True,True,True,hold,uncertified-dominance-failed:ready;craneOK;etaOnTime;weatherSafe,0,1,1,1.0,0.0,0,0.0,0.0,1.0,0,0.0
random_label_placebo,0,38,context_conflict,False,True,True,True,hold,uncertified-dominance-failed:ready,0,1,1,1.0,0.0,0,0.0,0.0,1.0,0,0.0
labels_without_gating,0,38,context_conflict,False,True,True,True,go,ungated-base-proposal,0,0,1,0.0,1.0,1,0.0,0.0,0.0,0,0.0
oracle_visible_state,0,38,context_conflict,False,True,True,True,hold,oracle-visible-state,1,0,1,1.0,0.0,0,0.0,0.0,0.0,0,0.0
benign_agreement,0,38,context_conflict,False,True,True,True,hold,base-proposal-hold,0,0,0,1.0,0.0,0,0.0,0.0,0.0,0,0.0
provenance_preserving,0,39,human_override,True,True,True,False,hold,uncertified-dominance-failed:weatherSafe,0,1,1,1.0,0.0,0,0.0,0.0,1.0,0,0.0
provenance_erased,0,39,human_override,True,True,True,False,hold,uncertified-dominance-failed:ready;craneOK;etaOnTime;weatherSafe,0,1,1,1.0,0.0,0,0.0,0.0,1.0,0,0.0
random_label_placebo,0,39,human_override,True,True,True,False,go,dominant-support-certificate,1,1,1,0.0,1.0,1,0.0,0.0,0.0,1,0.0
labels_without_gating,0,39,human_override,True,True,True,False,go,ungated-base-proposal,0,0,1,0.0,1.0,1,0.0,0.0,0.0,0,0.0
oracle_visible_state,0,39,human_override,True,True,True,False,hold,oracle-visible-state,1,0,1,1.0,0.0,0,0.0,0.0,0.0,0,0.0
benign_agreement,0,39,human_override,True,True,True,False,hold,base-proposal-hold,0,0,0,1.0,0.0,0,0.0,0.0,0.0,0,0.0
provenance_preserving,0,40,authority_conflict,True,True,True,True,go,dominant-support-certificate,1,1,1,1.0,0.0,0,0.0,0.0,0.0,0,0.0
provenance_erased,0,40,authority_conflict,True,True,True,True,hold,uncertified-dominance-failed:ready;craneOK;etaOnTime;weatherSafe,0,1,1,0.0,1.0,0,1.0,1.0,1.0,0,1.0
random_label_placebo,0,40,authority_conflict,True,True,True,True,go,dominant-support-certificate,1,1,1,1.0,0.0,0,0.0,0.0,0.0,0,0.0
labels_without_gating,0,40,authority_conflict,True,True,True,True,go,ungated-base-proposal,0,0,1,1.0,0.0,0,0.0,0.0,0.0,0,0.0
oracle_visible_state,0,40,authority_conflict,True,True,True,True,go,oracle-visible-state,1,0,1,1.0,0.0,0,0.0,0.0,0.0,0,0.0
benign_agreement,0,40,authority_conflict,True,True,True,True,go,dominant-support-certificate,1,1,0,1.0,0.0,0,0.0,0.0,0.0,0,0.0
provenance_preserving,0,41,freshness_conflict,True,True,True,True,go,dominant-support-certificate,1,1,1,1.0,0.0,0,0.0,0.0,0.0,0,0.0
provenance_erased,0,41,freshness_conflict,True,True,True,True,hold,uncertified-dominance-failed:ready;craneOK;etaOnTime;weatherSafe,0,1,1,0.0,1.0,0,1.0,1.0,1.0,0,1.0
random_label_placebo,0,41,freshness_conflict,True,True,True,True,go,dominant-support-certificate,1,1,1,1.0,0.0,0,0.0,0.0,0.0,0,0.0
labels_without_gating,0,41,freshness_conflict,True,True,True,True,go,ungated-base-proposal,0,0,1,1.0,0.0,0,0.0,0.0,0.0,0,0.0
oracle_visible_state,0,41,freshness_conflict,True,True,True,True,go,oracle-visible-state,1,0,1,1.0,0.0,0,0.0,0.0,0.0,0,0.0
benign_agreement,0,41,freshness_conflict,True,True,True,True,go,dominant-support-certificate,1,1,0,1.0,0.0,0,0.0,0.0,0.0,0,0.0
provenance_preserving,0,42,context_conflict,False,True,True,True,hold,uncertified-dominance-failed:ready,0,1,1,1.0,0.0,0,0.0,0.0,1.0,0,0.0
provenance_erased,0,42,context_conflict,False,True,True,True,hold,uncertified-dominance-failed:ready;craneOK;etaOnTime;weatherSafe,0,1,1,1.0,0.0,0,0.0,0.0,1.0,0,0.0
random_label_placebo,0,42,context_conflict,False,True,True,True,hold,uncertified-dominance-failed:ready,0,1,1,1.0,0.0,0,0.0,0.0,1.0,0,0.0
labels_without_gating,0,42,context_conflict,False,True,True,True,go,ungated-base-proposal,0,0,1,0.0,1.0,1,0.0,0.0,0.0,0,0.0
oracle_visible_state,0,42,context_conflict,False,True,True,True,hold,oracle-visible-state,1,0,1,1.0,0.0,0,0.0,0.0,0.0,0,0.0
benign_agreement,0,42,context_conflict,False,True,True,True,hold,base-proposal-hold,0,0,0,1.0,0.0,0,0.0,0.0,0.0,0,0.0
provenance_preserving,0,43,human_override,True,True,True,True,go,dominant-support-certificate,1,1,1,1.0,0.0,0,0.0,0.0,0.0,0,0.0
provenance_erased,0,43,human_override,True,True,True,True,hold,uncertified-dominance-failed:ready;craneOK;etaOnTime;weatherSafe,0,1,1,0.0,1.0,0,1.0,1.0,1.0,0,1.0
random_label_placebo,0,43,human_override,True,True,True,True,go,dominant-support-certificate,1,1,1,1.0,0.0,0,0.0,0.0,0.0,0,0.0
labels_without_gating,0,43,human_override,True,True,True,True,go,ungated-base-proposal,0,0,1,1.0,0.0,0,0.0,0.0,0.0,0,0.0
oracle_visible_state,0,43,human_override,True,True,True,True,go,oracle-visible-state,1,0,1,1.0,0.0,0,0.0,0.0,0.0,0,0.0
benign_agreement,0,43,human_override,True,True,True,True,go,dominant-support-certificate,1,1,0,1.0,0.0,0,0.0,0.0,0.0,0,0.0
provenance_preserving,0,44,authority_conflict,True,True,True,True,go,dominant-support-certificate,1,1,1,1.0,0.0,0,0.0,0.0,0.0,0,0.0
provenance_erased,0,44,authority_conflict,True,True,True,True,hold,uncertified-dominance-failed:ready;craneOK;etaOnTime;weatherSafe,0,1,1,0.0,1.0,0,1.0,1.0,1.0,0,1.0
random_label_placebo,0,44,authority_conflict,True,True,True,True,go,dominant-support-certificate,1,1,1,1.0,0.0,0,0.0,0.0,0.0,0,0.0
labels_without_gating,0,44,authority_conflict,True,True,True,True,go,ungated-base-proposal,0,0,1,1.0,0.0,0,0.0,0.0,0.0,0,0.0
oracle_visible_state,0,44,authority_conflict,True,True,True,True,go,oracle-visible-state,1,0,1,1.0,0.0,0,0.0,0.0,0.0,0,0.0
benign_agreement,0,44,authority_conflict,True,True,True,True,go,dominant-support-certificate,1,1,0,1.0,0.0,0,0.0,0.0,0.0,0,0.0
provenance_preserving,0,45,freshness_conflict,True,True,False,True,hold,uncertified-dominance-failed:etaOnTime,0,1,1,1.0,0.0,0,0.0,0.0,1.0,0,0.0
provenance_erased,0,45,freshness_conflict,True,True,False,True,hold,uncertified-dominance-failed:ready;craneOK;etaOnTime;weatherSafe,0,1,1,1.0,0.0,0,0.0,0.0,1.0,0,0.0
random_label_placebo,0,45,freshness_conflict,True,True,False,True,hold,uncertified-dominance-failed:etaOnTime,0,1,1,1.0,0.0,0,0.0,0.0,1.0,0,0.0
labels_without_gating,0,45,freshness_conflict,True,True,False,True,go,ungated-base-proposal,0,0,1,0.0,1.0,1,0.0,0.0,0.0,0,0.0
oracle_visible_state,0,45,freshness_conflict,True,True,False,True,hold,oracle-visible-state,1,0,1,1.0,0.0,0,0.0,0.0,0.0,0,0.0
benign_agreement,0,45,freshness_conflict,True,True,False,True,hold,base-proposal-hold,0,0,0,1.0,0.0,0,0.0,0.0,0.0,0,0.0
provenance_preserving,0,46,context_conflict,True,True,True,True,go,dominant-support-certificate,1,1,1,1.0,0.0,0,0.0,0.0,0.0,0,0.0
provenance_erased,0,46,context_conflict,True,True,True,True,hold,uncertified-dominance-failed:ready;craneOK;etaOnTime;weatherSafe,0,1,1,0.0,1.0,0,1.0,1.0,1.0,0,1.0
random_label_placebo,0,46,context_conflict,True,True,True,True,go,dominant-support-certificate,1,1,1,1.0,0.0,0,0.0,0.0,0.0,0,0.0
labels_without_gating,0,46,context_conflict,True,True,True,True,go,ungated-base-proposal,0,0,1,1.0,0.0,0,0.0,0.0,0.0,0,0.0
oracle_visible_state,0,46,context_conflict,True,True,True,True,go,oracle-visible-state,1,0,1,1.0,0.0,0,0.0,0.0,0.0,0,0.0
benign_agreement,0,46,context_conflict,True,True,True,True,go,dominant-support-certificate,1,1,0,1.0,0.0,0,0.0,0.0,0.0,0,0.0
provenance_preserving,0,47,human_override,True,True,True,False,hold,uncertified-dominance-failed:weatherSafe,0,1,1,1.0,0.0,0,0.0,0.0,1.0,0,0.0
provenance_erased,0,47,human_override,True,True,True,False,hold,uncertified-dominance-failed:ready;craneOK;etaOnTime;weatherSafe,0,1,1,1.0,0.0,0,0.0,0.0,1.0,0,0.0
random_label_placebo,0,47,human_override,True,True,True,False,hold,uncertified-dominance-failed:weatherSafe,0,1,1,1.0,0.0,0,0.0,0.0,1.0,0,0.0
labels_without_gating,0,47,human_override,True,True,True,False,go,ungated-base-proposal,0,0,1,0.0,1.0,1,0.0,0.0,0.0,0,0.0
oracle_visible_state,0,47,human_override,True,True,True,False,hold,oracle-visible-state,1,0,1,1.0,0.0,0,0.0,0.0,0.0,0,0.0
benign_agreement,0,47,human_override,True,True,True,False,hold,base-proposal-hold,0,0,0,1.0,0.0,0,0.0,0.0,0.0,0,0.0
provenance_preserving,0,48,authority_conflict,True,True,True,True,go,dominant-support-certificate,1,1,1,1.0,0.0,0,0.0,0.0,0.0,0,0.0
provenance_erased,0,48,authority_conflict,True,True,True,True,hold,uncertified-dominance-failed:ready;craneOK;etaOnTime;weatherSafe,0,1,1,0.0,1.0,0,1.0,1.0,1.0,0,1.0
random_label_placebo,0,48,authority_conflict,True,True,True,True,go,dominant-support-certificate,1,1,1,1.0,0.0,0,0.0,0.0,0.0,0,0.0
labels_without_gating,0,48,authority_conflict,True,True,True,True,go,ungated-base-proposal,0,0,1,1.0,0.0,0,0.0,0.0,0.0,0,0.0
oracle_visible_state,0,48,authority_conflict,True,True,True,True,go,oracle-visible-state,1,0,1,1.0,0.0,0,0.0,0.0,0.0,0,0.0
benign_agreement,0,48,authority_conflict,True,True,True,True,go,dominant-support-certificate,1,1,0,1.0,0.0,0,0.0,0.0,0.0,0,0.0
provenance_preserving,0,49,freshness_conflict,True,True,False,True,hold,uncertified-dominance-failed:etaOnTime,0,1,1,1.0,0.0,0,0.0,0.0,1.0,0,0.0
provenance_erased,0,49,freshness_conflict,True,True,False,True,hold,uncertified-dominance-failed:ready;craneOK;etaOnTime;weatherSafe,0,1,1,1.0,0.0,0,0.0,0.0,1.0,0,0.0
random_label_placebo,0,49,freshness_conflict,True,True,False,True,hold,uncertified-dominance-failed:etaOnTime,0,1,1,1.0,0.0,0,0.0,0.0,1.0,0,0.0
labels_without_gating,0,49,freshness_conflict,True,True,False,True,go,ungated-base-proposal,0,0,1,0.0,1.0,1,0.0,0.0,0.0,0,0.0
oracle_visible_state,0,49,freshness_conflict,True,True,False,True,hold,oracle-visible-state,1,0,1,1.0,0.0,0,0.0,0.0,0.0,0,0.0
benign_agreement,0,49,freshness_conflict,True,True,False,True,hold,base-proposal-hold,0,0,0,1.0,0.0,0,0.0,0.0,0.0,0,0.0
provenance_preserving,0,50,context_conflict,False,True,True,True,hold,uncertified-dominance-failed:ready,0,1,1,1.0,0.0,0,0.0,0.0,1.0,0,0.0
provenance_erased,0,50,context_conflict,False,True,True,True,hold,uncertified-dominance-failed:ready;craneOK;etaOnTime;weatherSafe,0,1,1,1.0,0.0,0,0.0,0.0,1.0,0,0.0
random_label_placebo,0,50,context_conflict,False,True,True,True,hold,uncertified-dominance-failed:ready,0,1,1,1.0,0.0,0,0.0,0.0,1.0,0,0.0
labels_without_gating,0,50,context_conflict,False,True,True,True,go,ungated-base-proposal,0,0,1,0.0,1.0,1,0.0,0.0,0.0,0,0.0
oracle_visible_state,0,50,context_conflict,False,True,True,True,hold,oracle-visible-state,1,0,1,1.0,0.0,0,0.0,0.0,0.0,0,0.0
benign_agreement,0,50,context_conflict,False,True,True,True,hold,base-proposal-hold,0,0,0,1.0,0.0,0,0.0,0.0,0.0,0,0.0
provenance_preserving,0,51,human_override,True,True,True,True,go,dominant-support-certificate,1,1,1,1.0,0.0,0,0.0,0.0,0.0,0,0.0
provenance_erased,0,51,human_override,True,True,True,True,hold,uncertified-dominance-failed:ready;craneOK;etaOnTime;weatherSafe,0,1,1,0.0,1.0,0,1.0,1.0,1.0,0,1.0
random_label_placebo,0,51,human_override,True,True,True,True,go,dominant-support-certificate,1,1,1,1.0,0.0,0,0.0,0.0,0.0,0,0.0
labels_without_gating,0,51,human_override,True,True,True,True,go,ungated-base-proposal,0,0,1,1.0,0.0,0,0.0,0.0,0.0,0,0.0
oracle_visible_state,0,51,human_override,True,True,True,True,go,oracle-visible-state,1,0,1,1.0,0.0,0,0.0,0.0,0.0,0,0.0
benign_agreement,0,51,human_override,True,True,True,True,go,dominant-support-certificate,1,1,0,1.0,0.0,0,0.0,0.0,0.0,0,0.0
provenance_preserving,0,52,authority_conflict,True,True,True,True,go,dominant-support-certificate,1,1,1,1.0,0.0,0,0.0,0.0,0.0,0,0.0
provenance_erased,0,52,authority_conflict,True,True,True,True,hold,uncertified-dominance-failed:ready;craneOK;etaOnTime;weatherSafe,0,1,1,0.0,1.0,0,1.0,1.0,1.0,0,1.0
random_label_placebo,0,52,authority_conflict,True,True,True,True,hold,uncertified-dominance-failed:ready,0,1,1,0.0,1.0,0,1.0,1.0,1.0,0,1.0
labels_without_gating,0,52,authority_conflict,True,True,True,True,go,ungated-base-proposal,0,0,1,1.0,0.0,0,0.0,0.0,0.0,0,0.0
oracle_visible_state,0,52,authority_conflict,True,True,True,True,go,oracle-visible-state,1,0,1,1.0,0.0,0,0.0,0.0,0.0,0,0.0
benign_agreement,0,52,authority_conflict,True,True,True,True,go,dominant-support-certificate,1,1,0,1.0,0.0,0,0.0,0.0,0.0,0,0.0
provenance_preserving,0,53,freshness_conflict,True,True,True,True,go,dominant-support-certificate,1,1,1,1.0,0.0,0,0.0,0.0,0.0,0,0.0
provenance_erased,0,53,freshness_conflict,True,True,True,True,hold,uncertified-dominance-failed:ready;craneOK;etaOnTime;weatherSafe,0,1,1,0.0,1.0,0,1.0,1.0,1.0,0,1.0
random_label_placebo,0,53,freshness_conflict,True,True,True,True,go,dominant-support-certificate,1,1,1,1.0,0.0,0,0.0,0.0,0.0,0,0.0
labels_without_gating,0,53,freshness_conflict,True,True,True,True,go,ungated-base-proposal,0,0,1,1.0,0.0,0,0.0,0.0,0.0,0,0.0
oracle_visible_state,0,53,freshness_conflict,True,True,True,True,go,oracle-visible-state,1,0,1,1.0,0.0,0,0.0,0.0,0.0,0,0.0
benign_agreement,0,53,freshness_conflict,True,True,True,True,go,dominant-support-certificate,1,1,0,1.0,0.0,0,0.0,0.0,0.0,0,0.0
provenance_preserving,0,54,context_conflict,False,True,True,True,hold,uncertified-dominance-failed:ready,0,1,1,1.0,0.0,0,0.0,0.0,1.0,0,0.0
provenance_erased,0,54,context_conflict,False,True,True,True,hold,uncertified-dominance-failed:ready;craneOK;etaOnTime;weatherSafe,0,1,1,1.0,0.0,0,0.0,0.0,1.0,0,0.0
random_label_placebo,0,54,context_conflict,False,True,True,True,hold,uncertified-dominance-failed:ready,0,1,1,1.0,0.0,0,0.0,0.0,1.0,0,0.0
labels_without_gating,0,54,context_conflict,False,True,True,True,go,ungated-base-proposal,0,0,1,0.0,1.0,1,0.0,0.0,0.0,0,0.0
oracle_visible_state,0,54,context_conflict,False,True,True,True,hold,oracle-visible-state,1,0,1,1.0,0.0,0,0.0,0.0,0.0,0,0.0
benign_agreement,0,54,context_conflict,False,True,True,True,hold,base-proposal-hold,0,0,0,1.0,0.0,0,0.0,0.0,0.0,0,0.0
provenance_preserving,0,55,human_override,True,True,True,False,hold,uncertified-dominance-failed:weatherSafe,0,1,1,1.0,0.0,0,0.0,0.0,1.0,0,0.0
provenance_erased,0,55,human_override,True,True,True,False,hold,uncertified-dominance-failed:ready;craneOK;etaOnTime;weatherSafe,0,1,1,1.0,0.0,0,0.0,0.0,1.0,0,0.0
random_label_placebo,0,55,human_override,True,True,True,False,hold,uncertified-dominance-failed:weatherSafe,0,1,1,1.0,0.0,0,0.0,0.0,1.0,0,0.0
labels_without_gating,0,55,human_override,True,True,True,False,go,ungated-base-proposal,0,0,1,0.0,1.0,1,0.0,0.0,0.0,0,0.0
oracle_visible_state,0,55,human_override,True,True,True,False,hold,oracle-visible-state,1,0,1,1.0,0.0,0,0.0,0.0,0.0,0,0.0
benign_agreement,0,55,human_override,True,True,True,False,hold,base-proposal-hold,0,0,0,1.0,0.0,0,0.0,0.0,0.0,0,0.0
provenance_preserving,0,56,authority_conflict,True,True,True,True,go,dominant-support-certificate,1,1,1,1.0,0.0,0,0.0,0.0,0.0,0,0.0
provenance_erased,0,56,authority_conflict,True,True,True,True,hold,uncertified-dominance-failed:ready;craneOK;etaOnTime;weatherSafe,0,1,1,0.0,1.0,0,1.0,1.0,1.0,0,1.0
random_label_placebo,0,56,authority_conflict,True,True,True,True,go,dominant-support-certificate,1,1,1,1.0,0.0,0,0.0,0.0,0.0,0,0.0
labels_without_gating,0,56,authority_conflict,True,True,True,True,go,ungated-base-proposal,0,0,1,1.0,0.0,0,0.0,0.0,0.0,0,0.0
oracle_visible_state,0,56,authority_conflict,True,True,True,True,go,oracle-visible-state,1,0,1,1.0,0.0,0,0.0,0.0,0.0,0,0.0
benign_agreement,0,56,authority_conflict,True,True,True,True,go,dominant-support-certificate,1,1,0,1.0,0.0,0,0.0,0.0,0.0,0,0.0
provenance_preserving,0,57,freshness_conflict,True,True,False,True,hold,uncertified-dominance-failed:etaOnTime,0,1,1,1.0,0.0,0,0.0,0.0,1.0,0,0.0
provenance_erased,0,57,freshness_conflict,True,True,False,True,hold,uncertified-dominance-failed:ready;craneOK;etaOnTime;weatherSafe,0,1,1,1.0,0.0,0,0.0,0.0,1.0,0,0.0
random_label_placebo,0,57,freshness_conflict,True,True,False,True,hold,uncertified-dominance-failed:etaOnTime,0,1,1,1.0,0.0,0,0.0,0.0,1.0,0,0.0
labels_without_gating,0,57,freshness_conflict,True,True,False,True,go,ungated-base-proposal,0,0,1,0.0,1.0,1,0.0,0.0,0.0,0,0.0
oracle_visible_state,0,57,freshness_conflict,True,True,False,True,hold,oracle-visible-state,1,0,1,1.0,0.0,0,0.0,0.0,0.0,0,0.0
benign_agreement,0,57,freshness_conflict,True,True,False,True,hold,base-proposal-hold,0,0,0,1.0,0.0,0,0.0,0.0,0.0,0,0.0
provenance_preserving,0,58,context_conflict,False,True,True,True,hold,uncertified-dominance-failed:ready,0,1,1,1.0,0.0,0,0.0,0.0,1.0,0,0.0
provenance_erased,0,58,context_conflict,False,True,True,True,hold,uncertified-dominance-failed:ready;craneOK;etaOnTime;weatherSafe,0,1,1,1.0,0.0,0,0.0,0.0,1.0,0,0.0
random_label_placebo,0,58,context_conflict,False,True,True,True,go,dominant-support-certificate,1,1,1,0.0,1.0,1,0.0,0.0,0.0,1,0.0
labels_without_gating,0,58,context_conflict,False,True,True,True,go,ungated-base-proposal,0,0,1,0.0,1.0,1,0.0,0.0,0.0,0,0.0
oracle_visible_state,0,58,context_conflict,False,True,True,True,hold,oracle-visible-state,1,0,1,1.0,0.0,0,0.0,0.0,0.0,0,0.0
benign_agreement,0,58,context_conflict,False,True,True,True,hold,base-proposal-hold,0,0,0,1.0,0.0,0,0.0,0.0,0.0,0,0.0
provenance_preserving,0,59,human_override,True,True,True,False,hold,uncertified-dominance-failed:weatherSafe,0,1,1,1.0,0.0,0,0.0,0.0,1.0,0,0.0
provenance_erased,0,59,human_override,True,True,True,False,hold,uncertified-dominance-failed:ready;craneOK;etaOnTime;weatherSafe,0,1,1,1.0,0.0,0,0.0,0.0,1.0,0,0.0
random_label_placebo,0,59,human_override,True,True,True,False,hold,uncertified-dominance-failed:weatherSafe,0,1,1,1.0,0.0,0,0.0,0.0,1.0,0,0.0
labels_without_gating,0,59,human_override,True,True,True,False,go,ungated-base-proposal,0,0,1,0.0,1.0,1,0.0,0.0,0.0,0,0.0
oracle_visible_state,0,59,human_override,True,True,True,False,hold,oracle-visible-state,1,0,1,1.0,0.0,0,0.0,0.0,0.0,0,0.0
benign_agreement,0,59,human_override,True,True,True,False,hold,base-proposal-hold,0,0,0,1.0,0.0,0,0.0,0.0,0.0,0,0.0
provenance_preserving,0,60,authority_conflict,False,True,True,True,hold,uncertified-dominance-failed:ready,0,1,1,1.0,0.0,0,0.0,0.0,1.0,0,0.0
provenance_erased,0,60,authority_conflict,False,True,True,True,hold,uncertified-dominance-failed:ready;craneOK;etaOnTime;weatherSafe,0,1,1,1.0,0.0,0,0.0,0.0,1.0,0,0.0
random_label_placebo,0,60,authority_conflict,False,True,True,True,hold,uncertified-dominance-failed:ready,0,1,1,1.0,0.0,0,0.0,0.0,1.0,0,0.0
labels_without_gating,0,60,authority_conflict,False,True,True,True,go,ungated-base-proposal,0,0,1,0.0,1.0,1,0.0,0.0,0.0,0,0.0
oracle_visible_state,0,60,authority_conflict,False,True,True,True,hold,oracle-visible-state,1,0,1,1.0,0.0,0,0.0,0.0,0.0,0,0.0
benign_agreement,0,60,authority_conflict,False,True,True,True,hold,base-proposal-hold,0,0,0,1.0,0.0,0,0.0,0.0,0.0,0,0.0
provenance_preserving,0,61,freshness_conflict,True,True,False,True,hold,uncertified-dominance-failed:etaOnTime,0,1,1,1.0,0.0,0,0.0,0.0,1.0,0,0.0
provenance_erased,0,61,freshness_conflict,True,True,False,True,hold,uncertified-dominance-failed:ready;craneOK;etaOnTime;weatherSafe,0,1,1,1.0,0.0,0,0.0,0.0,1.0,0,0.0
random_label_placebo,0,61,freshness_conflict,True,True,False,True,hold,uncertified-dominance-failed:etaOnTime,0,1,1,1.0,0.0,0,0.0,0.0,1.0,0,0.0
labels_without_gating,0,61,freshness_conflict,True,True,False,True,go,ungated-base-proposal,0,0,1,0.0,1.0,1,0.0,0.0,0.0,0,0.0
oracle_visible_state,0,61,freshness_conflict,True,True,False,True,hold,oracle-visible-state,1,0,1,1.0,0.0,0,0.0,0.0,0.0,0,0.0
benign_agreement,0,61,freshness_conflict,True,True,False,True,hold,base-proposal-hold,0,0,0,1.0,0.0,0,0.0,0.0,0.0,0,0.0
provenance_preserving,0,62,context_conflict,False,True,True,True,hold,uncertified-dominance-failed:ready,0,1,1,1.0,0.0,0,0.0,0.0,1.0,0,0.0
provenance_erased,0,62,context_conflict,False,True,True,True,hold,uncertified-dominance-failed:ready;craneOK;etaOnTime;weatherSafe,0,1,1,1.0,0.0,0,0.0,0.0,1.0,0,0.0
random_label_placebo,0,62,context_conflict,False,True,True,True,hold,uncertified-dominance-failed:ready,0,1,1,1.0,0.0,0,0.0,0.0,1.0,0,0.0
labels_without_gating,0,62,context_conflict,False,True,True,True,go,ungated-base-proposal,0,0,1,0.0,1.0,1,0.0,0.0,0.0,0,0.0
oracle_visible_state,0,62,context_conflict,False,True,True,True,hold,oracle-visible-state,1,0,1,1.0,0.0,0,0.0,0.0,0.0,0,0.0
benign_agreement,0,62,context_conflict,False,True,True,True,hold,base-proposal-hold,0,0,0,1.0,0.0,0,0.0,0.0,0.0,0,0.0
provenance_preserving,0,63,human_override,True,True,True,False,hold,uncertified-dominance-failed:weatherSafe,0,1,1,1.0,0.0,0,0.0,0.0,1.0,0,0.0
provenance_erased,0,63,human_override,True,True,True,False,hold,uncertified-dominance-failed:ready;craneOK;etaOnTime;weatherSafe,0,1,1,1.0,0.0,0,0.0,0.0,1.0,0,0.0
random_label_placebo,0,63,human_override,True,True,True,False,go,dominant-support-certificate,1,1,1,0.0,1.0,1,0.0,0.0,0.0,1,0.0
labels_without_gating,0,63,human_override,True,True,True,False,go,ungated-base-proposal,0,0,1,0.0,1.0,1,0.0,0.0,0.0,0,0.0
oracle_visible_state,0,63,human_override,True,True,True,False,hold,oracle-visible-state,1,0,1,1.0,0.0,0,0.0,0.0,0.0,0,0.0
benign_agreement,0,63,human_override,True,True,True,False,hold,base-proposal-hold,0,0,0,1.0,0.0,0,0.0,0.0,0.0,0,0.0
provenance_preserving,0,64,authority_conflict,False,True,True,True,hold,uncertified-dominance-failed:ready,0,1,1,1.0,0.0,0,0.0,0.0,1.0,0,0.0
provenance_erased,0,64,authority_conflict,False,True,True,True,hold,uncertified-dominance-failed:ready;craneOK;etaOnTime;weatherSafe,0,1,1,1.0,0.0,0,0.0,0.0,1.0,0,0.0
random_label_placebo,0,64,authority_conflict,False,True,True,True,hold,uncertified-dominance-failed:ready,0,1,1,1.0,0.0,0,0.0,0.0,1.0,0,0.0
labels_without_gating,0,64,authority_conflict,False,True,True,True,go,ungated-base-proposal,0,0,1,0.0,1.0,1,0.0,0.0,0.0,0,0.0
oracle_visible_state,0,64,authority_conflict,False,True,True,True,hold,oracle-visible-state,1,0,1,1.0,0.0,0,0.0,0.0,0.0,0,0.0
benign_agreement,0,64,authority_conflict,False,True,True,True,hold,base-proposal-hold,0,0,0,1.0,0.0,0,0.0,0.0,0.0,0,0.0
provenance_preserving,0,65,freshness_conflict,True,True,True,True,go,dominant-support-certificate,1,1,1,1.0,0.0,0,0.0,0.0,0.0,0,0.0
provenance_erased,0,65,freshness_conflict,True,True,True,True,hold,uncertified-dominance-failed:ready;craneOK;etaOnTime;weatherSafe,0,1,1,0.0,1.0,0,1.0,1.0,1.0,0,1.0
random_label_placebo,0,65,freshness_conflict,True,True,True,True,go,dominant-support-certificate,1,1,1,1.0,0.0,0,0.0,0.0,0.0,0,0.0
labels_without_gating,0,65,freshness_conflict,True,True,True,True,go,ungated-base-proposal,0,0,1,1.0,0.0,0,0.0,0.0,0.0,0,0.0
oracle_visible_state,0,65,freshness_conflict,True,True,True,True,go,oracle-visible-state,1,0,1,1.0,0.0,0,0.0,0.0,0.0,0,0.0
benign_agreement,0,65,freshness_conflict,True,True,True,True,go,dominant-support-certificate,1,1,0,1.0,0.0,0,0.0,0.0,0.0,0,0.0
provenance_preserving,0,66,context_conflict,False,True,True,True,hold,uncertified-dominance-failed:ready,0,1,1,1.0,0.0,0,0.0,0.0,1.0,0,0.0
provenance_erased,0,66,context_conflict,False,True,True,True,hold,uncertified-dominance-failed:ready;craneOK;etaOnTime;weatherSafe,0,1,1,1.0,0.0,0,0.0,0.0,1.0,0,0.0
random_label_placebo,0,66,context_conflict,False,True,True,True,hold,uncertified-dominance-failed:ready,0,1,1,1.0,0.0,0,0.0,0.0,1.0,0,0.0
labels_without_gating,0,66,context_conflict,False,True,True,True,go,ungated-base-proposal,0,0,1,0.0,1.0,1,0.0,0.0,0.0,0,0.0
oracle_visible_state,0,66,context_conflict,False,True,True,True,hold,oracle-visible-state,1,0,1,1.0,0.0,0,0.0,0.0,0.0,0,0.0
benign_agreement,0,66,context_conflict,False,True,True,True,hold,base-proposal-hold,0,0,0,1.0,0.0,0,0.0,0.0,0.0,0,0.0
provenance_preserving,0,67,human_override,True,True,True,True,go,dominant-support-certificate,1,1,1,1.0,0.0,0,0.0,0.0,0.0,0,0.0
provenance_erased,0,67,human_override,True,True,True,True,hold,uncertified-dominance-failed:ready;craneOK;etaOnTime;weatherSafe,0,1,1,0.0,1.0,0,1.0,1.0,1.0,0,1.0
random_label_placebo,0,67,human_override,True,True,True,True,go,dominant-support-certificate,1,1,1,1.0,0.0,0,0.0,0.0,0.0,0,0.0
labels_without_gating,0,67,human_override,True,True,True,True,go,ungated-base-proposal,0,0,1,1.0,0.0,0,0.0,0.0,0.0,0,0.0
oracle_visible_state,0,67,human_override,True,True,True,True,go,oracle-visible-state,1,0,1,1.0,0.0,0,0.0,0.0,0.0,0,0.0
benign_agreement,0,67,human_override,True,True,True,True,go,dominant-support-certificate,1,1,0,1.0,0.0,0,0.0,0.0,0.0,0,0.0
provenance_preserving,0,68,authority_conflict,False,True,True,True,hold,uncertified-dominance-failed:ready,0,1,1,1.0,0.0,0,0.0,0.0,1.0,0,0.0
provenance_erased,0,68,authority_conflict,False,True,True,True,hold,uncertified-dominance-failed:ready;craneOK;etaOnTime;weatherSafe,0,1,1,1.0,0.0,0,0.0,0.0,1.0,0,0.0
random_label_placebo,0,68,authority_conflict,False,True,True,True,go,dominant-support-certificate,1,1,1,0.0,1.0,1,0.0,0.0,0.0,1,0.0
labels_without_gating,0,68,authority_conflict,False,True,True,True,go,ungated-base-proposal,0,0,1,0.0,1.0,1,0.0,0.0,0.0,0,0.0
oracle_visible_state,0,68,authority_conflict,False,True,True,True,hold,oracle-visible-state,1,0,1,1.0,0.0,0,0.0,0.0,0.0,0,0.0
benign_agreement,0,68,authority_conflict,False,True,True,True,hold,base-proposal-hold,0,0,0,1.0,0.0,0,0.0,0.0,0.0,0,0.0
provenance_preserving,0,69,freshness_conflict,True,True,True,True,go,dominant-support-certificate,1,1,1,1.0,0.0,0,0.0,0.0,0.0,0,0.0
provenance_erased,0,69,freshness_conflict,True,True,True,True,hold,uncertified-dominance-failed:ready;craneOK;etaOnTime;weatherSafe,0,1,1,0.0,1.0,0,1.0,1.0,1.0,0,1.0
random_label_placebo,0,69,freshness_conflict,True,True,True,True,go,dominant-support-certificate,1,1,1,1.0,0.0,0,0.0,0.0,0.0,0,0.0
labels_without_gating,0,69,freshness_conflict,True,True,True,True,go,ungated-base-proposal,0,0,1,1.0,0.0,0,0.0,0.0,0.0,0,0.0
oracle_visible_state,0,69,freshness_conflict,True,True,True,True,go,oracle-visible-state,1,0,1,1.0,0.0,0,0.0,0.0,0.0,0,0.0
benign_agreement,0,69,freshness_conflict,True,True,True,True,go,dominant-support-certificate,1,1,0,1.0,0.0,0,0.0,0.0,0.0,0,0.0
provenance_preserving,0,70,context_conflict,True,True,True,True,go,dominant-support-certificate,1,1,1,1.0,0.0,0,0.0,0.0,0.0,0,0.0
provenance_erased,0,70,context_conflict,True,True,True,True,hold,uncertified-dominance-failed:ready;craneOK;etaOnTime;weatherSafe,0,1,1,0.0,1.0,0,1.0,1.0,1.0,0,1.0
random_label_placebo,0,70,context_conflict,True,True,True,True,go,dominant-support-certificate,1,1,1,1.0,0.0,0,0.0,0.0,0.0,0,0.0
labels_without_gating,0,70,context_conflict,True,True,True,True,go,ungated-base-proposal,0,0,1,1.0,0.0,0,0.0,0.0,0.0,0,0.0
oracle_visible_state,0,70,context_conflict,True,True,True,True,go,oracle-visible-state,1,0,1,1.0,0.0,0,0.0,0.0,0.0,0,0.0
benign_agreement,0,70,context_conflict,True,True,True,True,go,dominant-support-certificate,1,1,0,1.0,0.0,0,0.0,0.0,0.0,0,0.0
provenance_preserving,0,71,human_override,True,True,True,True,go,dominant-support-certificate,1,1,1,1.0,0.0,0,0.0,0.0,0.0,0,0.0
provenance_erased,0,71,human_override,True,True,True,True,hold,uncertified-dominance-failed:ready;craneOK;etaOnTime;weatherSafe,0,1,1,0.0,1.0,0,1.0,1.0,1.0,0,1.0
random_label_placebo,0,71,human_override,True,True,True,True,go,dominant-support-certificate,1,1,1,1.0,0.0,0,0.0,0.0,0.0,0,0.0
labels_without_gating,0,71,human_override,True,True,True,True,go,ungated-base-proposal,0,0,1,1.0,0.0,0,0.0,0.0,0.0,0,0.0
oracle_visible_state,0,71,human_override,True,True,True,True,go,oracle-visible-state,1,0,1,1.0,0.0,0,0.0,0.0,0.0,0,0.0
benign_agreement,0,71,human_override,True,True,True,True,go,dominant-support-certificate,1,1,0,1.0,0.0,0,0.0,0.0,0.0,0,0.0
provenance_preserving,0,72,authority_conflict,False,True,True,True,hold,uncertified-dominance-failed:ready,0,1,1,1.0,0.0,0,0.0,0.0,1.0,0,0.0
provenance_erased,0,72,authority_conflict,False,True,True,True,hold,uncertified-dominance-failed:ready;craneOK;etaOnTime;weatherSafe,0,1,1,1.0,0.0,0,0.0,0.0,1.0,0,0.0
random_label_placebo,0,72,authority_conflict,False,True,True,True,go,dominant-support-certificate,1,1,1,0.0,1.0,1,0.0,0.0,0.0,1,0.0
labels_without_gating,0,72,authority_conflict,False,True,True,True,go,ungated-base-proposal,0,0,1,0.0,1.0,1,0.0,0.0,0.0,0,0.0
oracle_visible_state,0,72,authority_conflict,False,True,True,True,hold,oracle-visible-state,1,0,1,1.0,0.0,0,0.0,0.0,0.0,0,0.0
benign_agreement,0,72,authority_conflict,False,True,True,True,hold,base-proposal-hold,0,0,0,1.0,0.0,0,0.0,0.0,0.0,0,0.0
provenance_preserving,0,73,freshness_conflict,True,True,False,True,hold,uncertified-dominance-failed:etaOnTime,0,1,1,1.0,0.0,0,0.0,0.0,1.0,0,0.0
provenance_erased,0,73,freshness_conflict,True,True,False,True,hold,uncertified-dominance-failed:ready;craneOK;etaOnTime;weatherSafe,0,1,1,1.0,0.0,0,0.0,0.0,1.0,0,0.0
random_label_placebo,0,73,freshness_conflict,True,True,False,True,hold,uncertified-dominance-failed:etaOnTime,0,1,1,1.0,0.0,0,0.0,0.0,1.0,0,0.0
labels_without_gating,0,73,freshness_conflict,True,True,False,True,go,ungated-base-proposal,0,0,1,0.0,1.0,1,0.0,0.0,0.0,0,0.0
oracle_visible_state,0,73,freshness_conflict,True,True,False,True,hold,oracle-visible-state,1,0,1,1.0,0.0,0,0.0,0.0,0.0,0,0.0
benign_agreement,0,73,freshness_conflict,True,True,False,True,hold,base-proposal-hold,0,0,0,1.0,0.0,0,0.0,0.0,0.0,0,0.0
provenance_preserving,0,74,context_conflict,True,True,True,True,go,dominant-support-certificate,1,1,1,1.0,0.0,0,0.0,0.0,0.0,0,0.0
provenance_erased,0,74,context_conflict,True,True,True,True,hold,uncertified-dominance-failed:ready;craneOK;etaOnTime;weatherSafe,0,1,1,0.0,1.0,0,1.0,1.0,1.0,0,1.0
random_label_placebo,0,74,context_conflict,True,True,True,True,hold,uncertified-dominance-failed:ready,0,1,1,0.0,1.0,0,1.0,1.0,1.0,0,1.0
labels_without_gating,0,74,context_conflict,True,True,True,True,go,ungated-base-proposal,0,0,1,1.0,0.0,0,0.0,0.0,0.0,0,0.0
oracle_visible_state,0,74,context_conflict,True,True,True,True,go,oracle-visible-state,1,0,1,1.0,0.0,0,0.0,0.0,0.0,0,0.0
benign_agreement,0,74,context_conflict,True,True,True,True,go,dominant-support-certificate,1,1,0,1.0,0.0,0,0.0,0.0,0.0,0,0.0
provenance_preserving,0,75,human_override,True,True,True,True,go,dominant-support-certificate,1,1,1,1.0,0.0,0,0.0,0.0,0.0,0,0.0
provenance_erased,0,75,human_override,True,True,True,True,hold,uncertified-dominance-failed:ready;craneOK;etaOnTime;weatherSafe,0,1,1,0.0,1.0,0,1.0,1.0,1.0,0,1.0
random_label_placebo,0,75,human_override,True,True,True,True,hold,uncertified-dominance-failed:weatherSafe,0,1,1,0.0,1.0,0,1.0,1.0,1.0,0,1.0
labels_without_gating,0,75,human_override,True,True,True,True,go,ungated-base-proposal,0,0,1,1.0,0.0,0,0.0,0.0,0.0,0,0.0
oracle_visible_state,0,75,human_override,True,True,True,True,go,oracle-visible-state,1,0,1,1.0,0.0,0,0.0,0.0,0.0,0,0.0
benign_agreement,0,75,human_override,True,True,True,True,go,dominant-support-certificate,1,1,0,1.0,0.0,0,0.0,0.0,0.0,0,0.0
provenance_preserving,0,76,authority_conflict,False,True,True,True,hold,uncertified-dominance-failed:ready,0,1,1,1.0,0.0,0,0.0,0.0,1.0,0,0.0
provenance_erased,0,76,authority_conflict,False,True,True,True,hold,uncertified-dominance-failed:ready;craneOK;etaOnTime;weatherSafe,0,1,1,1.0,0.0,0,0.0,0.0,1.0,0,0.0
random_label_placebo,0,76,authority_conflict,False,True,True,True,hold,uncertified-dominance-failed:ready,0,1,1,1.0,0.0,0,0.0,0.0,1.0,0,0.0
labels_without_gating,0,76,authority_conflict,False,True,True,True,go,ungated-base-proposal,0,0,1,0.0,1.0,1,0.0,0.0,0.0,0,0.0
oracle_visible_state,0,76,authority_conflict,False,True,True,True,hold,oracle-visible-state,1,0,1,1.0,0.0,0,0.0,0.0,0.0,0,0.0
benign_agreement,0,76,authority_conflict,False,True,True,True,hold,base-proposal-hold,0,0,0,1.0,0.0,0,0.0,0.0,0.0,0,0.0
provenance_preserving,0,77,freshness_conflict,True,True,False,True,hold,uncertified-dominance-failed:etaOnTime,0,1,1,1.0,0.0,0,0.0,0.0,1.0,0,0.0
provenance_erased,0,77,freshness_conflict,True,True,False,True,hold,uncertified-dominance-failed:ready;craneOK;etaOnTime;weatherSafe,0,1,1,1.0,0.0,0,0.0,0.0,1.0,0,0.0
random_label_placebo,0,77,freshness_conflict,True,True,False,True,hold,uncertified-dominance-failed:etaOnTime,0,1,1,1.0,0.0,0,0.0,0.0,1.0,0,0.0
labels_without_gating,0,77,freshness_conflict,True,True,False,True,go,ungated-base-proposal,0,0,1,0.0,1.0,1,0.0,0.0,0.0,0,0.0
oracle_visible_state,0,77,freshness_conflict,True,True,False,True,hold,oracle-visible-state,1,0,1,1.0,0.0,0,0.0,0.0,0.0,0,0.0
benign_agreement,0,77,freshness_conflict,True,True,False,True,hold,base-proposal-hold,0,0,0,1.0,0.0,0,0.0,0.0,0.0,0,0.0
provenance_preserving,0,78,context_conflict,False,True,True,True,hold,uncertified-dominance-failed:ready,0,1,1,1.0,0.0,0,0.0,0.0,1.0,0,0.0
provenance_erased,0,78,context_conflict,False,True,True,True,hold,uncertified-dominance-failed:ready;craneOK;etaOnTime;weatherSafe,0,1,1,1.0,0.0,0,0.0,0.0,1.0,0,0.0
random_label_placebo,0,78,context_conflict,False,True,True,True,go,dominant-support-certificate,1,1,1,0.0,1.0,1,0.0,0.0,0.0,1,0.0
labels_without_gating,0,78,context_conflict,False,True,True,True,go,ungated-base-proposal,0,0,1,0.0,1.0,1,0.0,0.0,0.0,0,0.0
oracle_visible_state,0,78,context_conflict,False,True,True,True,hold,oracle-visible-state,1,0,1,1.0,0.0,0,0.0,0.0,0.0,0,0.0
benign_agreement,0,78,context_conflict,False,True,True,True,hold,base-proposal-hold,0,0,0,1.0,0.0,0,0.0,0.0,0.0,0,0.0
provenance_preserving,0,79,human_override,True,True,True,False,hold,uncertified-dominance-failed:weatherSafe,0,1,1,1.0,0.0,0,0.0,0.0,1.0,0,0.0
provenance_erased,0,79,human_override,True,True,True,False,hold,uncertified-dominance-failed:ready;craneOK;etaOnTime;weatherSafe,0,1,1,1.0,0.0,0,0.0,0.0,1.0,0,0.0
random_label_placebo,0,79,human_override,True,True,True,False,go,dominant-support-certificate,1,1,1,0.0,1.0,1,0.0,0.0,0.0,1,0.0
labels_without_gating,0,79,human_override,True,True,True,False,go,ungated-base-proposal,0,0,1,0.0,1.0,1,0.0,0.0,0.0,0,0.0
oracle_visible_state,0,79,human_override,True,True,True,False,hold,oracle-visible-state,1,0,1,1.0,0.0,0,0.0,0.0,0.0,0,0.0
benign_agreement,0,79,human_override,True,True,True,False,hold,base-proposal-hold,0,0,0,1.0,0.0,0,0.0,0.0,0.0,0,0.0
provenance_preserving,1,0,authority_conflict,True,True,True,True,go,dominant-support-certificate,1,1,1,1.0,0.0,0,0.0,0.0,0.0,0,0.0
provenance_erased,1,0,authority_conflict,True,True,True,True,hold,uncertified-dominance-failed:ready;craneOK;etaOnTime;weatherSafe,0,1,1,0.0,1.0,0,1.0,1.0,1.0,0,1.0
random_label_placebo,1,0,authority_conflict,True,True,True,True,hold,uncertified-dominance-failed:ready,0,1,1,0.0,1.0,0,1.0,1.0,1.0,0,1.0
labels_without_gating,1,0,authority_conflict,True,True,True,True,go,ungated-base-proposal,0,0,1,1.0,0.0,0,0.0,0.0,0.0,0,0.0
oracle_visible_state,1,0,authority_conflict,True,True,True,True,go,oracle-visible-state,1,0,1,1.0,0.0,0,0.0,0.0,0.0,0,0.0
benign_agreement,1,0,authority_conflict,True,True,True,True,go,dominant-support-certificate,1,1,0,1.0,0.0,0,0.0,0.0,0.0,0,0.0
provenance_preserving,1,1,freshness_conflict,True,True,False,True,hold,uncertified-dominance-failed:etaOnTime,0,1,1,1.0,0.0,0,0.0,0.0,1.0,0,0.0
provenance_erased,1,1,freshness_conflict,True,True,False,True,hold,uncertified-dominance-failed:ready;craneOK;etaOnTime;weatherSafe,0,1,1,1.0,0.0,0,0.0,0.0,1.0,0,0.0
random_label_placebo,1,1,freshness_conflict,True,True,False,True,hold,uncertified-dominance-failed:etaOnTime,0,1,1,1.0,0.0,0,0.0,0.0,1.0,0,0.0
labels_without_gating,1,1,freshness_conflict,True,True,False,True,go,ungated-base-proposal,0,0,1,0.0,1.0,1,0.0,0.0,0.0,0,0.0
oracle_visible_state,1,1,freshness_conflict,True,True,False,True,hold,oracle-visible-state,1,0,1,1.0,0.0,0,0.0,0.0,0.0,0,0.0
benign_agreement,1,1,freshness_conflict,True,True,False,True,hold,base-proposal-hold,0,0,0,1.0,0.0,0,0.0,0.0,0.0,0,0.0
provenance_preserving,1,2,context_conflict,False,True,True,True,hold,uncertified-dominance-failed:ready,0,1,1,1.0,0.0,0,0.0,0.0,1.0,0,0.0
provenance_erased,1,2,context_conflict,False,True,True,True,hold,uncertified-dominance-failed:ready;craneOK;etaOnTime;weatherSafe,0,1,1,1.0,0.0,0,0.0,0.0,1.0,0,0.0
random_label_placebo,1,2,context_conflict,False,True,True,True,go,dominant-support-certificate,1,1,1,0.0,1.0,1,0.0,0.0,0.0,1,0.0
labels_without_gating,1,2,context_conflict,False,True,True,True,go,ungated-base-proposal,0,0,1,0.0,1.0,1,0.0,0.0,0.0,0,0.0
oracle_visible_state,1,2,context_conflict,False,True,True,True,hold,oracle-visible-state,1,0,1,1.0,0.0,0,0.0,0.0,0.0,0,0.0
benign_agreement,1,2,context_conflict,False,True,True,True,hold,base-proposal-hold,0,0,0,1.0,0.0,0,0.0,0.0,0.0,0,0.0
provenance_preserving,1,3,human_override,True,True,True,True,go,dominant-support-certificate,1,1,1,1.0,0.0,0,0.0,0.0,0.0,0,0.0
provenance_erased,1,3,human_override,True,True,True,True,hold,uncertified-dominance-failed:ready;craneOK;etaOnTime;weatherSafe,0,1,1,0.0,1.0,0,1.0,1.0,1.0,0,1.0
random_label_placebo,1,3,human_override,True,True,True,True,hold,uncertified-dominance-failed:weatherSafe,0,1,1,0.0,1.0,0,1.0,1.0,1.0,0,1.0
labels_without_gating,1,3,human_override,True,True,True,True,go,ungated-base-proposal,0,0,1,1.0,0.0,0,0.0,0.0,0.0,0,0.0
oracle_visible_state,1,3,human_override,True,True,True,True,go,oracle-visible-state,1,0,1,1.0,0.0,0,0.0,0.0,0.0,0,0.0
benign_agreement,1,3,human_override,True,True,True,True,go,dominant-support-certificate,1,1,0,1.0,0.0,0,0.0,0.0,0.0,0,0.0
provenance_preserving,1,4,authority_conflict,True,True,True,True,go,dominant-support-certificate,1,1,1,1.0,0.0,0,0.0,0.0,0.0,0,0.0
provenance_erased,1,4,authority_conflict,True,True,True,True,hold,uncertified-dominance-failed:ready;craneOK;etaOnTime;weatherSafe,0,1,1,0.0,1.0,0,1.0,1.0,1.0,0,1.0
random_label_placebo,1,4,authority_conflict,True,True,True,True,go,dominant-support-certificate,1,1,1,1.0,0.0,0,0.0,0.0,0.0,0,0.0
labels_without_gating,1,4,authority_conflict,True,True,True,True,go,ungated-base-proposal,0,0,1,1.0,0.0,0,0.0,0.0,0.0,0,0.0
oracle_visible_state,1,4,authority_conflict,True,True,True,True,go,oracle-visible-state,1,0,1,1.0,0.0,0,0.0,0.0,0.0,0,0.0
benign_agreement,1,4,authority_conflict,True,True,True,True,go,dominant-support-certificate,1,1,0,1.0,0.0,0,0.0,0.0,0.0,0,0.0
provenance_preserving,1,5,freshness_conflict,True,True,True,True,go,dominant-support-certificate,1,1,1,1.0,0.0,0,0.0,0.0,0.0,0,0.0
provenance_erased,1,5,freshness_conflict,True,True,True,True,hold,uncertified-dominance-failed:ready;craneOK;etaOnTime;weatherSafe,0,1,1,0.0,1.0,0,1.0,1.0,1.0,0,1.0
random_label_placebo,1,5,freshness_conflict,True,True,True,True,go,dominant-support-certificate,1,1,1,1.0,0.0,0,0.0,0.0,0.0,0,0.0
labels_without_gating,1,5,freshness_conflict,True,True,True,True,go,ungated-base-proposal,0,0,1,1.0,0.0,0,0.0,0.0,0.0,0,0.0
oracle_visible_state,1,5,freshness_conflict,True,True,True,True,go,oracle-visible-state,1,0,1,1.0,0.0,0,0.0,0.0,0.0,0,0.0
benign_agreement,1,5,freshness_conflict,True,True,True,True,go,dominant-support-certificate,1,1,0,1.0,0.0,0,0.0,0.0,0.0,0,0.0
provenance_preserving,1,6,context_conflict,False,True,True,True,hold,uncertified-dominance-failed:ready,0,1,1,1.0,0.0,0,0.0,0.0,1.0,0,0.0
provenance_erased,1,6,context_conflict,False,True,True,True,hold,uncertified-dominance-failed:ready;craneOK;etaOnTime;weatherSafe,0,1,1,1.0,0.0,0,0.0,0.0,1.0,0,0.0
random_label_placebo,1,6,context_conflict,False,True,True,True,hold,uncertified-dominance-failed:ready,0,1,1,1.0,0.0,0,0.0,0.0,1.0,0,0.0
labels_without_gating,1,6,context_conflict,False,True,True,True,go,ungated-base-proposal,0,0,1,0.0,1.0,1,0.0,0.0,0.0,0,0.0
oracle_visible_state,1,6,context_conflict,False,True,True,True,hold,oracle-visible-state,1,0,1,1.0,0.0,0,0.0,0.0,0.0,0,0.0
benign_agreement,1,6,context_conflict,False,True,True,True,hold,base-proposal-hold,0,0,0,1.0,0.0,0,0.0,0.0,0.0,0,0.0
provenance_preserving,1,7,human_override,True,True,True,False,hold,uncertified-dominance-failed:weatherSafe,0,1,1,1.0,0.0,0,0.0,0.0,1.0,0,0.0
provenance_erased,1,7,human_override,True,True,True,False,hold,uncertified-dominance-failed:ready;craneOK;etaOnTime;weatherSafe,0,1,1,1.0,0.0,0,0.0,0.0,1.0,0,0.0
random_label_placebo,1,7,human_override,True,True,True,False,hold,uncertified-dominance-failed:weatherSafe,0,1,1,1.0,0.0,0,0.0,0.0,1.0,0,0.0
labels_without_gating,1,7,human_override,True,True,True,False,go,ungated-base-proposal,0,0,1,0.0,1.0,1,0.0,0.0,0.0,0,0.0
oracle_visible_state,1,7,human_override,True,True,True,False,hold,oracle-visible-state,1,0,1,1.0,0.0,0,0.0,0.0,0.0,0,0.0
benign_agreement,1,7,human_override,True,True,True,False,hold,base-proposal-hold,0,0,0,1.0,0.0,0,0.0,0.0,0.0,0,0.0
provenance_preserving,1,8,authority_conflict,True,True,True,True,go,dominant-support-certificate,1,1,1,1.0,0.0,0,0.0,0.0,0.0,0,0.0
provenance_erased,1,8,authority_conflict,True,True,True,True,hold,uncertified-dominance-failed:ready;craneOK;etaOnTime;weatherSafe,0,1,1,0.0,1.0,0,1.0,1.0,1.0,0,1.0
random_label_placebo,1,8,authority_conflict,True,True,True,True,go,dominant-support-certificate,1,1,1,1.0,0.0,0,0.0,0.0,0.0,0,0.0
labels_without_gating,1,8,authority_conflict,True,True,True,True,go,ungated-base-proposal,0,0,1,1.0,0.0,0,0.0,0.0,0.0,0,0.0
oracle_visible_state,1,8,authority_conflict,True,True,True,True,go,oracle-visible-state,1,0,1,1.0,0.0,0,0.0,0.0,0.0,0,0.0
benign_agreement,1,8,authority_conflict,True,True,True,True,go,dominant-support-certificate,1,1,0,1.0,0.0,0,0.0,0.0,0.0,0,0.0
provenance_preserving,1,9,freshness_conflict,True,True,True,True,go,dominant-support-certificate,1,1,1,1.0,0.0,0,0.0,0.0,0.0,0,0.0
provenance_erased,1,9,freshness_conflict,True,True,True,True,hold,uncertified-dominance-failed:ready;craneOK;etaOnTime;weatherSafe,0,1,1,0.0,1.0,0,1.0,1.0,1.0,0,1.0
random_label_placebo,1,9,freshness_conflict,True,True,True,True,go,dominant-support-certificate,1,1,1,1.0,0.0,0,0.0,0.0,0.0,0,0.0
labels_without_gating,1,9,freshness_conflict,True,True,True,True,go,ungated-base-proposal,0,0,1,1.0,0.0,0,0.0,0.0,0.0,0,0.0
oracle_visible_state,1,9,freshness_conflict,True,True,True,True,go,oracle-visible-state,1,0,1,1.0,0.0,0,0.0,0.0,0.0,0,0.0
benign_agreement,1,9,freshness_conflict,True,True,True,True,go,dominant-support-certificate,1,1,0,1.0,0.0,0,0.0,0.0,0.0,0,0.0
provenance_preserving,1,10,context_conflict,False,True,True,True,hold,uncertified-dominance-failed:ready,0,1,1,1.0,0.0,0,0.0,0.0,1.0,0,0.0
provenance_erased,1,10,context_conflict,False,True,True,True,hold,uncertified-dominance-failed:ready;craneOK;etaOnTime;weatherSafe,0,1,1,1.0,0.0,0,0.0,0.0,1.0,0,0.0
random_label_placebo,1,10,context_conflict,False,True,True,True,go,dominant-support-certificate,1,1,1,0.0,1.0,1,0.0,0.0,0.0,1,0.0
labels_without_gating,1,10,context_conflict,False,True,True,True,go,ungated-base-proposal,0,0,1,0.0,1.0,1,0.0,0.0,0.0,0,0.0
oracle_visible_state,1,10,context_conflict,False,True,True,True,hold,oracle-visible-state,1,0,1,1.0,0.0,0,0.0,0.0,0.0,0,0.0
benign_agreement,1,10,context_conflict,False,True,True,True,hold,base-proposal-hold,0,0,0,1.0,0.0,0,0.0,0.0,0.0,0,0.0
provenance_preserving,1,11,human_override,True,True,True,True,go,dominant-support-certificate,1,1,1,1.0,0.0,0,0.0,0.0,0.0,0,0.0
provenance_erased,1,11,human_override,True,True,True,True,hold,uncertified-dominance-failed:ready;craneOK;etaOnTime;weatherSafe,0,1,1,0.0,1.0,0,1.0,1.0,1.0,0,1.0
random_label_placebo,1,11,human_override,True,True,True,True,hold,uncertified-dominance-failed:weatherSafe,0,1,1,0.0,1.0,0,1.0,1.0,1.0,0,1.0
labels_without_gating,1,11,human_override,True,True,True,True,go,ungated-base-proposal,0,0,1,1.0,0.0,0,0.0,0.0,0.0,0,0.0
oracle_visible_state,1,11,human_override,True,True,True,True,go,oracle-visible-state,1,0,1,1.0,0.0,0,0.0,0.0,0.0,0,0.0
benign_agreement,1,11,human_override,True,True,True,True,go,dominant-support-certificate,1,1,0,1.0,0.0,0,0.0,0.0,0.0,0,0.0
provenance_preserving,1,12,authority_conflict,False,True,True,True,hold,uncertified-dominance-failed:ready,0,1,1,1.0,0.0,0,0.0,0.0,1.0,0,0.0
provenance_erased,1,12,authority_conflict,False,True,True,True,hold,uncertified-dominance-failed:ready;craneOK;etaOnTime;weatherSafe,0,1,1,1.0,0.0,0,0.0,0.0,1.0,0,0.0
random_label_placebo,1,12,authority_conflict,False,True,True,True,hold,uncertified-dominance-failed:ready,0,1,1,1.0,0.0,0,0.0,0.0,1.0,0,0.0
labels_without_gating,1,12,authority_conflict,False,True,True,True,go,ungated-base-proposal,0,0,1,0.0,1.0,1,0.0,0.0,0.0,0,0.0
oracle_visible_state,1,12,authority_conflict,False,True,True,True,hold,oracle-visible-state,1,0,1,1.0,0.0,0,0.0,0.0,0.0,0,0.0
benign_agreement,1,12,authority_conflict,False,True,True,True,hold,base-proposal-hold,0,0,0,1.0,0.0,0,0.0,0.0,0.0,0,0.0
provenance_preserving,1,13,freshness_conflict,True,True,True,True,go,dominant-support-certificate,1,1,1,1.0,0.0,0,0.0,0.0,0.0,0,0.0
provenance_erased,1,13,freshness_conflict,True,True,True,True,hold,uncertified-dominance-failed:ready;craneOK;etaOnTime;weatherSafe,0,1,1,0.0,1.0,0,1.0,1.0,1.0,0,1.0
random_label_placebo,1,13,freshness_conflict,True,True,True,True,go,dominant-support-certificate,1,1,1,1.0,0.0,0,0.0,0.0,0.0,0,0.0
labels_without_gating,1,13,freshness_conflict,True,True,True,True,go,ungated-base-proposal,0,0,1,1.0,0.0,0,0.0,0.0,0.0,0,0.0
oracle_visible_state,1,13,freshness_conflict,True,True,True,True,go,oracle-visible-state,1,0,1,1.0,0.0,0,0.0,0.0,0.0,0,0.0
benign_agreement,1,13,freshness_conflict,True,True,True,True,go,dominant-support-certificate,1,1,0,1.0,0.0,0,0.0,0.0,0.0,0,0.0
provenance_preserving,1,14,context_conflict,True,True,True,True,go,dominant-support-certificate,1,1,1,1.0,0.0,0,0.0,0.0,0.0,0,0.0
provenance_erased,1,14,context_conflict,True,True,True,True,hold,uncertified-dominance-failed:ready;craneOK;etaOnTime;weatherSafe,0,1,1,0.0,1.0,0,1.0,1.0,1.0,0,1.0
random_label_placebo,1,14,context_conflict,True,True,True,True,go,dominant-support-certificate,1,1,1,1.0,0.0,0,0.0,0.0,0.0,0,0.0
labels_without_gating,1,14,context_conflict,True,True,True,True,go,ungated-base-proposal,0,0,1,1.0,0.0,0,0.0,0.0,0.0,0,0.0
oracle_visible_state,1,14,context_conflict,True,True,True,True,go,oracle-visible-state,1,0,1,1.0,0.0,0,0.0,0.0,0.0,0,0.0
benign_agreement,1,14,context_conflict,True,True,True,True,go,dominant-support-certificate,1,1,0,1.0,0.0,0,0.0,0.0,0.0,0,0.0
provenance_preserving,1,15,human_override,True,True,True,False,hold,uncertified-dominance-failed:weatherSafe,0,1,1,1.0,0.0,0,0.0,0.0,1.0,0,0.0
provenance_erased,1,15,human_override,True,True,True,False,hold,uncertified-dominance-failed:ready;craneOK;etaOnTime;weatherSafe,0,1,1,1.0,0.0,0,0.0,0.0,1.0,0,0.0
random_label_placebo,1,15,human_override,True,True,True,False,hold,uncertified-dominance-failed:weatherSafe,0,1,1,1.0,0.0,0,0.0,0.0,1.0,0,0.0
labels_without_gating,1,15,human_override,True,True,True,False,go,ungated-base-proposal,0,0,1,0.0,1.0,1,0.0,0.0,0.0,0,0.0
oracle_visible_state,1,15,human_override,True,True,True,False,hold,oracle-visible-state,1,0,1,1.0,0.0,0,0.0,0.0,0.0,0,0.0
benign_agreement,1,15,human_override,True,True,True,False,hold,base-proposal-hold,0,0,0,1.0,0.0,0,0.0,0.0,0.0,0,0.0
provenance_preserving,1,16,authority_conflict,True,True,True,True,go,dominant-support-certificate,1,1,1,1.0,0.0,0,0.0,0.0,0.0,0,0.0
provenance_erased,1,16,authority_conflict,True,True,True,True,hold,uncertified-dominance-failed:ready;craneOK;etaOnTime;weatherSafe,0,1,1,0.0,1.0,0,1.0,1.0,1.0,0,1.0
random_label_placebo,1,16,authority_conflict,True,True,True,True,hold,uncertified-dominance-failed:ready,0,1,1,0.0,1.0,0,1.0,1.0,1.0,0,1.0
labels_without_gating,1,16,authority_conflict,True,True,True,True,go,ungated-base-proposal,0,0,1,1.0,0.0,0,0.0,0.0,0.0,0,0.0
oracle_visible_state,1,16,authority_conflict,True,True,True,True,go,oracle-visible-state,1,0,1,1.0,0.0,0,0.0,0.0,0.0,0,0.0
benign_agreement,1,16,authority_conflict,True,True,True,True,go,dominant-support-certificate,1,1,0,1.0,0.0,0,0.0,0.0,0.0,0,0.0
provenance_preserving,1,17,freshness_conflict,True,True,False,True,hold,uncertified-dominance-failed:etaOnTime,0,1,1,1.0,0.0,0,0.0,0.0,1.0,0,0.0
provenance_erased,1,17,freshness_conflict,True,True,False,True,hold,uncertified-dominance-failed:ready;craneOK;etaOnTime;weatherSafe,0,1,1,1.0,0.0,0,0.0,0.0,1.0,0,0.0
random_label_placebo,1,17,freshness_conflict,True,True,False,True,hold,uncertified-dominance-failed:etaOnTime,0,1,1,1.0,0.0,0,0.0,0.0,1.0,0,0.0
labels_without_gating,1,17,freshness_conflict,True,True,False,True,go,ungated-base-proposal,0,0,1,0.0,1.0,1,0.0,0.0,0.0,0,0.0
oracle_visible_state,1,17,freshness_conflict,True,True,False,True,hold,oracle-visible-state,1,0,1,1.0,0.0,0,0.0,0.0,0.0,0,0.0
benign_agreement,1,17,freshness_conflict,True,True,False,True,hold,base-proposal-hold,0,0,0,1.0,0.0,0,0.0,0.0,0.0,0,0.0
provenance_preserving,1,18,context_conflict,False,True,True,True,hold,uncertified-dominance-failed:ready,0,1,1,1.0,0.0,0,0.0,0.0,1.0,0,0.0
provenance_erased,1,18,context_conflict,False,True,True,True,hold,uncertified-dominance-failed:ready;craneOK;etaOnTime;weatherSafe,0,1,1,1.0,0.0,0,0.0,0.0,1.0,0,0.0
random_label_placebo,1,18,context_conflict,False,True,True,True,hold,uncertified-dominance-failed:ready,0,1,1,1.0,0.0,0,0.0,0.0,1.0,0,0.0
labels_without_gating,1,18,context_conflict,False,True,True,True,go,ungated-base-proposal,0,0,1,0.0,1.0,1,0.0,0.0,0.0,0,0.0
oracle_visible_state,1,18,context_conflict,False,True,True,True,hold,oracle-visible-state,1,0,1,1.0,0.0,0,0.0,0.0,0.0,0,0.0
benign_agreement,1,18,context_conflict,False,True,True,True,hold,base-proposal-hold,0,0,0,1.0,0.0,0,0.0,0.0,0.0,0,0.0
provenance_preserving,1,19,human_override,True,True,True,True,go,dominant-support-certificate,1,1,1,1.0,0.0,0,0.0,0.0,0.0,0,0.0
provenance_erased,1,19,human_override,True,True,True,True,hold,uncertified-dominance-failed:ready;craneOK;etaOnTime;weatherSafe,0,1,1,0.0,1.0,0,1.0,1.0,1.0,0,1.0
random_label_placebo,1,19,human_override,True,True,True,True,go,dominant-support-certificate,1,1,1,1.0,0.0,0,0.0,0.0,0.0,0,0.0
labels_without_gating,1,19,human_override,True,True,True,True,go,ungated-base-proposal,0,0,1,1.0,0.0,0,0.0,0.0,0.0,0,0.0
oracle_visible_state,1,19,human_override,True,True,True,True,go,oracle-visible-state,1,0,1,1.0,0.0,0,0.0,0.0,0.0,0,0.0
benign_agreement,1,19,human_override,True,True,True,True,go,dominant-support-certificate,1,1,0,1.0,0.0,0,0.0,0.0,0.0,0,0.0
provenance_preserving,1,20,authority_conflict,True,True,True,True,go,dominant-support-certificate,1,1,1,1.0,0.0,0,0.0,0.0,0.0,0,0.0
provenance_erased,1,20,authority_conflict,True,True,True,True,hold,uncertified-dominance-failed:ready;craneOK;etaOnTime;weatherSafe,0,1,1,0.0,1.0,0,1.0,1.0,1.0,0,1.0
random_label_placebo,1,20,authority_conflict,True,True,True,True,hold,uncertified-dominance-failed:ready,0,1,1,0.0,1.0,0,1.0,1.0,1.0,0,1.0
labels_without_gating,1,20,authority_conflict,True,True,True,True,go,ungated-base-proposal,0,0,1,1.0,0.0,0,0.0,0.0,0.0,0,0.0
oracle_visible_state,1,20,authority_conflict,True,True,True,True,go,oracle-visible-state,1,0,1,1.0,0.0,0,0.0,0.0,0.0,0,0.0
benign_agreement,1,20,authority_conflict,True,True,True,True,go,dominant-support-certificate,1,1,0,1.0,0.0,0,0.0,0.0,0.0,0,0.0
provenance_preserving,1,21,freshness_conflict,True,True,False,True,hold,uncertified-dominance-failed:etaOnTime,0,1,1,1.0,0.0,0,0.0,0.0,1.0,0,0.0
provenance_erased,1,21,freshness_conflict,True,True,False,True,hold,uncertified-dominance-failed:ready;craneOK;etaOnTime;weatherSafe,0,1,1,1.0,0.0,0,0.0,0.0,1.0,0,0.0
random_label_placebo,1,21,freshness_conflict,True,True,False,True,hold,uncertified-dominance-failed:etaOnTime,0,1,1,1.0,0.0,0,0.0,0.0,1.0,0,0.0
labels_without_gating,1,21,freshness_conflict,True,True,False,True,go,ungated-base-proposal,0,0,1,0.0,1.0,1,0.0,0.0,0.0,0,0.0
oracle_visible_state,1,21,freshness_conflict,True,True,False,True,hold,oracle-visible-state,1,0,1,1.0,0.0,0,0.0,0.0,0.0,0,0.0
benign_agreement,1,21,freshness_conflict,True,True,False,True,hold,base-proposal-hold,0,0,0,1.0,0.0,0,0.0,0.0,0.0,0,0.0
provenance_preserving,1,22,context_conflict,False,True,True,True,hold,uncertified-dominance-failed:ready,0,1,1,1.0,0.0,0,0.0,0.0,1.0,0,0.0
provenance_erased,1,22,context_conflict,False,True,True,True,hold,uncertified-dominance-failed:ready;craneOK;etaOnTime;weatherSafe,0,1,1,1.0,0.0,0,0.0,0.0,1.0,0,0.0
random_label_placebo,1,22,context_conflict,False,True,True,True,hold,uncertified-dominance-failed:ready,0,1,1,1.0,0.0,0,0.0,0.0,1.0,0,0.0
labels_without_gating,1,22,context_conflict,False,True,True,True,go,ungated-base-proposal,0,0,1,0.0,1.0,1,0.0,0.0,0.0,0,0.0
oracle_visible_state,1,22,context_conflict,False,True,True,True,hold,oracle-visible-state,1,0,1,1.0,0.0,0,0.0,0.0,0.0,0,0.0
benign_agreement,1,22,context_conflict,False,True,True,True,hold,base-proposal-hold,0,0,0,1.0,0.0,0,0.0,0.0,0.0,0,0.0
provenance_preserving,1,23,human_override,True,True,True,True,go,dominant-support-certificate,1,1,1,1.0,0.0,0,0.0,0.0,0.0,0,0.0
provenance_erased,1,23,human_override,True,True,True,True,hold,uncertified-dominance-failed:ready;craneOK;etaOnTime;weatherSafe,0,1,1,0.0,1.0,0,1.0,1.0,1.0,0,1.0
random_label_placebo,1,23,human_override,True,True,True,True,hold,uncertified-dominance-failed:weatherSafe,0,1,1,0.0,1.0,0,1.0,1.0,1.0,0,1.0
labels_without_gating,1,23,human_override,True,True,True,True,go,ungated-base-proposal,0,0,1,1.0,0.0,0,0.0,0.0,0.0,0,0.0
oracle_visible_state,1,23,human_override,True,True,True,True,go,oracle-visible-state,1,0,1,1.0,0.0,0,0.0,0.0,0.0,0,0.0
benign_agreement,1,23,human_override,True,True,True,True,go,dominant-support-certificate,1,1,0,1.0,0.0,0,0.0,0.0,0.0,0,0.0
provenance_preserving,1,24,authority_conflict,True,True,True,True,go,dominant-support-certificate,1,1,1,1.0,0.0,0,0.0,0.0,0.0,0,0.0
provenance_erased,1,24,authority_conflict,True,True,True,True,hold,uncertified-dominance-failed:ready;craneOK;etaOnTime;weatherSafe,0,1,1,0.0,1.0,0,1.0,1.0,1.0,0,1.0
random_label_placebo,1,24,authority_conflict,True,True,True,True,hold,uncertified-dominance-failed:ready,0,1,1,0.0,1.0,0,1.0,1.0,1.0,0,1.0
labels_without_gating,1,24,authority_conflict,True,True,True,True,go,ungated-base-proposal,0,0,1,1.0,0.0,0,0.0,0.0,0.0,0,0.0
oracle_visible_state,1,24,authority_conflict,True,True,True,True,go,oracle-visible-state,1,0,1,1.0,0.0,0,0.0,0.0,0.0,0,0.0
benign_agreement,1,24,authority_conflict,True,True,True,True,go,dominant-support-certificate,1,1,0,1.0,0.0,0,0.0,0.0,0.0,0,0.0
provenance_preserving,1,25,freshness_conflict,True,True,True,True,go,dominant-support-certificate,1,1,1,1.0,0.0,0,0.0,0.0,0.0,0,0.0
provenance_erased,1,25,freshness_conflict,True,True,True,True,hold,uncertified-dominance-failed:ready;craneOK;etaOnTime;weatherSafe,0,1,1,0.0,1.0,0,1.0,1.0,1.0,0,1.0
random_label_placebo,1,25,freshness_conflict,True,True,True,True,go,dominant-support-certificate,1,1,1,1.0,0.0,0,0.0,0.0,0.0,0,0.0
labels_without_gating,1,25,freshness_conflict,True,True,True,True,go,ungated-base-proposal,0,0,1,1.0,0.0,0,0.0,0.0,0.0,0,0.0
oracle_visible_state,1,25,freshness_conflict,True,True,True,True,go,oracle-visible-state,1,0,1,1.0,0.0,0,0.0,0.0,0.0,0,0.0
benign_agreement,1,25,freshness_conflict,True,True,True,True,go,dominant-support-certificate,1,1,0,1.0,0.0,0,0.0,0.0,0.0,0,0.0
provenance_preserving,1,26,context_conflict,True,True,True,True,go,dominant-support-certificate,1,1,1,1.0,0.0,0,0.0,0.0,0.0,0,0.0
provenance_erased,1,26,context_conflict,True,True,True,True,hold,uncertified-dominance-failed:ready;craneOK;etaOnTime;weatherSafe,0,1,1,0.0,1.0,0,1.0,1.0,1.0,0,1.0
random_label_placebo,1,26,context_conflict,True,True,True,True,go,dominant-support-certificate,1,1,1,1.0,0.0,0,0.0,0.0,0.0,0,0.0
labels_without_gating,1,26,context_conflict,True,True,True,True,go,ungated-base-proposal,0,0,1,1.0,0.0,0,0.0,0.0,0.0,0,0.0
oracle_visible_state,1,26,context_conflict,True,True,True,True,go,oracle-visible-state,1,0,1,1.0,0.0,0,0.0,0.0,0.0,0,0.0
benign_agreement,1,26,context_conflict,True,True,True,True,go,dominant-support-certificate,1,1,0,1.0,0.0,0,0.0,0.0,0.0,0,0.0
provenance_preserving,1,27,human_override,True,True,True,True,go,dominant-support-certificate,1,1,1,1.0,0.0,0,0.0,0.0,0.0,0,0.0
provenance_erased,1,27,human_override,True,True,True,True,hold,uncertified-dominance-failed:ready;craneOK;etaOnTime;weatherSafe,0,1,1,0.0,1.0,0,1.0,1.0,1.0,0,1.0
random_label_placebo,1,27,human_override,True,True,True,True,hold,uncertified-dominance-failed:weatherSafe,0,1,1,0.0,1.0,0,1.0,1.0,1.0,0,1.0
labels_without_gating,1,27,human_override,True,True,True,True,go,ungated-base-proposal,0,0,1,1.0,0.0,0,0.0,0.0,0.0,0,0.0
oracle_visible_state,1,27,human_override,True,True,True,True,go,oracle-visible-state,1,0,1,1.0,0.0,0,0.0,0.0,0.0,0,0.0
benign_agreement,1,27,human_override,True,True,True,True,go,dominant-support-certificate,1,1,0,1.0,0.0,0,0.0,0.0,0.0,0,0.0
provenance_preserving,1,28,authority_conflict,True,True,True,True,go,dominant-support-certificate,1,1,1,1.0,0.0,0,0.0,0.0,0.0,0,0.0
provenance_erased,1,28,authority_conflict,True,True,True,True,hold,uncertified-dominance-failed:ready;craneOK;etaOnTime;weatherSafe,0,1,1,0.0,1.0,0,1.0,1.0,1.0,0,1.0
random_label_placebo,1,28,authority_conflict,True,True,True,True,hold,uncertified-dominance-failed:ready,0,1,1,0.0,1.0,0,1.0,1.0,1.0,0,1.0
labels_without_gating,1,28,authority_conflict,True,True,True,True,go,ungated-base-proposal,0,0,1,1.0,0.0,0,0.0,0.0,0.0,0,0.0
oracle_visible_state,1,28,authority_conflict,True,True,True,True,go,oracle-visible-state,1,0,1,1.0,0.0,0,0.0,0.0,0.0,0,0.0
benign_agreement,1,28,authority_conflict,True,True,True,True,go,dominant-support-certificate,1,1,0,1.0,0.0,0,0.0,0.0,0.0,0,0.0
provenance_preserving,1,29,freshness_conflict,True,True,True,True,go,dominant-support-certificate,1,1,1,1.0,0.0,0,0.0,0.0,0.0,0,0.0
provenance_erased,1,29,freshness_conflict,True,True,True,True,hold,uncertified-dominance-failed:ready;craneOK;etaOnTime;weatherSafe,0,1,1,0.0,1.0,0,1.0,1.0,1.0,0,1.0
random_label_placebo,1,29,freshness_conflict,True,True,True,True,go,dominant-support-certificate,1,1,1,1.0,0.0,0,0.0,0.0,0.0,0,0.0
labels_without_gating,1,29,freshness_conflict,True,True,True,True,go,ungated-base-proposal,0,0,1,1.0,0.0,0,0.0,0.0,0.0,0,0.0
oracle_visible_state,1,29,freshness_conflict,True,True,True,True,go,oracle-visible-state,1,0,1,1.0,0.0,0,0.0,0.0,0.0,0,0.0
benign_agreement,1,29,freshness_conflict,True,True,True,True,go,dominant-support-certificate,1,1,0,1.0,0.0,0,0.0,0.0,0.0,0,0.0
provenance_preserving,1,30,context_conflict,True,True,True,True,go,dominant-support-certificate,1,1,1,1.0,0.0,0,0.0,0.0,0.0,0,0.0
provenance_erased,1,30,context_conflict,True,True,True,True,hold,uncertified-dominance-failed:ready;craneOK;etaOnTime;weatherSafe,0,1,1,0.0,1.0,0,1.0,1.0,1.0,0,1.0
random_label_placebo,1,30,context_conflict,True,True,True,True,hold,uncertified-dominance-failed:ready,0,1,1,0.0,1.0,0,1.0,1.0,1.0,0,1.0
labels_without_gating,1,30,context_conflict,True,True,True,True,go,ungated-base-proposal,0,0,1,1.0,0.0,0,0.0,0.0,0.0,0,0.0
oracle_visible_state,1,30,context_conflict,True,True,True,True,go,oracle-visible-state,1,0,1,1.0,0.0,0,0.0,0.0,0.0,0,0.0
benign_agreement,1,30,context_conflict,True,True,True,True,go,dominant-support-certificate,1,1,0,1.0,0.0,0,0.0,0.0,0.0,0,0.0
provenance_preserving,1,31,human_override,True,True,True,True,go,dominant-support-certificate,1,1,1,1.0,0.0,0,0.0,0.0,0.0,0,0.0
provenance_erased,1,31,human_override,True,True,True,True,hold,uncertified-dominance-failed:ready;craneOK;etaOnTime;weatherSafe,0,1,1,0.0,1.0,0,1.0,1.0,1.0,0,1.0
random_label_placebo,1,31,human_override,True,True,True,True,go,dominant-support-certificate,1,1,1,1.0,0.0,0,0.0,0.0,0.0,0,0.0
labels_without_gating,1,31,human_override,True,True,True,True,go,ungated-base-proposal,0,0,1,1.0,0.0,0,0.0,0.0,0.0,0,0.0
oracle_visible_state,1,31,human_override,True,True,True,True,go,oracle-visible-state,1,0,1,1.0,0.0,0,0.0,0.0,0.0,0,0.0
benign_agreement,1,31,human_override,True,True,True,True,go,dominant-support-certificate,1,1,0,1.0,0.0,0,0.0,0.0,0.0,0,0.0
provenance_preserving,1,32,authority_conflict,True,True,True,True,go,dominant-support-certificate,1,1,1,1.0,0.0,0,0.0,0.0,0.0,0,0.0
provenance_erased,1,32,authority_conflict,True,True,True,True,hold,uncertified-dominance-failed:ready;craneOK;etaOnTime;weatherSafe,0,1,1,0.0,1.0,0,1.0,1.0,1.0,0,1.0
random_label_placebo,1,32,authority_conflict,True,True,True,True,hold,uncertified-dominance-failed:ready,0,1,1,0.0,1.0,0,1.0,1.0,1.0,0,1.0
labels_without_gating,1,32,authority_conflict,True,True,True,True,go,ungated-base-proposal,0,0,1,1.0,0.0,0,0.0,0.0,0.0,0,0.0
oracle_visible_state,1,32,authority_conflict,True,True,True,True,go,oracle-visible-state,1,0,1,1.0,0.0,0,0.0,0.0,0.0,0,0.0
benign_agreement,1,32,authority_conflict,True,True,True,True,go,dominant-support-certificate,1,1,0,1.0,0.0,0,0.0,0.0,0.0,0,0.0
provenance_preserving,1,33,freshness_conflict,True,True,True,True,go,dominant-support-certificate,1,1,1,1.0,0.0,0,0.0,0.0,0.0,0,0.0
provenance_erased,1,33,freshness_conflict,True,True,True,True,hold,uncertified-dominance-failed:ready;craneOK;etaOnTime;weatherSafe,0,1,1,0.0,1.0,0,1.0,1.0,1.0,0,1.0
random_label_placebo,1,33,freshness_conflict,True,True,True,True,go,dominant-support-certificate,1,1,1,1.0,0.0,0,0.0,0.0,0.0,0,0.0
labels_without_gating,1,33,freshness_conflict,True,True,True,True,go,ungated-base-proposal,0,0,1,1.0,0.0,0,0.0,0.0,0.0,0,0.0
oracle_visible_state,1,33,freshness_conflict,True,True,True,True,go,oracle-visible-state,1,0,1,1.0,0.0,0,0.0,0.0,0.0,0,0.0
benign_agreement,1,33,freshness_conflict,True,True,True,True,go,dominant-support-certificate,1,1,0,1.0,0.0,0,0.0,0.0,0.0,0,0.0
provenance_preserving,1,34,context_conflict,True,True,True,True,go,dominant-support-certificate,1,1,1,1.0,0.0,0,0.0,0.0,0.0,0,0.0
provenance_erased,1,34,context_conflict,True,True,True,True,hold,uncertified-dominance-failed:ready;craneOK;etaOnTime;weatherSafe,0,1,1,0.0,1.0,0,1.0,1.0,1.0,0,1.0
random_label_placebo,1,34,context_conflict,True,True,True,True,go,dominant-support-certificate,1,1,1,1.0,0.0,0,0.0,0.0,0.0,0,0.0
labels_without_gating,1,34,context_conflict,True,True,True,True,go,ungated-base-proposal,0,0,1,1.0,0.0,0,0.0,0.0,0.0,0,0.0
oracle_visible_state,1,34,context_conflict,True,True,True,True,go,oracle-visible-state,1,0,1,1.0,0.0,0,0.0,0.0,0.0,0,0.0
benign_agreement,1,34,context_conflict,True,True,True,True,go,dominant-support-certificate,1,1,0,1.0,0.0,0,0.0,0.0,0.0,0,0.0
provenance_preserving,1,35,human_override,True,True,True,True,go,dominant-support-certificate,1,1,1,1.0,0.0,0,0.0,0.0,0.0,0,0.0
provenance_erased,1,35,human_override,True,True,True,True,hold,uncertified-dominance-failed:ready;craneOK;etaOnTime;weatherSafe,0,1,1,0.0,1.0,0,1.0,1.0,1.0,0,1.0
random_label_placebo,1,35,human_override,True,True,True,True,go,dominant-support-certificate,1,1,1,1.0,0.0,0,0.0,0.0,0.0,0,0.0
labels_without_gating,1,35,human_override,True,True,True,True,go,ungated-base-proposal,0,0,1,1.0,0.0,0,0.0,0.0,0.0,0,0.0
oracle_visible_state,1,35,human_override,True,True,True,True,go,oracle-visible-state,1,0,1,1.0,0.0,0,0.0,0.0,0.0,0,0.0
benign_agreement,1,35,human_override,True,True,True,True,go,dominant-support-certificate,1,1,0,1.0,0.0,0,0.0,0.0,0.0,0,0.0
provenance_preserving,1,36,authority_conflict,False,True,True,True,hold,uncertified-dominance-failed:ready,0,1,1,1.0,0.0,0,0.0,0.0,1.0,0,0.0
provenance_erased,1,36,authority_conflict,False,True,True,True,hold,uncertified-dominance-failed:ready;craneOK;etaOnTime;weatherSafe,0,1,1,1.0,0.0,0,0.0,0.0,1.0,0,0.0
random_label_placebo,1,36,authority_conflict,False,True,True,True,go,dominant-support-certificate,1,1,1,0.0,1.0,1,0.0,0.0,0.0,1,0.0
labels_without_gating,1,36,authority_conflict,False,True,True,True,go,ungated-base-proposal,0,0,1,0.0,1.0,1,0.0,0.0,0.0,0,0.0
oracle_visible_state,1,36,authority_conflict,False,True,True,True,hold,oracle-visible-state,1,0,1,1.0,0.0,0,0.0,0.0,0.0,0,0.0
benign_agreement,1,36,authority_conflict,False,True,True,True,hold,base-proposal-hold,0,0,0,1.0,0.0,0,0.0,0.0,0.0,0,0.0
provenance_preserving,1,37,freshness_conflict,True,True,False,True,hold,uncertified-dominance-failed:etaOnTime,0,1,1,1.0,0.0,0,0.0,0.0,1.0,0,0.0
provenance_erased,1,37,freshness_conflict,True,True,False,True,hold,uncertified-dominance-failed:ready;craneOK;etaOnTime;weatherSafe,0,1,1,1.0,0.0,0,0.0,0.0,1.0,0,0.0
random_label_placebo,1,37,freshness_conflict,True,True,False,True,hold,uncertified-dominance-failed:etaOnTime,0,1,1,1.0,0.0,0,0.0,0.0,1.0,0,0.0
labels_without_gating,1,37,freshness_conflict,True,True,False,True,go,ungated-base-proposal,0,0,1,0.0,1.0,1,0.0,0.0,0.0,0,0.0
oracle_visible_state,1,37,freshness_conflict,True,True,False,True,hold,oracle-visible-state,1,0,1,1.0,0.0,0,0.0,0.0,0.0,0,0.0
benign_agreement,1,37,freshness_conflict,True,True,False,True,hold,base-proposal-hold,0,0,0,1.0,0.0,0,0.0,0.0,0.0,0,0.0
provenance_preserving,1,38,context_conflict,False,True,True,True,hold,uncertified-dominance-failed:ready,0,1,1,1.0,0.0,0,0.0,0.0,1.0,0,0.0
provenance_erased,1,38,context_conflict,False,True,True,True,hold,uncertified-dominance-failed:ready;craneOK;etaOnTime;weatherSafe,0,1,1,1.0,0.0,0,0.0,0.0,1.0,0,0.0
random_label_placebo,1,38,context_conflict,False,True,True,True,hold,uncertified-dominance-failed:ready,0,1,1,1.0,0.0,0,0.0,0.0,1.0,0,0.0
labels_without_gating,1,38,context_conflict,False,True,True,True,go,ungated-base-proposal,0,0,1,0.0,1.0,1,0.0,0.0,0.0,0,0.0
oracle_visible_state,1,38,context_conflict,False,True,True,True,hold,oracle-visible-state,1,0,1,1.0,0.0,0,0.0,0.0,0.0,0,0.0
benign_agreement,1,38,context_conflict,False,True,True,True,hold,base-proposal-hold,0,0,0,1.0,0.0,0,0.0,0.0,0.0,0,0.0
provenance_preserving,1,39,human_override,True,True,True,True,go,dominant-support-certificate,1,1,1,1.0,0.0,0,0.0,0.0,0.0,0,0.0
provenance_erased,1,39,human_override,True,True,True,True,hold,uncertified-dominance-failed:ready;craneOK;etaOnTime;weatherSafe,0,1,1,0.0,1.0,0,1.0,1.0,1.0,0,1.0
random_label_placebo,1,39,human_override,True,True,True,True,hold,uncertified-dominance-failed:weatherSafe,0,1,1,0.0,1.0,0,1.0,1.0,1.0,0,1.0
labels_without_gating,1,39,human_override,True,True,True,True,go,ungated-base-proposal,0,0,1,1.0,0.0,0,0.0,0.0,0.0,0,0.0
oracle_visible_state,1,39,human_override,True,True,True,True,go,oracle-visible-state,1,0,1,1.0,0.0,0,0.0,0.0,0.0,0,0.0
benign_agreement,1,39,human_override,True,True,True,True,go,dominant-support-certificate,1,1,0,1.0,0.0,0,0.0,0.0,0.0,0,0.0
provenance_preserving,1,40,authority_conflict,False,True,True,True,hold,uncertified-dominance-failed:ready,0,1,1,1.0,0.0,0,0.0,0.0,1.0,0,0.0
provenance_erased,1,40,authority_conflict,False,True,True,True,hold,uncertified-dominance-failed:ready;craneOK;etaOnTime;weatherSafe,0,1,1,1.0,0.0,0,0.0,0.0,1.0,0,0.0
random_label_placebo,1,40,authority_conflict,False,True,True,True,go,dominant-support-certificate,1,1,1,0.0,1.0,1,0.0,0.0,0.0,1,0.0
labels_without_gating,1,40,authority_conflict,False,True,True,True,go,ungated-base-proposal,0,0,1,0.0,1.0,1,0.0,0.0,0.0,0,0.0
oracle_visible_state,1,40,authority_conflict,False,True,True,True,hold,oracle-visible-state,1,0,1,1.0,0.0,0,0.0,0.0,0.0,0,0.0
benign_agreement,1,40,authority_conflict,False,True,True,True,hold,base-proposal-hold,0,0,0,1.0,0.0,0,0.0,0.0,0.0,0,0.0
provenance_preserving,1,41,freshness_conflict,True,True,False,True,hold,uncertified-dominance-failed:etaOnTime,0,1,1,1.0,0.0,0,0.0,0.0,1.0,0,0.0
provenance_erased,1,41,freshness_conflict,True,True,False,True,hold,uncertified-dominance-failed:ready;craneOK;etaOnTime;weatherSafe,0,1,1,1.0,0.0,0,0.0,0.0,1.0,0,0.0
random_label_placebo,1,41,freshness_conflict,True,True,False,True,hold,uncertified-dominance-failed:etaOnTime,0,1,1,1.0,0.0,0,0.0,0.0,1.0,0,0.0
labels_without_gating,1,41,freshness_conflict,True,True,False,True,go,ungated-base-proposal,0,0,1,0.0,1.0,1,0.0,0.0,0.0,0,0.0
oracle_visible_state,1,41,freshness_conflict,True,True,False,True,hold,oracle-visible-state,1,0,1,1.0,0.0,0,0.0,0.0,0.0,0,0.0
benign_agreement,1,41,freshness_conflict,True,True,False,True,hold,base-proposal-hold,0,0,0,1.0,0.0,0,0.0,0.0,0.0,0,0.0
provenance_preserving,1,42,context_conflict,True,True,True,True,go,dominant-support-certificate,1,1,1,1.0,0.0,0,0.0,0.0,0.0,0,0.0
provenance_erased,1,42,context_conflict,True,True,True,True,hold,uncertified-dominance-failed:ready;craneOK;etaOnTime;weatherSafe,0,1,1,0.0,1.0,0,1.0,1.0,1.0,0,1.0
random_label_placebo,1,42,context_conflict,True,True,True,True,go,dominant-support-certificate,1,1,1,1.0,0.0,0,0.0,0.0,0.0,0,0.0
labels_without_gating,1,42,context_conflict,True,True,True,True,go,ungated-base-proposal,0,0,1,1.0,0.0,0,0.0,0.0,0.0,0,0.0
oracle_visible_state,1,42,context_conflict,True,True,True,True,go,oracle-visible-state,1,0,1,1.0,0.0,0,0.0,0.0,0.0,0,0.0
benign_agreement,1,42,context_conflict,True,True,True,True,go,dominant-support-certificate,1,1,0,1.0,0.0,0,0.0,0.0,0.0,0,0.0
provenance_preserving,1,43,human_override,True,True,True,True,go,dominant-support-certificate,1,1,1,1.0,0.0,0,0.0,0.0,0.0,0,0.0
provenance_erased,1,43,human_override,True,True,True,True,hold,uncertified-dominance-failed:ready;craneOK;etaOnTime;weatherSafe,0,1,1,0.0,1.0,0,1.0,1.0,1.0,0,1.0
random_label_placebo,1,43,human_override,True,True,True,True,go,dominant-support-certificate,1,1,1,1.0,0.0,0,0.0,0.0,0.0,0,0.0
labels_without_gating,1,43,human_override,True,True,True,True,go,ungated-base-proposal,0,0,1,1.0,0.0,0,0.0,0.0,0.0,0,0.0
oracle_visible_state,1,43,human_override,True,True,True,True,go,oracle-visible-state,1,0,1,1.0,0.0,0,0.0,0.0,0.0,0,0.0
benign_agreement,1,43,human_override,True,True,True,True,go,dominant-support-certificate,1,1,0,1.0,0.0,0,0.0,0.0,0.0,0,0.0
provenance_preserving,1,44,authority_conflict,False,True,True,True,hold,uncertified-dominance-failed:ready,0,1,1,1.0,0.0,0,0.0,0.0,1.0,0,0.0
provenance_erased,1,44,authority_conflict,False,True,True,True,hold,uncertified-dominance-failed:ready;craneOK;etaOnTime;weatherSafe,0,1,1,1.0,0.0,0,0.0,0.0,1.0,0,0.0
random_label_placebo,1,44,authority_conflict,False,True,True,True,hold,uncertified-dominance-failed:ready,0,1,1,1.0,0.0,0,0.0,0.0,1.0,0,0.0
labels_without_gating,1,44,authority_conflict,False,True,True,True,go,ungated-base-proposal,0,0,1,0.0,1.0,1,0.0,0.0,0.0,0,0.0
oracle_visible_state,1,44,authority_conflict,False,True,True,True,hold,oracle-visible-state,1,0,1,1.0,0.0,0,0.0,0.0,0.0,0,0.0
benign_agreement,1,44,authority_conflict,False,True,True,True,hold,base-proposal-hold,0,0,0,1.0,0.0,0,0.0,0.0,0.0,0,0.0
provenance_preserving,1,45,freshness_conflict,True,True,False,True,hold,uncertified-dominance-failed:etaOnTime,0,1,1,1.0,0.0,0,0.0,0.0,1.0,0,0.0
provenance_erased,1,45,freshness_conflict,True,True,False,True,hold,uncertified-dominance-failed:ready;craneOK;etaOnTime;weatherSafe,0,1,1,1.0,0.0,0,0.0,0.0,1.0,0,0.0
random_label_placebo,1,45,freshness_conflict,True,True,False,True,hold,uncertified-dominance-failed:etaOnTime,0,1,1,1.0,0.0,0,0.0,0.0,1.0,0,0.0
labels_without_gating,1,45,freshness_conflict,True,True,False,True,go,ungated-base-proposal,0,0,1,0.0,1.0,1,0.0,0.0,0.0,0,0.0
oracle_visible_state,1,45,freshness_conflict,True,True,False,True,hold,oracle-visible-state,1,0,1,1.0,0.0,0,0.0,0.0,0.0,0,0.0
benign_agreement,1,45,freshness_conflict,True,True,False,True,hold,base-proposal-hold,0,0,0,1.0,0.0,0,0.0,0.0,0.0,0,0.0
provenance_preserving,1,46,context_conflict,False,True,True,True,hold,uncertified-dominance-failed:ready,0,1,1,1.0,0.0,0,0.0,0.0,1.0,0,0.0
provenance_erased,1,46,context_conflict,False,True,True,True,hold,uncertified-dominance-failed:ready;craneOK;etaOnTime;weatherSafe,0,1,1,1.0,0.0,0,0.0,0.0,1.0,0,0.0
random_label_placebo,1,46,context_conflict,False,True,True,True,hold,uncertified-dominance-failed:ready,0,1,1,1.0,0.0,0,0.0,0.0,1.0,0,0.0
labels_without_gating,1,46,context_conflict,False,True,True,True,go,ungated-base-proposal,0,0,1,0.0,1.0,1,0.0,0.0,0.0,0,0.0
oracle_visible_state,1,46,context_conflict,False,True,True,True,hold,oracle-visible-state,1,0,1,1.0,0.0,0,0.0,0.0,0.0,0,0.0
benign_agreement,1,46,context_conflict,False,True,True,True,hold,base-proposal-hold,0,0,0,1.0,0.0,0,0.0,0.0,0.0,0,0.0
provenance_preserving,1,47,human_override,True,True,True,True,go,dominant-support-certificate,1,1,1,1.0,0.0,0,0.0,0.0,0.0,0,0.0
provenance_erased,1,47,human_override,True,True,True,True,hold,uncertified-dominance-failed:ready;craneOK;etaOnTime;weatherSafe,0,1,1,0.0,1.0,0,1.0,1.0,1.0,0,1.0
random_label_placebo,1,47,human_override,True,True,True,True,go,dominant-support-certificate,1,1,1,1.0,0.0,0,0.0,0.0,0.0,0,0.0
labels_without_gating,1,47,human_override,True,True,True,True,go,ungated-base-proposal,0,0,1,1.0,0.0,0,0.0,0.0,0.0,0,0.0
oracle_visible_state,1,47,human_override,True,True,True,True,go,oracle-visible-state,1,0,1,1.0,0.0,0,0.0,0.0,0.0,0,0.0
benign_agreement,1,47,human_override,True,True,True,True,go,dominant-support-certificate,1,1,0,1.0,0.0,0,0.0,0.0,0.0,0,0.0
provenance_preserving,1,48,authority_conflict,False,True,True,True,hold,uncertified-dominance-failed:ready,0,1,1,1.0,0.0,0,0.0,0.0,1.0,0,0.0
provenance_erased,1,48,authority_conflict,False,True,True,True,hold,uncertified-dominance-failed:ready;craneOK;etaOnTime;weatherSafe,0,1,1,1.0,0.0,0,0.0,0.0,1.0,0,0.0
random_label_placebo,1,48,authority_conflict,False,True,True,True,hold,uncertified-dominance-failed:ready,0,1,1,1.0,0.0,0,0.0,0.0,1.0,0,0.0
labels_without_gating,1,48,authority_conflict,False,True,True,True,go,ungated-base-proposal,0,0,1,0.0,1.0,1,0.0,0.0,0.0,0,0.0
oracle_visible_state,1,48,authority_conflict,False,True,True,True,hold,oracle-visible-state,1,0,1,1.0,0.0,0,0.0,0.0,0.0,0,0.0
benign_agreement,1,48,authority_conflict,False,True,True,True,hold,base-proposal-hold,0,0,0,1.0,0.0,0,0.0,0.0,0.0,0,0.0
provenance_preserving,1,49,freshness_conflict,True,True,False,True,hold,uncertified-dominance-failed:etaOnTime,0,1,1,1.0,0.0,0,0.0,0.0,1.0,0,0.0
provenance_erased,1,49,freshness_conflict,True,True,False,True,hold,uncertified-dominance-failed:ready;craneOK;etaOnTime;weatherSafe,0,1,1,1.0,0.0,0,0.0,0.0,1.0,0,0.0
random_label_placebo,1,49,freshness_conflict,True,True,False,True,hold,uncertified-dominance-failed:etaOnTime,0,1,1,1.0,0.0,0,0.0,0.0,1.0,0,0.0
labels_without_gating,1,49,freshness_conflict,True,True,False,True,go,ungated-base-proposal,0,0,1,0.0,1.0,1,0.0,0.0,0.0,0,0.0
oracle_visible_state,1,49,freshness_conflict,True,True,False,True,hold,oracle-visible-state,1,0,1,1.0,0.0,0,0.0,0.0,0.0,0,0.0
benign_agreement,1,49,freshness_conflict,True,True,False,True,hold,base-proposal-hold,0,0,0,1.0,0.0,0,0.0,0.0,0.0,0,0.0
provenance_preserving,1,50,context_conflict,True,True,True,True,go,dominant-support-certificate,1,1,1,1.0,0.0,0,0.0,0.0,0.0,0,0.0
provenance_erased,1,50,context_conflict,True,True,True,True,hold,uncertified-dominance-failed:ready;craneOK;etaOnTime;weatherSafe,0,1,1,0.0,1.0,0,1.0,1.0,1.0,0,1.0
random_label_placebo,1,50,context_conflict,True,True,True,True,go,dominant-support-certificate,1,1,1,1.0,0.0,0,0.0,0.0,0.0,0,0.0
labels_without_gating,1,50,context_conflict,True,True,True,True,go,ungated-base-proposal,0,0,1,1.0,0.0,0,0.0,0.0,0.0,0,0.0
oracle_visible_state,1,50,context_conflict,True,True,True,True,go,oracle-visible-state,1,0,1,1.0,0.0,0,0.0,0.0,0.0,0,0.0
benign_agreement,1,50,context_conflict,True,True,True,True,go,dominant-support-certificate,1,1,0,1.0,0.0,0,0.0,0.0,0.0,0,0.0
provenance_preserving,1,51,human_override,True,True,True,False,hold,uncertified-dominance-failed:weatherSafe,0,1,1,1.0,0.0,0,0.0,0.0,1.0,0,0.0
provenance_erased,1,51,human_override,True,True,True,False,hold,uncertified-dominance-failed:ready;craneOK;etaOnTime;weatherSafe,0,1,1,1.0,0.0,0,0.0,0.0,1.0,0,0.0
random_label_placebo,1,51,human_override,True,True,True,False,hold,uncertified-dominance-failed:weatherSafe,0,1,1,1.0,0.0,0,0.0,0.0,1.0,0,0.0
labels_without_gating,1,51,human_override,True,True,True,False,go,ungated-base-proposal,0,0,1,0.0,1.0,1,0.0,0.0,0.0,0,0.0
oracle_visible_state,1,51,human_override,True,True,True,False,hold,oracle-visible-state,1,0,1,1.0,0.0,0,0.0,0.0,0.0,0,0.0
benign_agreement,1,51,human_override,True,True,True,False,hold,base-proposal-hold,0,0,0,1.0,0.0,0,0.0,0.0,0.0,0,0.0
provenance_preserving,1,52,authority_conflict,False,True,True,True,hold,uncertified-dominance-failed:ready,0,1,1,1.0,0.0,0,0.0,0.0,1.0,0,0.0
provenance_erased,1,52,authority_conflict,False,True,True,True,hold,uncertified-dominance-failed:ready;craneOK;etaOnTime;weatherSafe,0,1,1,1.0,0.0,0,0.0,0.0,1.0,0,0.0
random_label_placebo,1,52,authority_conflict,False,True,True,True,hold,uncertified-dominance-failed:ready,0,1,1,1.0,0.0,0,0.0,0.0,1.0,0,0.0
labels_without_gating,1,52,authority_conflict,False,True,True,True,go,ungated-base-proposal,0,0,1,0.0,1.0,1,0.0,0.0,0.0,0,0.0
oracle_visible_state,1,52,authority_conflict,False,True,True,True,hold,oracle-visible-state,1,0,1,1.0,0.0,0,0.0,0.0,0.0,0,0.0
benign_agreement,1,52,authority_conflict,False,True,True,True,hold,base-proposal-hold,0,0,0,1.0,0.0,0,0.0,0.0,0.0,0,0.0
provenance_preserving,1,53,freshness_conflict,True,True,False,True,hold,uncertified-dominance-failed:etaOnTime,0,1,1,1.0,0.0,0,0.0,0.0,1.0,0,0.0
provenance_erased,1,53,freshness_conflict,True,True,False,True,hold,uncertified-dominance-failed:ready;craneOK;etaOnTime;weatherSafe,0,1,1,1.0,0.0,0,0.0,0.0,1.0,0,0.0
random_label_placebo,1,53,freshness_conflict,True,True,False,True,hold,uncertified-dominance-failed:etaOnTime,0,1,1,1.0,0.0,0,0.0,0.0,1.0,0,0.0
labels_without_gating,1,53,freshness_conflict,True,True,False,True,go,ungated-base-proposal,0,0,1,0.0,1.0,1,0.0,0.0,0.0,0,0.0
oracle_visible_state,1,53,freshness_conflict,True,True,False,True,hold,oracle-visible-state,1,0,1,1.0,0.0,0,0.0,0.0,0.0,0,0.0
benign_agreement,1,53,freshness_conflict,True,True,False,True,hold,base-proposal-hold,0,0,0,1.0,0.0,0,0.0,0.0,0.0,0,0.0
provenance_preserving,1,54,context_conflict,False,True,True,True,hold,uncertified-dominance-failed:ready,0,1,1,1.0,0.0,0,0.0,0.0,1.0,0,0.0
provenance_erased,1,54,context_conflict,False,True,True,True,hold,uncertified-dominance-failed:ready;craneOK;etaOnTime;weatherSafe,0,1,1,1.0,0.0,0,0.0,0.0,1.0,0,0.0
random_label_placebo,1,54,context_conflict,False,True,True,True,go,dominant-support-certificate,1,1,1,0.0,1.0,1,0.0,0.0,0.0,1,0.0
labels_without_gating,1,54,context_conflict,False,True,True,True,go,ungated-base-proposal,0,0,1,0.0,1.0,1,0.0,0.0,0.0,0,0.0
oracle_visible_state,1,54,context_conflict,False,True,True,True,hold,oracle-visible-state,1,0,1,1.0,0.0,0,0.0,0.0,0.0,0,0.0
benign_agreement,1,54,context_conflict,False,True,True,True,hold,base-proposal-hold,0,0,0,1.0,0.0,0,0.0,0.0,0.0,0,0.0
provenance_preserving,1,55,human_override,True,True,True,False,hold,uncertified-dominance-failed:weatherSafe,0,1,1,1.0,0.0,0,0.0,0.0,1.0,0,0.0
provenance_erased,1,55,human_override,True,True,True,False,hold,uncertified-dominance-failed:ready;craneOK;etaOnTime;weatherSafe,0,1,1,1.0,0.0,0,0.0,0.0,1.0,0,0.0
random_label_placebo,1,55,human_override,True,True,True,False,hold,uncertified-dominance-failed:weatherSafe,0,1,1,1.0,0.0,0,0.0,0.0,1.0,0,0.0
labels_without_gating,1,55,human_override,True,True,True,False,go,ungated-base-proposal,0,0,1,0.0,1.0,1,0.0,0.0,0.0,0,0.0
oracle_visible_state,1,55,human_override,True,True,True,False,hold,oracle-visible-state,1,0,1,1.0,0.0,0,0.0,0.0,0.0,0,0.0
benign_agreement,1,55,human_override,True,True,True,False,hold,base-proposal-hold,0,0,0,1.0,0.0,0,0.0,0.0,0.0,0,0.0
provenance_preserving,1,56,authority_conflict,True,True,True,True,go,dominant-support-certificate,1,1,1,1.0,0.0,0,0.0,0.0,0.0,0,0.0
provenance_erased,1,56,authority_conflict,True,True,True,True,hold,uncertified-dominance-failed:ready;craneOK;etaOnTime;weatherSafe,0,1,1,0.0,1.0,0,1.0,1.0,1.0,0,1.0
random_label_placebo,1,56,authority_conflict,True,True,True,True,hold,uncertified-dominance-failed:ready,0,1,1,0.0,1.0,0,1.0,1.0,1.0,0,1.0
labels_without_gating,1,56,authority_conflict,True,True,True,True,go,ungated-base-proposal,0,0,1,1.0,0.0,0,0.0,0.0,0.0,0,0.0
oracle_visible_state,1,56,authority_conflict,True,True,True,True,go,oracle-visible-state,1,0,1,1.0,0.0,0,0.0,0.0,0.0,0,0.0
benign_agreement,1,56,authority_conflict,True,True,True,True,go,dominant-support-certificate,1,1,0,1.0,0.0,0,0.0,0.0,0.0,0,0.0
provenance_preserving,1,57,freshness_conflict,True,True,True,True,go,dominant-support-certificate,1,1,1,1.0,0.0,0,0.0,0.0,0.0,0,0.0
provenance_erased,1,57,freshness_conflict,True,True,True,True,hold,uncertified-dominance-failed:ready;craneOK;etaOnTime;weatherSafe,0,1,1,0.0,1.0,0,1.0,1.0,1.0,0,1.0
random_label_placebo,1,57,freshness_conflict,True,True,True,True,go,dominant-support-certificate,1,1,1,1.0,0.0,0,0.0,0.0,0.0,0,0.0
labels_without_gating,1,57,freshness_conflict,True,True,True,True,go,ungated-base-proposal,0,0,1,1.0,0.0,0,0.0,0.0,0.0,0,0.0
oracle_visible_state,1,57,freshness_conflict,True,True,True,True,go,oracle-visible-state,1,0,1,1.0,0.0,0,0.0,0.0,0.0,0,0.0
benign_agreement,1,57,freshness_conflict,True,True,True,True,go,dominant-support-certificate,1,1,0,1.0,0.0,0,0.0,0.0,0.0,0,0.0
provenance_preserving,1,58,context_conflict,False,True,True,True,hold,uncertified-dominance-failed:ready,0,1,1,1.0,0.0,0,0.0,0.0,1.0,0,0.0
provenance_erased,1,58,context_conflict,False,True,True,True,hold,uncertified-dominance-failed:ready;craneOK;etaOnTime;weatherSafe,0,1,1,1.0,0.0,0,0.0,0.0,1.0,0,0.0
random_label_placebo,1,58,context_conflict,False,True,True,True,hold,uncertified-dominance-failed:ready,0,1,1,1.0,0.0,0,0.0,0.0,1.0,0,0.0
labels_without_gating,1,58,context_conflict,False,True,True,True,go,ungated-base-proposal,0,0,1,0.0,1.0,1,0.0,0.0,0.0,0,0.0
oracle_visible_state,1,58,context_conflict,False,True,True,True,hold,oracle-visible-state,1,0,1,1.0,0.0,0,0.0,0.0,0.0,0,0.0
benign_agreement,1,58,context_conflict,False,True,True,True,hold,base-proposal-hold,0,0,0,1.0,0.0,0,0.0,0.0,0.0,0,0.0
provenance_preserving,1,59,human_override,True,True,True,True,go,dominant-support-certificate,1,1,1,1.0,0.0,0,0.0,0.0,0.0,0,0.0
provenance_erased,1,59,human_override,True,True,True,True,hold,uncertified-dominance-failed:ready;craneOK;etaOnTime;weatherSafe,0,1,1,0.0,1.0,0,1.0,1.0,1.0,0,1.0
random_label_placebo,1,59,human_override,True,True,True,True,hold,uncertified-dominance-failed:weatherSafe,0,1,1,0.0,1.0,0,1.0,1.0,1.0,0,1.0
labels_without_gating,1,59,human_override,True,True,True,True,go,ungated-base-proposal,0,0,1,1.0,0.0,0,0.0,0.0,0.0,0,0.0
oracle_visible_state,1,59,human_override,True,True,True,True,go,oracle-visible-state,1,0,1,1.0,0.0,0,0.0,0.0,0.0,0,0.0
benign_agreement,1,59,human_override,True,True,True,True,go,dominant-support-certificate,1,1,0,1.0,0.0,0,0.0,0.0,0.0,0,0.0
provenance_preserving,1,60,authority_conflict,True,True,True,True,go,dominant-support-certificate,1,1,1,1.0,0.0,0,0.0,0.0,0.0,0,0.0
provenance_erased,1,60,authority_conflict,True,True,True,True,hold,uncertified-dominance-failed:ready;craneOK;etaOnTime;weatherSafe,0,1,1,0.0,1.0,0,1.0,1.0,1.0,0,1.0
random_label_placebo,1,60,authority_conflict,True,True,True,True,hold,uncertified-dominance-failed:ready,0,1,1,0.0,1.0,0,1.0,1.0,1.0,0,1.0
labels_without_gating,1,60,authority_conflict,True,True,True,True,go,ungated-base-proposal,0,0,1,1.0,0.0,0,0.0,0.0,0.0,0,0.0
oracle_visible_state,1,60,authority_conflict,True,True,True,True,go,oracle-visible-state,1,0,1,1.0,0.0,0,0.0,0.0,0.0,0,0.0
benign_agreement,1,60,authority_conflict,True,True,True,True,go,dominant-support-certificate,1,1,0,1.0,0.0,0,0.0,0.0,0.0,0,0.0
provenance_preserving,1,61,freshness_conflict,True,True,False,True,hold,uncertified-dominance-failed:etaOnTime,0,1,1,1.0,0.0,0,0.0,0.0,1.0,0,0.0
provenance_erased,1,61,freshness_conflict,True,True,False,True,hold,uncertified-dominance-failed:ready;craneOK;etaOnTime;weatherSafe,0,1,1,1.0,0.0,0,0.0,0.0,1.0,0,0.0
random_label_placebo,1,61,freshness_conflict,True,True,False,True,hold,uncertified-dominance-failed:etaOnTime,0,1,1,1.0,0.0,0,0.0,0.0,1.0,0,0.0
labels_without_gating,1,61,freshness_conflict,True,True,False,True,go,ungated-base-proposal,0,0,1,0.0,1.0,1,0.0,0.0,0.0,0,0.0
oracle_visible_state,1,61,freshness_conflict,True,True,False,True,hold,oracle-visible-state,1,0,1,1.0,0.0,0,0.0,0.0,0.0,0,0.0
benign_agreement,1,61,freshness_conflict,True,True,False,True,hold,base-proposal-hold,0,0,0,1.0,0.0,0,0.0,0.0,0.0,0,0.0
provenance_preserving,1,62,context_conflict,False,True,True,True,hold,uncertified-dominance-failed:ready,0,1,1,1.0,0.0,0,0.0,0.0,1.0,0,0.0
provenance_erased,1,62,context_conflict,False,True,True,True,hold,uncertified-dominance-failed:ready;craneOK;etaOnTime;weatherSafe,0,1,1,1.0,0.0,0,0.0,0.0,1.0,0,0.0
random_label_placebo,1,62,context_conflict,False,True,True,True,go,dominant-support-certificate,1,1,1,0.0,1.0,1,0.0,0.0,0.0,1,0.0
labels_without_gating,1,62,context_conflict,False,True,True,True,go,ungated-base-proposal,0,0,1,0.0,1.0,1,0.0,0.0,0.0,0,0.0
oracle_visible_state,1,62,context_conflict,False,True,True,True,hold,oracle-visible-state,1,0,1,1.0,0.0,0,0.0,0.0,0.0,0,0.0
benign_agreement,1,62,context_conflict,False,True,True,True,hold,base-proposal-hold,0,0,0,1.0,0.0,0,0.0,0.0,0.0,0,0.0
provenance_preserving,1,63,human_override,True,True,True,False,hold,uncertified-dominance-failed:weatherSafe,0,1,1,1.0,0.0,0,0.0,0.0,1.0,0,0.0
provenance_erased,1,63,human_override,True,True,True,False,hold,uncertified-dominance-failed:ready;craneOK;etaOnTime;weatherSafe,0,1,1,1.0,0.0,0,0.0,0.0,1.0,0,0.0
random_label_placebo,1,63,human_override,True,True,True,False,hold,uncertified-dominance-failed:weatherSafe,0,1,1,1.0,0.0,0,0.0,0.0,1.0,0,0.0
labels_without_gating,1,63,human_override,True,True,True,False,go,ungated-base-proposal,0,0,1,0.0,1.0,1,0.0,0.0,0.0,0,0.0
oracle_visible_state,1,63,human_override,True,True,True,False,hold,oracle-visible-state,1,0,1,1.0,0.0,0,0.0,0.0,0.0,0,0.0
benign_agreement,1,63,human_override,True,True,True,False,hold,base-proposal-hold,0,0,0,1.0,0.0,0,0.0,0.0,0.0,0,0.0
provenance_preserving,1,64,authority_conflict,True,True,True,True,go,dominant-support-certificate,1,1,1,1.0,0.0,0,0.0,0.0,0.0,0,0.0
provenance_erased,1,64,authority_conflict,True,True,True,True,hold,uncertified-dominance-failed:ready;craneOK;etaOnTime;weatherSafe,0,1,1,0.0,1.0,0,1.0,1.0,1.0,0,1.0
random_label_placebo,1,64,authority_conflict,True,True,True,True,go,dominant-support-certificate,1,1,1,1.0,0.0,0,0.0,0.0,0.0,0,0.0
labels_without_gating,1,64,authority_conflict,True,True,True,True,go,ungated-base-proposal,0,0,1,1.0,0.0,0,0.0,0.0,0.0,0,0.0
oracle_visible_state,1,64,authority_conflict,True,True,True,True,go,oracle-visible-state,1,0,1,1.0,0.0,0,0.0,0.0,0.0,0,0.0
benign_agreement,1,64,authority_conflict,True,True,True,True,go,dominant-support-certificate,1,1,0,1.0,0.0,0,0.0,0.0,0.0,0,0.0
provenance_preserving,1,65,freshness_conflict,True,True,True,True,go,dominant-support-certificate,1,1,1,1.0,0.0,0,0.0,0.0,0.0,0,0.0
provenance_erased,1,65,freshness_conflict,True,True,True,True,hold,uncertified-dominance-failed:ready;craneOK;etaOnTime;weatherSafe,0,1,1,0.0,1.0,0,1.0,1.0,1.0,0,1.0
random_label_placebo,1,65,freshness_conflict,True,True,True,True,go,dominant-support-certificate,1,1,1,1.0,0.0,0,0.0,0.0,0.0,0,0.0
labels_without_gating,1,65,freshness_conflict,True,True,True,True,go,ungated-base-proposal,0,0,1,1.0,0.0,0,0.0,0.0,0.0,0,0.0
oracle_visible_state,1,65,freshness_conflict,True,True,True,True,go,oracle-visible-state,1,0,1,1.0,0.0,0,0.0,0.0,0.0,0,0.0
benign_agreement,1,65,freshness_conflict,True,True,True,True,go,dominant-support-certificate,1,1,0,1.0,0.0,0,0.0,0.0,0.0,0,0.0
provenance_preserving,1,66,context_conflict,False,True,True,True,hold,uncertified-dominance-failed:ready,0,1,1,1.0,0.0,0,0.0,0.0,1.0,0,0.0
provenance_erased,1,66,context_conflict,False,True,True,True,hold,uncertified-dominance-failed:ready;craneOK;etaOnTime;weatherSafe,0,1,1,1.0,0.0,0,0.0,0.0,1.0,0,0.0
random_label_placebo,1,66,context_conflict,False,True,True,True,hold,uncertified-dominance-failed:ready,0,1,1,1.0,0.0,0,0.0,0.0,1.0,0,0.0
labels_without_gating,1,66,context_conflict,False,True,True,True,go,ungated-base-proposal,0,0,1,0.0,1.0,1,0.0,0.0,0.0,0,0.0
oracle_visible_state,1,66,context_conflict,False,True,True,True,hold,oracle-visible-state,1,0,1,1.0,0.0,0,0.0,0.0,0.0,0,0.0
benign_agreement,1,66,context_conflict,False,True,True,True,hold,base-proposal-hold,0,0,0,1.0,0.0,0,0.0,0.0,0.0,0,0.0
provenance_preserving,1,67,human_override,True,True,True,False,hold,uncertified-dominance-failed:weatherSafe,0,1,1,1.0,0.0,0,0.0,0.0,1.0,0,0.0
provenance_erased,1,67,human_override,True,True,True,False,hold,uncertified-dominance-failed:ready;craneOK;etaOnTime;weatherSafe,0,1,1,1.0,0.0,0,0.0,0.0,1.0,0,0.0
random_label_placebo,1,67,human_override,True,True,True,False,hold,uncertified-dominance-failed:weatherSafe,0,1,1,1.0,0.0,0,0.0,0.0,1.0,0,0.0
labels_without_gating,1,67,human_override,True,True,True,False,go,ungated-base-proposal,0,0,1,0.0,1.0,1,0.0,0.0,0.0,0,0.0
oracle_visible_state,1,67,human_override,True,True,True,False,hold,oracle-visible-state,1,0,1,1.0,0.0,0,0.0,0.0,0.0,0,0.0
benign_agreement,1,67,human_override,True,True,True,False,hold,base-proposal-hold,0,0,0,1.0,0.0,0,0.0,0.0,0.0,0,0.0
provenance_preserving,1,68,authority_conflict,False,True,True,True,hold,uncertified-dominance-failed:ready,0,1,1,1.0,0.0,0,0.0,0.0,1.0,0,0.0
provenance_erased,1,68,authority_conflict,False,True,True,True,hold,uncertified-dominance-failed:ready;craneOK;etaOnTime;weatherSafe,0,1,1,1.0,0.0,0,0.0,0.0,1.0,0,0.0
random_label_placebo,1,68,authority_conflict,False,True,True,True,go,dominant-support-certificate,1,1,1,0.0,1.0,1,0.0,0.0,0.0,1,0.0
labels_without_gating,1,68,authority_conflict,False,True,True,True,go,ungated-base-proposal,0,0,1,0.0,1.0,1,0.0,0.0,0.0,0,0.0
oracle_visible_state,1,68,authority_conflict,False,True,True,True,hold,oracle-visible-state,1,0,1,1.0,0.0,0,0.0,0.0,0.0,0,0.0
benign_agreement,1,68,authority_conflict,False,True,True,True,hold,base-proposal-hold,0,0,0,1.0,0.0,0,0.0,0.0,0.0,0,0.0
provenance_preserving,1,69,freshness_conflict,True,True,True,True,go,dominant-support-certificate,1,1,1,1.0,0.0,0,0.0,0.0,0.0,0,0.0
provenance_erased,1,69,freshness_conflict,True,True,True,True,hold,uncertified-dominance-failed:ready;craneOK;etaOnTime;weatherSafe,0,1,1,0.0,1.0,0,1.0,1.0,1.0,0,1.0
random_label_placebo,1,69,freshness_conflict,True,True,True,True,go,dominant-support-certificate,1,1,1,1.0,0.0,0,0.0,0.0,0.0,0,0.0
labels_without_gating,1,69,freshness_conflict,True,True,True,True,go,ungated-base-proposal,0,0,1,1.0,0.0,0,0.0,0.0,0.0,0,0.0
oracle_visible_state,1,69,freshness_conflict,True,True,True,True,go,oracle-visible-state,1,0,1,1.0,0.0,0,0.0,0.0,0.0,0,0.0
benign_agreement,1,69,freshness_conflict,True,True,True,True,go,dominant-support-certificate,1,1,0,1.0,0.0,0,0.0,0.0,0.0,0,0.0
provenance_preserving,1,70,context_conflict,True,True,True,True,go,dominant-support-certificate,1,1,1,1.0,0.0,0,0.0,0.0,0.0,0,0.0
provenance_erased,1,70,context_conflict,True,True,True,True,hold,uncertified-dominance-failed:ready;craneOK;etaOnTime;weatherSafe,0,1,1,0.0,1.0,0,1.0,1.0,1.0,0,1.0
random_label_placebo,1,70,context_conflict,True,True,True,True,hold,uncertified-dominance-failed:ready,0,1,1,0.0,1.0,0,1.0,1.0,1.0,0,1.0
labels_without_gating,1,70,context_conflict,True,True,True,True,go,ungated-base-proposal,0,0,1,1.0,0.0,0,0.0,0.0,0.0,0,0.0
oracle_visible_state,1,70,context_conflict,True,True,True,True,go,oracle-visible-state,1,0,1,1.0,0.0,0,0.0,0.0,0.0,0,0.0
benign_agreement,1,70,context_conflict,True,True,True,True,go,dominant-support-certificate,1,1,0,1.0,0.0,0,0.0,0.0,0.0,0,0.0
provenance_preserving,1,71,human_override,True,True,True,True,go,dominant-support-certificate,1,1,1,1.0,0.0,0,0.0,0.0,0.0,0,0.0
provenance_erased,1,71,human_override,True,True,True,True,hold,uncertified-dominance-failed:ready;craneOK;etaOnTime;weatherSafe,0,1,1,0.0,1.0,0,1.0,1.0,1.0,0,1.0
random_label_placebo,1,71,human_override,True,True,True,True,hold,uncertified-dominance-failed:weatherSafe,0,1,1,0.0,1.0,0,1.0,1.0,1.0,0,1.0
labels_without_gating,1,71,human_override,True,True,True,True,go,ungated-base-proposal,0,0,1,1.0,0.0,0,0.0,0.0,0.0,0,0.0
oracle_visible_state,1,71,human_override,True,True,True,True,go,oracle-visible-state,1,0,1,1.0,0.0,0,0.0,0.0,0.0,0,0.0
benign_agreement,1,71,human_override,True,True,True,True,go,dominant-support-certificate,1,1,0,1.0,0.0,0,0.0,0.0,0.0,0,0.0
provenance_preserving,1,72,authority_conflict,True,True,True,True,go,dominant-support-certificate,1,1,1,1.0,0.0,0,0.0,0.0,0.0,0,0.0
provenance_erased,1,72,authority_conflict,True,True,True,True,hold,uncertified-dominance-failed:ready;craneOK;etaOnTime;weatherSafe,0,1,1,0.0,1.0,0,1.0,1.0,1.0,0,1.0
random_label_placebo,1,72,authority_conflict,True,True,True,True,go,dominant-support-certificate,1,1,1,1.0,0.0,0,0.0,0.0,0.0,0,0.0
labels_without_gating,1,72,authority_conflict,True,True,True,True,go,ungated-base-proposal,0,0,1,1.0,0.0,0,0.0,0.0,0.0,0,0.0
oracle_visible_state,1,72,authority_conflict,True,True,True,True,go,oracle-visible-state,1,0,1,1.0,0.0,0,0.0,0.0,0.0,0,0.0
benign_agreement,1,72,authority_conflict,True,True,True,True,go,dominant-support-certificate,1,1,0,1.0,0.0,0,0.0,0.0,0.0,0,0.0
provenance_preserving,1,73,freshness_conflict,True,True,False,True,hold,uncertified-dominance-failed:etaOnTime,0,1,1,1.0,0.0,0,0.0,0.0,1.0,0,0.0
provenance_erased,1,73,freshness_conflict,True,True,False,True,hold,uncertified-dominance-failed:ready;craneOK;etaOnTime;weatherSafe,0,1,1,1.0,0.0,0,0.0,0.0,1.0,0,0.0
random_label_placebo,1,73,freshness_conflict,True,True,False,True,hold,uncertified-dominance-failed:etaOnTime,0,1,1,1.0,0.0,0,0.0,0.0,1.0,0,0.0
labels_without_gating,1,73,freshness_conflict,True,True,False,True,go,ungated-base-proposal,0,0,1,0.0,1.0,1,0.0,0.0,0.0,0,0.0
oracle_visible_state,1,73,freshness_conflict,True,True,False,True,hold,oracle-visible-state,1,0,1,1.0,0.0,0,0.0,0.0,0.0,0,0.0
benign_agreement,1,73,freshness_conflict,True,True,False,True,hold,base-proposal-hold,0,0,0,1.0,0.0,0,0.0,0.0,0.0,0,0.0
provenance_preserving,1,74,context_conflict,False,True,True,True,hold,uncertified-dominance-failed:ready,0,1,1,1.0,0.0,0,0.0,0.0,1.0,0,0.0
provenance_erased,1,74,context_conflict,False,True,True,True,hold,uncertified-dominance-failed:ready;craneOK;etaOnTime;weatherSafe,0,1,1,1.0,0.0,0,0.0,0.0,1.0,0,0.0
random_label_placebo,1,74,context_conflict,False,True,True,True,hold,uncertified-dominance-failed:ready,0,1,1,1.0,0.0,0,0.0,0.0,1.0,0,0.0
labels_without_gating,1,74,context_conflict,False,True,True,True,go,ungated-base-proposal,0,0,1,0.0,1.0,1,0.0,0.0,0.0,0,0.0
oracle_visible_state,1,74,context_conflict,False,True,True,True,hold,oracle-visible-state,1,0,1,1.0,0.0,0,0.0,0.0,0.0,0,0.0
benign_agreement,1,74,context_conflict,False,True,True,True,hold,base-proposal-hold,0,0,0,1.0,0.0,0,0.0,0.0,0.0,0,0.0
provenance_preserving,1,75,human_override,True,True,True,False,hold,uncertified-dominance-failed:weatherSafe,0,1,1,1.0,0.0,0,0.0,0.0,1.0,0,0.0
provenance_erased,1,75,human_override,True,True,True,False,hold,uncertified-dominance-failed:ready;craneOK;etaOnTime;weatherSafe,0,1,1,1.0,0.0,0,0.0,0.0,1.0,0,0.0
random_label_placebo,1,75,human_override,True,True,True,False,hold,uncertified-dominance-failed:weatherSafe,0,1,1,1.0,0.0,0,0.0,0.0,1.0,0,0.0
labels_without_gating,1,75,human_override,True,True,True,False,go,ungated-base-proposal,0,0,1,0.0,1.0,1,0.0,0.0,0.0,0,0.0
oracle_visible_state,1,75,human_override,True,True,True,False,hold,oracle-visible-state,1,0,1,1.0,0.0,0,0.0,0.0,0.0,0,0.0
benign_agreement,1,75,human_override,True,True,True,False,hold,base-proposal-hold,0,0,0,1.0,0.0,0,0.0,0.0,0.0,0,0.0
provenance_preserving,1,76,authority_conflict,True,True,True,True,go,dominant-support-certificate,1,1,1,1.0,0.0,0,0.0,0.0,0.0,0,0.0
provenance_erased,1,76,authority_conflict,True,True,True,True,hold,uncertified-dominance-failed:ready;craneOK;etaOnTime;weatherSafe,0,1,1,0.0,1.0,0,1.0,1.0,1.0,0,1.0
random_label_placebo,1,76,authority_conflict,True,True,True,True,go,dominant-support-certificate,1,1,1,1.0,0.0,0,0.0,0.0,0.0,0,0.0
labels_without_gating,1,76,authority_conflict,True,True,True,True,go,ungated-base-proposal,0,0,1,1.0,0.0,0,0.0,0.0,0.0,0,0.0
oracle_visible_state,1,76,authority_conflict,True,True,True,True,go,oracle-visible-state,1,0,1,1.0,0.0,0,0.0,0.0,0.0,0,0.0
benign_agreement,1,76,authority_conflict,True,True,True,True,go,dominant-support-certificate,1,1,0,1.0,0.0,0,0.0,0.0,0.0,0,0.0
provenance_preserving,1,77,freshness_conflict,True,True,True,True,go,dominant-support-certificate,1,1,1,1.0,0.0,0,0.0,0.0,0.0,0,0.0
provenance_erased,1,77,freshness_conflict,True,True,True,True,hold,uncertified-dominance-failed:ready;craneOK;etaOnTime;weatherSafe,0,1,1,0.0,1.0,0,1.0,1.0,1.0,0,1.0
random_label_placebo,1,77,freshness_conflict,True,True,True,True,go,dominant-support-certificate,1,1,1,1.0,0.0,0,0.0,0.0,0.0,0,0.0
labels_without_gating,1,77,freshness_conflict,True,True,True,True,go,ungated-base-proposal,0,0,1,1.0,0.0,0,0.0,0.0,0.0,0,0.0
oracle_visible_state,1,77,freshness_conflict,True,True,True,True,go,oracle-visible-state,1,0,1,1.0,0.0,0,0.0,0.0,0.0,0,0.0
benign_agreement,1,77,freshness_conflict,True,True,True,True,go,dominant-support-certificate,1,1,0,1.0,0.0,0,0.0,0.0,0.0,0,0.0
provenance_preserving,1,78,context_conflict,False,True,True,True,hold,uncertified-dominance-failed:ready,0,1,1,1.0,0.0,0,0.0,0.0,1.0,0,0.0
provenance_erased,1,78,context_conflict,False,True,True,True,hold,uncertified-dominance-failed:ready;craneOK;etaOnTime;weatherSafe,0,1,1,1.0,0.0,0,0.0,0.0,1.0,0,0.0
random_label_placebo,1,78,context_conflict,False,True,True,True,hold,uncertified-dominance-failed:ready,0,1,1,1.0,0.0,0,0.0,0.0,1.0,0,0.0
labels_without_gating,1,78,context_conflict,False,True,True,True,go,ungated-base-proposal,0,0,1,0.0,1.0,1,0.0,0.0,0.0,0,0.0
oracle_visible_state,1,78,context_conflict,False,True,True,True,hold,oracle-visible-state,1,0,1,1.0,0.0,0,0.0,0.0,0.0,0,0.0
benign_agreement,1,78,context_conflict,False,True,True,True,hold,base-proposal-hold,0,0,0,1.0,0.0,0,0.0,0.0,0.0,0,0.0
provenance_preserving,1,79,human_override,True,True,True,False,hold,uncertified-dominance-failed:weatherSafe,0,1,1,1.0,0.0,0,0.0,0.0,1.0,0,0.0
provenance_erased,1,79,human_override,True,True,True,False,hold,uncertified-dominance-failed:ready;craneOK;etaOnTime;weatherSafe,0,1,1,1.0,0.0,0,0.0,0.0,1.0,0,0.0
random_label_placebo,1,79,human_override,True,True,True,False,go,dominant-support-certificate,1,1,1,0.0,1.0,1,0.0,0.0,0.0,1,0.0
labels_without_gating,1,79,human_override,True,True,True,False,go,ungated-base-proposal,0,0,1,0.0,1.0,1,0.0,0.0,0.0,0,0.0
oracle_visible_state,1,79,human_override,True,True,True,False,hold,oracle-visible-state,1,0,1,1.0,0.0,0,0.0,0.0,0.0,0,0.0
benign_agreement,1,79,human_override,True,True,True,False,hold,base-proposal-hold,0,0,0,1.0,0.0,0,0.0,0.0,0.0,0,0.0
provenance_preserving,2,0,authority_conflict,False,True,True,True,hold,uncertified-dominance-failed:ready,0,1,1,1.0,0.0,0,0.0,0.0,1.0,0,0.0
provenance_erased,2,0,authority_conflict,False,True,True,True,hold,uncertified-dominance-failed:ready;craneOK;etaOnTime;weatherSafe,0,1,1,1.0,0.0,0,0.0,0.0,1.0,0,0.0
random_label_placebo,2,0,authority_conflict,False,True,True,True,hold,uncertified-dominance-failed:ready,0,1,1,1.0,0.0,0,0.0,0.0,1.0,0,0.0
labels_without_gating,2,0,authority_conflict,False,True,True,True,go,ungated-base-proposal,0,0,1,0.0,1.0,1,0.0,0.0,0.0,0,0.0
oracle_visible_state,2,0,authority_conflict,False,True,True,True,hold,oracle-visible-state,1,0,1,1.0,0.0,0,0.0,0.0,0.0,0,0.0
benign_agreement,2,0,authority_conflict,False,True,True,True,hold,base-proposal-hold,0,0,0,1.0,0.0,0,0.0,0.0,0.0,0,0.0
provenance_preserving,2,1,freshness_conflict,True,True,False,True,hold,uncertified-dominance-failed:etaOnTime,0,1,1,1.0,0.0,0,0.0,0.0,1.0,0,0.0
provenance_erased,2,1,freshness_conflict,True,True,False,True,hold,uncertified-dominance-failed:ready;craneOK;etaOnTime;weatherSafe,0,1,1,1.0,0.0,0,0.0,0.0,1.0,0,0.0
random_label_placebo,2,1,freshness_conflict,True,True,False,True,hold,uncertified-dominance-failed:etaOnTime,0,1,1,1.0,0.0,0,0.0,0.0,1.0,0,0.0
labels_without_gating,2,1,freshness_conflict,True,True,False,True,go,ungated-base-proposal,0,0,1,0.0,1.0,1,0.0,0.0,0.0,0,0.0
oracle_visible_state,2,1,freshness_conflict,True,True,False,True,hold,oracle-visible-state,1,0,1,1.0,0.0,0,0.0,0.0,0.0,0,0.0
benign_agreement,2,1,freshness_conflict,True,True,False,True,hold,base-proposal-hold,0,0,0,1.0,0.0,0,0.0,0.0,0.0,0,0.0
provenance_preserving,2,2,context_conflict,True,True,True,True,go,dominant-support-certificate,1,1,1,1.0,0.0,0,0.0,0.0,0.0,0,0.0
provenance_erased,2,2,context_conflict,True,True,True,True,hold,uncertified-dominance-failed:ready;craneOK;etaOnTime;weatherSafe,0,1,1,0.0,1.0,0,1.0,1.0,1.0,0,1.0
random_label_placebo,2,2,context_conflict,True,True,True,True,go,dominant-support-certificate,1,1,1,1.0,0.0,0,0.0,0.0,0.0,0,0.0
labels_without_gating,2,2,context_conflict,True,True,True,True,go,ungated-base-proposal,0,0,1,1.0,0.0,0,0.0,0.0,0.0,0,0.0
oracle_visible_state,2,2,context_conflict,True,True,True,True,go,oracle-visible-state,1,0,1,1.0,0.0,0,0.0,0.0,0.0,0,0.0
benign_agreement,2,2,context_conflict,True,True,True,True,go,dominant-support-certificate,1,1,0,1.0,0.0,0,0.0,0.0,0.0,0,0.0
provenance_preserving,2,3,human_override,True,True,True,True,go,dominant-support-certificate,1,1,1,1.0,0.0,0,0.0,0.0,0.0,0,0.0
provenance_erased,2,3,human_override,True,True,True,True,hold,uncertified-dominance-failed:ready;craneOK;etaOnTime;weatherSafe,0,1,1,0.0,1.0,0,1.0,1.0,1.0,0,1.0
random_label_placebo,2,3,human_override,True,True,True,True,hold,uncertified-dominance-failed:weatherSafe,0,1,1,0.0,1.0,0,1.0,1.0,1.0,0,1.0
labels_without_gating,2,3,human_override,True,True,True,True,go,ungated-base-proposal,0,0,1,1.0,0.0,0,0.0,0.0,0.0,0,0.0
oracle_visible_state,2,3,human_override,True,True,True,True,go,oracle-visible-state,1,0,1,1.0,0.0,0,0.0,0.0,0.0,0,0.0
benign_agreement,2,3,human_override,True,True,True,True,go,dominant-support-certificate,1,1,0,1.0,0.0,0,0.0,0.0,0.0,0,0.0
provenance_preserving,2,4,authority_conflict,False,True,True,True,hold,uncertified-dominance-failed:ready,0,1,1,1.0,0.0,0,0.0,0.0,1.0,0,0.0
provenance_erased,2,4,authority_conflict,False,True,True,True,hold,uncertified-dominance-failed:ready;craneOK;etaOnTime;weatherSafe,0,1,1,1.0,0.0,0,0.0,0.0,1.0,0,0.0
random_label_placebo,2,4,authority_conflict,False,True,True,True,hold,uncertified-dominance-failed:ready,0,1,1,1.0,0.0,0,0.0,0.0,1.0,0,0.0
labels_without_gating,2,4,authority_conflict,False,True,True,True,go,ungated-base-proposal,0,0,1,0.0,1.0,1,0.0,0.0,0.0,0,0.0
oracle_visible_state,2,4,authority_conflict,False,True,True,True,hold,oracle-visible-state,1,0,1,1.0,0.0,0,0.0,0.0,0.0,0,0.0
benign_agreement,2,4,authority_conflict,False,True,True,True,hold,base-proposal-hold,0,0,0,1.0,0.0,0,0.0,0.0,0.0,0,0.0
provenance_preserving,2,5,freshness_conflict,True,True,False,True,hold,uncertified-dominance-failed:etaOnTime,0,1,1,1.0,0.0,0,0.0,0.0,1.0,0,0.0
provenance_erased,2,5,freshness_conflict,True,True,False,True,hold,uncertified-dominance-failed:ready;craneOK;etaOnTime;weatherSafe,0,1,1,1.0,0.0,0,0.0,0.0,1.0,0,0.0
random_label_placebo,2,5,freshness_conflict,True,True,False,True,hold,uncertified-dominance-failed:etaOnTime,0,1,1,1.0,0.0,0,0.0,0.0,1.0,0,0.0
labels_without_gating,2,5,freshness_conflict,True,True,False,True,go,ungated-base-proposal,0,0,1,0.0,1.0,1,0.0,0.0,0.0,0,0.0
oracle_visible_state,2,5,freshness_conflict,True,True,False,True,hold,oracle-visible-state,1,0,1,1.0,0.0,0,0.0,0.0,0.0,0,0.0
benign_agreement,2,5,freshness_conflict,True,True,False,True,hold,base-proposal-hold,0,0,0,1.0,0.0,0,0.0,0.0,0.0,0,0.0
provenance_preserving,2,6,context_conflict,False,True,True,True,hold,uncertified-dominance-failed:ready,0,1,1,1.0,0.0,0,0.0,0.0,1.0,0,0.0
provenance_erased,2,6,context_conflict,False,True,True,True,hold,uncertified-dominance-failed:ready;craneOK;etaOnTime;weatherSafe,0,1,1,1.0,0.0,0,0.0,0.0,1.0,0,0.0
random_label_placebo,2,6,context_conflict,False,True,True,True,go,dominant-support-certificate,1,1,1,0.0,1.0,1,0.0,0.0,0.0,1,0.0
labels_without_gating,2,6,context_conflict,False,True,True,True,go,ungated-base-proposal,0,0,1,0.0,1.0,1,0.0,0.0,0.0,0,0.0
oracle_visible_state,2,6,context_conflict,False,True,True,True,hold,oracle-visible-state,1,0,1,1.0,0.0,0,0.0,0.0,0.0,0,0.0
benign_agreement,2,6,context_conflict,False,True,True,True,hold,base-proposal-hold,0,0,0,1.0,0.0,0,0.0,0.0,0.0,0,0.0
provenance_preserving,2,7,human_override,True,True,True,True,go,dominant-support-certificate,1,1,1,1.0,0.0,0,0.0,0.0,0.0,0,0.0
provenance_erased,2,7,human_override,True,True,True,True,hold,uncertified-dominance-failed:ready;craneOK;etaOnTime;weatherSafe,0,1,1,0.0,1.0,0,1.0,1.0,1.0,0,1.0
random_label_placebo,2,7,human_override,True,True,True,True,go,dominant-support-certificate,1,1,1,1.0,0.0,0,0.0,0.0,0.0,0,0.0
labels_without_gating,2,7,human_override,True,True,True,True,go,ungated-base-proposal,0,0,1,1.0,0.0,0,0.0,0.0,0.0,0,0.0
oracle_visible_state,2,7,human_override,True,True,True,True,go,oracle-visible-state,1,0,1,1.0,0.0,0,0.0,0.0,0.0,0,0.0
benign_agreement,2,7,human_override,True,True,True,True,go,dominant-support-certificate,1,1,0,1.0,0.0,0,0.0,0.0,0.0,0,0.0
provenance_preserving,2,8,authority_conflict,False,True,True,True,hold,uncertified-dominance-failed:ready,0,1,1,1.0,0.0,0,0.0,0.0,1.0,0,0.0
provenance_erased,2,8,authority_conflict,False,True,True,True,hold,uncertified-dominance-failed:ready;craneOK;etaOnTime;weatherSafe,0,1,1,1.0,0.0,0,0.0,0.0,1.0,0,0.0
random_label_placebo,2,8,authority_conflict,False,True,True,True,hold,uncertified-dominance-failed:ready,0,1,1,1.0,0.0,0,0.0,0.0,1.0,0,0.0
labels_without_gating,2,8,authority_conflict,False,True,True,True,go,ungated-base-proposal,0,0,1,0.0,1.0,1,0.0,0.0,0.0,0,0.0
oracle_visible_state,2,8,authority_conflict,False,True,True,True,hold,oracle-visible-state,1,0,1,1.0,0.0,0,0.0,0.0,0.0,0,0.0
benign_agreement,2,8,authority_conflict,False,True,True,True,hold,base-proposal-hold,0,0,0,1.0,0.0,0,0.0,0.0,0.0,0,0.0
provenance_preserving,2,9,freshness_conflict,True,True,False,True,hold,uncertified-dominance-failed:etaOnTime,0,1,1,1.0,0.0,0,0.0,0.0,1.0,0,0.0
provenance_erased,2,9,freshness_conflict,True,True,False,True,hold,uncertified-dominance-failed:ready;craneOK;etaOnTime;weatherSafe,0,1,1,1.0,0.0,0,0.0,0.0,1.0,0,0.0
random_label_placebo,2,9,freshness_conflict,True,True,False,True,hold,uncertified-dominance-failed:etaOnTime,0,1,1,1.0,0.0,0,0.0,0.0,1.0,0,0.0
labels_without_gating,2,9,freshness_conflict,True,True,False,True,go,ungated-base-proposal,0,0,1,0.0,1.0,1,0.0,0.0,0.0,0,0.0
oracle_visible_state,2,9,freshness_conflict,True,True,False,True,hold,oracle-visible-state,1,0,1,1.0,0.0,0,0.0,0.0,0.0,0,0.0
benign_agreement,2,9,freshness_conflict,True,True,False,True,hold,base-proposal-hold,0,0,0,1.0,0.0,0,0.0,0.0,0.0,0,0.0
provenance_preserving,2,10,context_conflict,False,True,True,True,hold,uncertified-dominance-failed:ready,0,1,1,1.0,0.0,0,0.0,0.0,1.0,0,0.0
provenance_erased,2,10,context_conflict,False,True,True,True,hold,uncertified-dominance-failed:ready;craneOK;etaOnTime;weatherSafe,0,1,1,1.0,0.0,0,0.0,0.0,1.0,0,0.0
random_label_placebo,2,10,context_conflict,False,True,True,True,go,dominant-support-certificate,1,1,1,0.0,1.0,1,0.0,0.0,0.0,1,0.0
labels_without_gating,2,10,context_conflict,False,True,True,True,go,ungated-base-proposal,0,0,1,0.0,1.0,1,0.0,0.0,0.0,0,0.0
oracle_visible_state,2,10,context_conflict,False,True,True,True,hold,oracle-visible-state,1,0,1,1.0,0.0,0,0.0,0.0,0.0,0,0.0
benign_agreement,2,10,context_conflict,False,True,True,True,hold,base-proposal-hold,0,0,0,1.0,0.0,0,0.0,0.0,0.0,0,0.0
provenance_preserving,2,11,human_override,True,True,True,True,go,dominant-support-certificate,1,1,1,1.0,0.0,0,0.0,0.0,0.0,0,0.0
provenance_erased,2,11,human_override,True,True,True,True,hold,uncertified-dominance-failed:ready;craneOK;etaOnTime;weatherSafe,0,1,1,0.0,1.0,0,1.0,1.0,1.0,0,1.0
random_label_placebo,2,11,human_override,True,True,True,True,hold,uncertified-dominance-failed:weatherSafe,0,1,1,0.0,1.0,0,1.0,1.0,1.0,0,1.0
labels_without_gating,2,11,human_override,True,True,True,True,go,ungated-base-proposal,0,0,1,1.0,0.0,0,0.0,0.0,0.0,0,0.0
oracle_visible_state,2,11,human_override,True,True,True,True,go,oracle-visible-state,1,0,1,1.0,0.0,0,0.0,0.0,0.0,0,0.0
benign_agreement,2,11,human_override,True,True,True,True,go,dominant-support-certificate,1,1,0,1.0,0.0,0,0.0,0.0,0.0,0,0.0
provenance_preserving,2,12,authority_conflict,True,True,True,True,go,dominant-support-certificate,1,1,1,1.0,0.0,0,0.0,0.0,0.0,0,0.0
provenance_erased,2,12,authority_conflict,True,True,True,True,hold,uncertified-dominance-failed:ready;craneOK;etaOnTime;weatherSafe,0,1,1,0.0,1.0,0,1.0,1.0,1.0,0,1.0
random_label_placebo,2,12,authority_conflict,True,True,True,True,go,dominant-support-certificate,1,1,1,1.0,0.0,0,0.0,0.0,0.0,0,0.0
labels_without_gating,2,12,authority_conflict,True,True,True,True,go,ungated-base-proposal,0,0,1,1.0,0.0,0,0.0,0.0,0.0,0,0.0
oracle_visible_state,2,12,authority_conflict,True,True,True,True,go,oracle-visible-state,1,0,1,1.0,0.0,0,0.0,0.0,0.0,0,0.0
benign_agreement,2,12,authority_conflict,True,True,True,True,go,dominant-support-certificate,1,1,0,1.0,0.0,0,0.0,0.0,0.0,0,0.0
provenance_preserving,2,13,freshness_conflict,True,True,True,True,go,dominant-support-certificate,1,1,1,1.0,0.0,0,0.0,0.0,0.0,0,0.0
provenance_erased,2,13,freshness_conflict,True,True,True,True,hold,uncertified-dominance-failed:ready;craneOK;etaOnTime;weatherSafe,0,1,1,0.0,1.0,0,1.0,1.0,1.0,0,1.0
random_label_placebo,2,13,freshness_conflict,True,True,True,True,go,dominant-support-certificate,1,1,1,1.0,0.0,0,0.0,0.0,0.0,0,0.0
labels_without_gating,2,13,freshness_conflict,True,True,True,True,go,ungated-base-proposal,0,0,1,1.0,0.0,0,0.0,0.0,0.0,0,0.0
oracle_visible_state,2,13,freshness_conflict,True,True,True,True,go,oracle-visible-state,1,0,1,1.0,0.0,0,0.0,0.0,0.0,0,0.0
benign_agreement,2,13,freshness_conflict,True,True,True,True,go,dominant-support-certificate,1,1,0,1.0,0.0,0,0.0,0.0,0.0,0,0.0
provenance_preserving,2,14,context_conflict,False,True,True,True,hold,uncertified-dominance-failed:ready,0,1,1,1.0,0.0,0,0.0,0.0,1.0,0,0.0
provenance_erased,2,14,context_conflict,False,True,True,True,hold,uncertified-dominance-failed:ready;craneOK;etaOnTime;weatherSafe,0,1,1,1.0,0.0,0,0.0,0.0,1.0,0,0.0
random_label_placebo,2,14,context_conflict,False,True,True,True,hold,uncertified-dominance-failed:ready,0,1,1,1.0,0.0,0,0.0,0.0,1.0,0,0.0
labels_without_gating,2,14,context_conflict,False,True,True,True,go,ungated-base-proposal,0,0,1,0.0,1.0,1,0.0,0.0,0.0,0,0.0
oracle_visible_state,2,14,context_conflict,False,True,True,True,hold,oracle-visible-state,1,0,1,1.0,0.0,0,0.0,0.0,0.0,0,0.0
benign_agreement,2,14,context_conflict,False,True,True,True,hold,base-proposal-hold,0,0,0,1.0,0.0,0,0.0,0.0,0.0,0,0.0
provenance_preserving,2,15,human_override,True,True,True,False,hold,uncertified-dominance-failed:weatherSafe,0,1,1,1.0,0.0,0,0.0,0.0,1.0,0,0.0
provenance_erased,2,15,human_override,True,True,True,False,hold,uncertified-dominance-failed:ready;craneOK;etaOnTime;weatherSafe,0,1,1,1.0,0.0,0,0.0,0.0,1.0,0,0.0
random_label_placebo,2,15,human_override,True,True,True,False,hold,uncertified-dominance-failed:weatherSafe,0,1,1,1.0,0.0,0,0.0,0.0,1.0,0,0.0
labels_without_gating,2,15,human_override,True,True,True,False,go,ungated-base-proposal,0,0,1,0.0,1.0,1,0.0,0.0,0.0,0,0.0
oracle_visible_state,2,15,human_override,True,True,True,False,hold,oracle-visible-state,1,0,1,1.0,0.0,0,0.0,0.0,0.0,0,0.0
benign_agreement,2,15,human_override,True,True,True,False,hold,base-proposal-hold,0,0,0,1.0,0.0,0,0.0,0.0,0.0,0,0.0
provenance_preserving,2,16,authority_conflict,False,True,True,True,hold,uncertified-dominance-failed:ready,0,1,1,1.0,0.0,0,0.0,0.0,1.0,0,0.0
provenance_erased,2,16,authority_conflict,False,True,True,True,hold,uncertified-dominance-failed:ready;craneOK;etaOnTime;weatherSafe,0,1,1,1.0,0.0,0,0.0,0.0,1.0,0,0.0
random_label_placebo,2,16,authority_conflict,False,True,True,True,hold,uncertified-dominance-failed:ready,0,1,1,1.0,0.0,0,0.0,0.0,1.0,0,0.0
labels_without_gating,2,16,authority_conflict,False,True,True,True,go,ungated-base-proposal,0,0,1,0.0,1.0,1,0.0,0.0,0.0,0,0.0
oracle_visible_state,2,16,authority_conflict,False,True,True,True,hold,oracle-visible-state,1,0,1,1.0,0.0,0,0.0,0.0,0.0,0,0.0
benign_agreement,2,16,authority_conflict,False,True,True,True,hold,base-proposal-hold,0,0,0,1.0,0.0,0,0.0,0.0,0.0,0,0.0
provenance_preserving,2,17,freshness_conflict,True,True,False,True,hold,uncertified-dominance-failed:etaOnTime,0,1,1,1.0,0.0,0,0.0,0.0,1.0,0,0.0
provenance_erased,2,17,freshness_conflict,True,True,False,True,hold,uncertified-dominance-failed:ready;craneOK;etaOnTime;weatherSafe,0,1,1,1.0,0.0,0,0.0,0.0,1.0,0,0.0
random_label_placebo,2,17,freshness_conflict,True,True,False,True,hold,uncertified-dominance-failed:etaOnTime,0,1,1,1.0,0.0,0,0.0,0.0,1.0,0,0.0
labels_without_gating,2,17,freshness_conflict,True,True,False,True,go,ungated-base-proposal,0,0,1,0.0,1.0,1,0.0,0.0,0.0,0,0.0
oracle_visible_state,2,17,freshness_conflict,True,True,False,True,hold,oracle-visible-state,1,0,1,1.0,0.0,0,0.0,0.0,0.0,0,0.0
benign_agreement,2,17,freshness_conflict,True,True,False,True,hold,base-proposal-hold,0,0,0,1.0,0.0,0,0.0,0.0,0.0,0,0.0
provenance_preserving,2,18,context_conflict,True,True,True,True,go,dominant-support-certificate,1,1,1,1.0,0.0,0,0.0,0.0,0.0,0,0.0
provenance_erased,2,18,context_conflict,True,True,True,True,hold,uncertified-dominance-failed:ready;craneOK;etaOnTime;weatherSafe,0,1,1,0.0,1.0,0,1.0,1.0,1.0,0,1.0
random_label_placebo,2,18,context_conflict,True,True,True,True,hold,uncertified-dominance-failed:ready,0,1,1,0.0,1.0,0,1.0,1.0,1.0,0,1.0
labels_without_gating,2,18,context_conflict,True,True,True,True,go,ungated-base-proposal,0,0,1,1.0,0.0,0,0.0,0.0,0.0,0,0.0
oracle_visible_state,2,18,context_conflict,True,True,True,True,go,oracle-visible-state,1,0,1,1.0,0.0,0,0.0,0.0,0.0,0,0.0
benign_agreement,2,18,context_conflict,True,True,True,True,go,dominant-support-certificate,1,1,0,1.0,0.0,0,0.0,0.0,0.0,0,0.0
provenance_preserving,2,19,human_override,True,True,True,True,go,dominant-support-certificate,1,1,1,1.0,0.0,0,0.0,0.0,0.0,0,0.0
provenance_erased,2,19,human_override,True,True,True,True,hold,uncertified-dominance-failed:ready;craneOK;etaOnTime;weatherSafe,0,1,1,0.0,1.0,0,1.0,1.0,1.0,0,1.0
random_label_placebo,2,19,human_override,True,True,True,True,go,dominant-support-certificate,1,1,1,1.0,0.0,0,0.0,0.0,0.0,0,0.0
labels_without_gating,2,19,human_override,True,True,True,True,go,ungated-base-proposal,0,0,1,1.0,0.0,0,0.0,0.0,0.0,0,0.0
oracle_visible_state,2,19,human_override,True,True,True,True,go,oracle-visible-state,1,0,1,1.0,0.0,0,0.0,0.0,0.0,0,0.0
benign_agreement,2,19,human_override,True,True,True,True,go,dominant-support-certificate,1,1,0,1.0,0.0,0,0.0,0.0,0.0,0,0.0
provenance_preserving,2,20,authority_conflict,True,True,True,True,go,dominant-support-certificate,1,1,1,1.0,0.0,0,0.0,0.0,0.0,0,0.0
provenance_erased,2,20,authority_conflict,True,True,True,True,hold,uncertified-dominance-failed:ready;craneOK;etaOnTime;weatherSafe,0,1,1,0.0,1.0,0,1.0,1.0,1.0,0,1.0
random_label_placebo,2,20,authority_conflict,True,True,True,True,go,dominant-support-certificate,1,1,1,1.0,0.0,0,0.0,0.0,0.0,0,0.0
labels_without_gating,2,20,authority_conflict,True,True,True,True,go,ungated-base-proposal,0,0,1,1.0,0.0,0,0.0,0.0,0.0,0,0.0
oracle_visible_state,2,20,authority_conflict,True,True,True,True,go,oracle-visible-state,1,0,1,1.0,0.0,0,0.0,0.0,0.0,0,0.0
benign_agreement,2,20,authority_conflict,True,True,True,True,go,dominant-support-certificate,1,1,0,1.0,0.0,0,0.0,0.0,0.0,0,0.0
provenance_preserving,2,21,freshness_conflict,True,True,True,True,go,dominant-support-certificate,1,1,1,1.0,0.0,0,0.0,0.0,0.0,0,0.0
provenance_erased,2,21,freshness_conflict,True,True,True,True,hold,uncertified-dominance-failed:ready;craneOK;etaOnTime;weatherSafe,0,1,1,0.0,1.0,0,1.0,1.0,1.0,0,1.0
random_label_placebo,2,21,freshness_conflict,True,True,True,True,go,dominant-support-certificate,1,1,1,1.0,0.0,0,0.0,0.0,0.0,0,0.0
labels_without_gating,2,21,freshness_conflict,True,True,True,True,go,ungated-base-proposal,0,0,1,1.0,0.0,0,0.0,0.0,0.0,0,0.0
oracle_visible_state,2,21,freshness_conflict,True,True,True,True,go,oracle-visible-state,1,0,1,1.0,0.0,0,0.0,0.0,0.0,0,0.0
benign_agreement,2,21,freshness_conflict,True,True,True,True,go,dominant-support-certificate,1,1,0,1.0,0.0,0,0.0,0.0,0.0,0,0.0
provenance_preserving,2,22,context_conflict,True,True,True,True,go,dominant-support-certificate,1,1,1,1.0,0.0,0,0.0,0.0,0.0,0,0.0
provenance_erased,2,22,context_conflict,True,True,True,True,hold,uncertified-dominance-failed:ready;craneOK;etaOnTime;weatherSafe,0,1,1,0.0,1.0,0,1.0,1.0,1.0,0,1.0
random_label_placebo,2,22,context_conflict,True,True,True,True,go,dominant-support-certificate,1,1,1,1.0,0.0,0,0.0,0.0,0.0,0,0.0
labels_without_gating,2,22,context_conflict,True,True,True,True,go,ungated-base-proposal,0,0,1,1.0,0.0,0,0.0,0.0,0.0,0,0.0
oracle_visible_state,2,22,context_conflict,True,True,True,True,go,oracle-visible-state,1,0,1,1.0,0.0,0,0.0,0.0,0.0,0,0.0
benign_agreement,2,22,context_conflict,True,True,True,True,go,dominant-support-certificate,1,1,0,1.0,0.0,0,0.0,0.0,0.0,0,0.0
provenance_preserving,2,23,human_override,True,True,True,True,go,dominant-support-certificate,1,1,1,1.0,0.0,0,0.0,0.0,0.0,0,0.0
provenance_erased,2,23,human_override,True,True,True,True,hold,uncertified-dominance-failed:ready;craneOK;etaOnTime;weatherSafe,0,1,1,0.0,1.0,0,1.0,1.0,1.0,0,1.0
random_label_placebo,2,23,human_override,True,True,True,True,hold,uncertified-dominance-failed:weatherSafe,0,1,1,0.0,1.0,0,1.0,1.0,1.0,0,1.0
labels_without_gating,2,23,human_override,True,True,True,True,go,ungated-base-proposal,0,0,1,1.0,0.0,0,0.0,0.0,0.0,0,0.0
oracle_visible_state,2,23,human_override,True,True,True,True,go,oracle-visible-state,1,0,1,1.0,0.0,0,0.0,0.0,0.0,0,0.0
benign_agreement,2,23,human_override,True,True,True,True,go,dominant-support-certificate,1,1,0,1.0,0.0,0,0.0,0.0,0.0,0,0.0
provenance_preserving,2,24,authority_conflict,True,True,True,True,go,dominant-support-certificate,1,1,1,1.0,0.0,0,0.0,0.0,0.0,0,0.0
provenance_erased,2,24,authority_conflict,True,True,True,True,hold,uncertified-dominance-failed:ready;craneOK;etaOnTime;weatherSafe,0,1,1,0.0,1.0,0,1.0,1.0,1.0,0,1.0
random_label_placebo,2,24,authority_conflict,True,True,True,True,hold,uncertified-dominance-failed:ready,0,1,1,0.0,1.0,0,1.0,1.0,1.0,0,1.0
labels_without_gating,2,24,authority_conflict,True,True,True,True,go,ungated-base-proposal,0,0,1,1.0,0.0,0,0.0,0.0,0.0,0,0.0
oracle_visible_state,2,24,authority_conflict,True,True,True,True,go,oracle-visible-state,1,0,1,1.0,0.0,0,0.0,0.0,0.0,0,0.0
benign_agreement,2,24,authority_conflict,True,True,True,True,go,dominant-support-certificate,1,1,0,1.0,0.0,0,0.0,0.0,0.0,0,0.0
provenance_preserving,2,25,freshness_conflict,True,True,False,True,hold,uncertified-dominance-failed:etaOnTime,0,1,1,1.0,0.0,0,0.0,0.0,1.0,0,0.0
provenance_erased,2,25,freshness_conflict,True,True,False,True,hold,uncertified-dominance-failed:ready;craneOK;etaOnTime;weatherSafe,0,1,1,1.0,0.0,0,0.0,0.0,1.0,0,0.0
random_label_placebo,2,25,freshness_conflict,True,True,False,True,hold,uncertified-dominance-failed:etaOnTime,0,1,1,1.0,0.0,0,0.0,0.0,1.0,0,0.0
labels_without_gating,2,25,freshness_conflict,True,True,False,True,go,ungated-base-proposal,0,0,1,0.0,1.0,1,0.0,0.0,0.0,0,0.0
oracle_visible_state,2,25,freshness_conflict,True,True,False,True,hold,oracle-visible-state,1,0,1,1.0,0.0,0,0.0,0.0,0.0,0,0.0
benign_agreement,2,25,freshness_conflict,True,True,False,True,hold,base-proposal-hold,0,0,0,1.0,0.0,0,0.0,0.0,0.0,0,0.0
provenance_preserving,2,26,context_conflict,False,True,True,True,hold,uncertified-dominance-failed:ready,0,1,1,1.0,0.0,0,0.0,0.0,1.0,0,0.0
provenance_erased,2,26,context_conflict,False,True,True,True,hold,uncertified-dominance-failed:ready;craneOK;etaOnTime;weatherSafe,0,1,1,1.0,0.0,0,0.0,0.0,1.0,0,0.0
random_label_placebo,2,26,context_conflict,False,True,True,True,go,dominant-support-certificate,1,1,1,0.0,1.0,1,0.0,0.0,0.0,1,0.0
labels_without_gating,2,26,context_conflict,False,True,True,True,go,ungated-base-proposal,0,0,1,0.0,1.0,1,0.0,0.0,0.0,0,0.0
oracle_visible_state,2,26,context_conflict,False,True,True,True,hold,oracle-visible-state,1,0,1,1.0,0.0,0,0.0,0.0,0.0,0,0.0
benign_agreement,2,26,context_conflict,False,True,True,True,hold,base-proposal-hold,0,0,0,1.0,0.0,0,0.0,0.0,0.0,0,0.0
provenance_preserving,2,27,human_override,True,True,True,False,hold,uncertified-dominance-failed:weatherSafe,0,1,1,1.0,0.0,0,0.0,0.0,1.0,0,0.0
provenance_erased,2,27,human_override,True,True,True,False,hold,uncertified-dominance-failed:ready;craneOK;etaOnTime;weatherSafe,0,1,1,1.0,0.0,0,0.0,0.0,1.0,0,0.0
random_label_placebo,2,27,human_override,True,True,True,False,go,dominant-support-certificate,1,1,1,0.0,1.0,1,0.0,0.0,0.0,1,0.0
labels_without_gating,2,27,human_override,True,True,True,False,go,ungated-base-proposal,0,0,1,0.0,1.0,1,0.0,0.0,0.0,0,0.0
oracle_visible_state,2,27,human_override,True,True,True,False,hold,oracle-visible-state,1,0,1,1.0,0.0,0,0.0,0.0,0.0,0,0.0
benign_agreement,2,27,human_override,True,True,True,False,hold,base-proposal-hold,0,0,0,1.0,0.0,0,0.0,0.0,0.0,0,0.0
provenance_preserving,2,28,authority_conflict,True,True,True,True,go,dominant-support-certificate,1,1,1,1.0,0.0,0,0.0,0.0,0.0,0,0.0
provenance_erased,2,28,authority_conflict,True,True,True,True,hold,uncertified-dominance-failed:ready;craneOK;etaOnTime;weatherSafe,0,1,1,0.0,1.0,0,1.0,1.0,1.0,0,1.0
random_label_placebo,2,28,authority_conflict,True,True,True,True,hold,uncertified-dominance-failed:ready,0,1,1,0.0,1.0,0,1.0,1.0,1.0,0,1.0
labels_without_gating,2,28,authority_conflict,True,True,True,True,go,ungated-base-proposal,0,0,1,1.0,0.0,0,0.0,0.0,0.0,0,0.0
oracle_visible_state,2,28,authority_conflict,True,True,True,True,go,oracle-visible-state,1,0,1,1.0,0.0,0,0.0,0.0,0.0,0,0.0
benign_agreement,2,28,authority_conflict,True,True,True,True,go,dominant-support-certificate,1,1,0,1.0,0.0,0,0.0,0.0,0.0,0,0.0
provenance_preserving,2,29,freshness_conflict,True,True,True,True,go,dominant-support-certificate,1,1,1,1.0,0.0,0,0.0,0.0,0.0,0,0.0
provenance_erased,2,29,freshness_conflict,True,True,True,True,hold,uncertified-dominance-failed:ready;craneOK;etaOnTime;weatherSafe,0,1,1,0.0,1.0,0,1.0,1.0,1.0,0,1.0
random_label_placebo,2,29,freshness_conflict,True,True,True,True,go,dominant-support-certificate,1,1,1,1.0,0.0,0,0.0,0.0,0.0,0,0.0
labels_without_gating,2,29,freshness_conflict,True,True,True,True,go,ungated-base-proposal,0,0,1,1.0,0.0,0,0.0,0.0,0.0,0,0.0
oracle_visible_state,2,29,freshness_conflict,True,True,True,True,go,oracle-visible-state,1,0,1,1.0,0.0,0,0.0,0.0,0.0,0,0.0
benign_agreement,2,29,freshness_conflict,True,True,True,True,go,dominant-support-certificate,1,1,0,1.0,0.0,0,0.0,0.0,0.0,0,0.0
provenance_preserving,2,30,context_conflict,True,True,True,True,go,dominant-support-certificate,1,1,1,1.0,0.0,0,0.0,0.0,0.0,0,0.0
provenance_erased,2,30,context_conflict,True,True,True,True,hold,uncertified-dominance-failed:ready;craneOK;etaOnTime;weatherSafe,0,1,1,0.0,1.0,0,1.0,1.0,1.0,0,1.0
random_label_placebo,2,30,context_conflict,True,True,True,True,hold,uncertified-dominance-failed:ready,0,1,1,0.0,1.0,0,1.0,1.0,1.0,0,1.0
labels_without_gating,2,30,context_conflict,True,True,True,True,go,ungated-base-proposal,0,0,1,1.0,0.0,0,0.0,0.0,0.0,0,0.0
oracle_visible_state,2,30,context_conflict,True,True,True,True,go,oracle-visible-state,1,0,1,1.0,0.0,0,0.0,0.0,0.0,0,0.0
benign_agreement,2,30,context_conflict,True,True,True,True,go,dominant-support-certificate,1,1,0,1.0,0.0,0,0.0,0.0,0.0,0,0.0
provenance_preserving,2,31,human_override,True,True,True,True,go,dominant-support-certificate,1,1,1,1.0,0.0,0,0.0,0.0,0.0,0,0.0
provenance_erased,2,31,human_override,True,True,True,True,hold,uncertified-dominance-failed:ready;craneOK;etaOnTime;weatherSafe,0,1,1,0.0,1.0,0,1.0,1.0,1.0,0,1.0
random_label_placebo,2,31,human_override,True,True,True,True,go,dominant-support-certificate,1,1,1,1.0,0.0,0,0.0,0.0,0.0,0,0.0
labels_without_gating,2,31,human_override,True,True,True,True,go,ungated-base-proposal,0,0,1,1.0,0.0,0,0.0,0.0,0.0,0,0.0
oracle_visible_state,2,31,human_override,True,True,True,True,go,oracle-visible-state,1,0,1,1.0,0.0,0,0.0,0.0,0.0,0,0.0
benign_agreement,2,31,human_override,True,True,True,True,go,dominant-support-certificate,1,1,0,1.0,0.0,0,0.0,0.0,0.0,0,0.0
provenance_preserving,2,32,authority_conflict,False,True,True,True,hold,uncertified-dominance-failed:ready,0,1,1,1.0,0.0,0,0.0,0.0,1.0,0,0.0
provenance_erased,2,32,authority_conflict,False,True,True,True,hold,uncertified-dominance-failed:ready;craneOK;etaOnTime;weatherSafe,0,1,1,1.0,0.0,0,0.0,0.0,1.0,0,0.0
random_label_placebo,2,32,authority_conflict,False,True,True,True,hold,uncertified-dominance-failed:ready,0,1,1,1.0,0.0,0,0.0,0.0,1.0,0,0.0
labels_without_gating,2,32,authority_conflict,False,True,True,True,go,ungated-base-proposal,0,0,1,0.0,1.0,1,0.0,0.0,0.0,0,0.0
oracle_visible_state,2,32,authority_conflict,False,True,True,True,hold,oracle-visible-state,1,0,1,1.0,0.0,0,0.0,0.0,0.0,0,0.0
benign_agreement,2,32,authority_conflict,False,True,True,True,hold,base-proposal-hold,0,0,0,1.0,0.0,0,0.0,0.0,0.0,0,0.0
provenance_preserving,2,33,freshness_conflict,True,True,False,True,hold,uncertified-dominance-failed:etaOnTime,0,1,1,1.0,0.0,0,0.0,0.0,1.0,0,0.0
provenance_erased,2,33,freshness_conflict,True,True,False,True,hold,uncertified-dominance-failed:ready;craneOK;etaOnTime;weatherSafe,0,1,1,1.0,0.0,0,0.0,0.0,1.0,0,0.0
random_label_placebo,2,33,freshness_conflict,True,True,False,True,hold,uncertified-dominance-failed:etaOnTime,0,1,1,1.0,0.0,0,0.0,0.0,1.0,0,0.0
labels_without_gating,2,33,freshness_conflict,True,True,False,True,go,ungated-base-proposal,0,0,1,0.0,1.0,1,0.0,0.0,0.0,0,0.0
oracle_visible_state,2,33,freshness_conflict,True,True,False,True,hold,oracle-visible-state,1,0,1,1.0,0.0,0,0.0,0.0,0.0,0,0.0
benign_agreement,2,33,freshness_conflict,True,True,False,True,hold,base-proposal-hold,0,0,0,1.0,0.0,0,0.0,0.0,0.0,0,0.0
provenance_preserving,2,34,context_conflict,False,True,True,True,hold,uncertified-dominance-failed:ready,0,1,1,1.0,0.0,0,0.0,0.0,1.0,0,0.0
provenance_erased,2,34,context_conflict,False,True,True,True,hold,uncertified-dominance-failed:ready;craneOK;etaOnTime;weatherSafe,0,1,1,1.0,0.0,0,0.0,0.0,1.0,0,0.0
random_label_placebo,2,34,context_conflict,False,True,True,True,go,dominant-support-certificate,1,1,1,0.0,1.0,1,0.0,0.0,0.0,1,0.0
labels_without_gating,2,34,context_conflict,False,True,True,True,go,ungated-base-proposal,0,0,1,0.0,1.0,1,0.0,0.0,0.0,0,0.0
oracle_visible_state,2,34,context_conflict,False,True,True,True,hold,oracle-visible-state,1,0,1,1.0,0.0,0,0.0,0.0,0.0,0,0.0
benign_agreement,2,34,context_conflict,False,True,True,True,hold,base-proposal-hold,0,0,0,1.0,0.0,0,0.0,0.0,0.0,0,0.0
provenance_preserving,2,35,human_override,True,True,True,True,go,dominant-support-certificate,1,1,1,1.0,0.0,0,0.0,0.0,0.0,0,0.0
provenance_erased,2,35,human_override,True,True,True,True,hold,uncertified-dominance-failed:ready;craneOK;etaOnTime;weatherSafe,0,1,1,0.0,1.0,0,1.0,1.0,1.0,0,1.0
random_label_placebo,2,35,human_override,True,True,True,True,go,dominant-support-certificate,1,1,1,1.0,0.0,0,0.0,0.0,0.0,0,0.0
labels_without_gating,2,35,human_override,True,True,True,True,go,ungated-base-proposal,0,0,1,1.0,0.0,0,0.0,0.0,0.0,0,0.0
oracle_visible_state,2,35,human_override,True,True,True,True,go,oracle-visible-state,1,0,1,1.0,0.0,0,0.0,0.0,0.0,0,0.0
benign_agreement,2,35,human_override,True,True,True,True,go,dominant-support-certificate,1,1,0,1.0,0.0,0,0.0,0.0,0.0,0,0.0
provenance_preserving,2,36,authority_conflict,False,True,True,True,hold,uncertified-dominance-failed:ready,0,1,1,1.0,0.0,0,0.0,0.0,1.0,0,0.0
provenance_erased,2,36,authority_conflict,False,True,True,True,hold,uncertified-dominance-failed:ready;craneOK;etaOnTime;weatherSafe,0,1,1,1.0,0.0,0,0.0,0.0,1.0,0,0.0
random_label_placebo,2,36,authority_conflict,False,True,True,True,hold,uncertified-dominance-failed:ready,0,1,1,1.0,0.0,0,0.0,0.0,1.0,0,0.0
labels_without_gating,2,36,authority_conflict,False,True,True,True,go,ungated-base-proposal,0,0,1,0.0,1.0,1,0.0,0.0,0.0,0,0.0
oracle_visible_state,2,36,authority_conflict,False,True,True,True,hold,oracle-visible-state,1,0,1,1.0,0.0,0,0.0,0.0,0.0,0,0.0
benign_agreement,2,36,authority_conflict,False,True,True,True,hold,base-proposal-hold,0,0,0,1.0,0.0,0,0.0,0.0,0.0,0,0.0
provenance_preserving,2,37,freshness_conflict,True,True,False,True,hold,uncertified-dominance-failed:etaOnTime,0,1,1,1.0,0.0,0,0.0,0.0,1.0,0,0.0
provenance_erased,2,37,freshness_conflict,True,True,False,True,hold,uncertified-dominance-failed:ready;craneOK;etaOnTime;weatherSafe,0,1,1,1.0,0.0,0,0.0,0.0,1.0,0,0.0
random_label_placebo,2,37,freshness_conflict,True,True,False,True,hold,uncertified-dominance-failed:etaOnTime,0,1,1,1.0,0.0,0,0.0,0.0,1.0,0,0.0
labels_without_gating,2,37,freshness_conflict,True,True,False,True,go,ungated-base-proposal,0,0,1,0.0,1.0,1,0.0,0.0,0.0,0,0.0
oracle_visible_state,2,37,freshness_conflict,True,True,False,True,hold,oracle-visible-state,1,0,1,1.0,0.0,0,0.0,0.0,0.0,0,0.0
benign_agreement,2,37,freshness_conflict,True,True,False,True,hold,base-proposal-hold,0,0,0,1.0,0.0,0,0.0,0.0,0.0,0,0.0
provenance_preserving,2,38,context_conflict,False,True,True,True,hold,uncertified-dominance-failed:ready,0,1,1,1.0,0.0,0,0.0,0.0,1.0,0,0.0
provenance_erased,2,38,context_conflict,False,True,True,True,hold,uncertified-dominance-failed:ready;craneOK;etaOnTime;weatherSafe,0,1,1,1.0,0.0,0,0.0,0.0,1.0,0,0.0
random_label_placebo,2,38,context_conflict,False,True,True,True,hold,uncertified-dominance-failed:ready,0,1,1,1.0,0.0,0,0.0,0.0,1.0,0,0.0
labels_without_gating,2,38,context_conflict,False,True,True,True,go,ungated-base-proposal,0,0,1,0.0,1.0,1,0.0,0.0,0.0,0,0.0
oracle_visible_state,2,38,context_conflict,False,True,True,True,hold,oracle-visible-state,1,0,1,1.0,0.0,0,0.0,0.0,0.0,0,0.0
benign_agreement,2,38,context_conflict,False,True,True,True,hold,base-proposal-hold,0,0,0,1.0,0.0,0,0.0,0.0,0.0,0,0.0
provenance_preserving,2,39,human_override,True,True,True,False,hold,uncertified-dominance-failed:weatherSafe,0,1,1,1.0,0.0,0,0.0,0.0,1.0,0,0.0
provenance_erased,2,39,human_override,True,True,True,False,hold,uncertified-dominance-failed:ready;craneOK;etaOnTime;weatherSafe,0,1,1,1.0,0.0,0,0.0,0.0,1.0,0,0.0
random_label_placebo,2,39,human_override,True,True,True,False,hold,uncertified-dominance-failed:weatherSafe,0,1,1,1.0,0.0,0,0.0,0.0,1.0,0,0.0
labels_without_gating,2,39,human_override,True,True,True,False,go,ungated-base-proposal,0,0,1,0.0,1.0,1,0.0,0.0,0.0,0,0.0
oracle_visible_state,2,39,human_override,True,True,True,False,hold,oracle-visible-state,1,0,1,1.0,0.0,0,0.0,0.0,0.0,0,0.0
benign_agreement,2,39,human_override,True,True,True,False,hold,base-proposal-hold,0,0,0,1.0,0.0,0,0.0,0.0,0.0,0,0.0
provenance_preserving,2,40,authority_conflict,False,True,True,True,hold,uncertified-dominance-failed:ready,0,1,1,1.0,0.0,0,0.0,0.0,1.0,0,0.0
provenance_erased,2,40,authority_conflict,False,True,True,True,hold,uncertified-dominance-failed:ready;craneOK;etaOnTime;weatherSafe,0,1,1,1.0,0.0,0,0.0,0.0,1.0,0,0.0
random_label_placebo,2,40,authority_conflict,False,True,True,True,go,dominant-support-certificate,1,1,1,0.0,1.0,1,0.0,0.0,0.0,1,0.0
labels_without_gating,2,40,authority_conflict,False,True,True,True,go,ungated-base-proposal,0,0,1,0.0,1.0,1,0.0,0.0,0.0,0,0.0
oracle_visible_state,2,40,authority_conflict,False,True,True,True,hold,oracle-visible-state,1,0,1,1.0,0.0,0,0.0,0.0,0.0,0,0.0
benign_agreement,2,40,authority_conflict,False,True,True,True,hold,base-proposal-hold,0,0,0,1.0,0.0,0,0.0,0.0,0.0,0,0.0
provenance_preserving,2,41,freshness_conflict,True,True,False,True,hold,uncertified-dominance-failed:etaOnTime,0,1,1,1.0,0.0,0,0.0,0.0,1.0,0,0.0
provenance_erased,2,41,freshness_conflict,True,True,False,True,hold,uncertified-dominance-failed:ready;craneOK;etaOnTime;weatherSafe,0,1,1,1.0,0.0,0,0.0,0.0,1.0,0,0.0
random_label_placebo,2,41,freshness_conflict,True,True,False,True,hold,uncertified-dominance-failed:etaOnTime,0,1,1,1.0,0.0,0,0.0,0.0,1.0,0,0.0
labels_without_gating,2,41,freshness_conflict,True,True,False,True,go,ungated-base-proposal,0,0,1,0.0,1.0,1,0.0,0.0,0.0,0,0.0
oracle_visible_state,2,41,freshness_conflict,True,True,False,True,hold,oracle-visible-state,1,0,1,1.0,0.0,0,0.0,0.0,0.0,0,0.0
benign_agreement,2,41,freshness_conflict,True,True,False,True,hold,base-proposal-hold,0,0,0,1.0,0.0,0,0.0,0.0,0.0,0,0.0
provenance_preserving,2,42,context_conflict,True,True,True,True,go,dominant-support-certificate,1,1,1,1.0,0.0,0,0.0,0.0,0.0,0,0.0
provenance_erased,2,42,context_conflict,True,True,True,True,hold,uncertified-dominance-failed:ready;craneOK;etaOnTime;weatherSafe,0,1,1,0.0,1.0,0,1.0,1.0,1.0,0,1.0
random_label_placebo,2,42,context_conflict,True,True,True,True,hold,uncertified-dominance-failed:ready,0,1,1,0.0,1.0,0,1.0,1.0,1.0,0,1.0
labels_without_gating,2,42,context_conflict,True,True,True,True,go,ungated-base-proposal,0,0,1,1.0,0.0,0,0.0,0.0,0.0,0,0.0
oracle_visible_state,2,42,context_conflict,True,True,True,True,go,oracle-visible-state,1,0,1,1.0,0.0,0,0.0,0.0,0.0,0,0.0
benign_agreement,2,42,context_conflict,True,True,True,True,go,dominant-support-certificate,1,1,0,1.0,0.0,0,0.0,0.0,0.0,0,0.0
provenance_preserving,2,43,human_override,True,True,True,False,hold,uncertified-dominance-failed:weatherSafe,0,1,1,1.0,0.0,0,0.0,0.0,1.0,0,0.0
provenance_erased,2,43,human_override,True,True,True,False,hold,uncertified-dominance-failed:ready;craneOK;etaOnTime;weatherSafe,0,1,1,1.0,0.0,0,0.0,0.0,1.0,0,0.0
random_label_placebo,2,43,human_override,True,True,True,False,go,dominant-support-certificate,1,1,1,0.0,1.0,1,0.0,0.0,0.0,1,0.0
labels_without_gating,2,43,human_override,True,True,True,False,go,ungated-base-proposal,0,0,1,0.0,1.0,1,0.0,0.0,0.0,0,0.0
oracle_visible_state,2,43,human_override,True,True,True,False,hold,oracle-visible-state,1,0,1,1.0,0.0,0,0.0,0.0,0.0,0,0.0
benign_agreement,2,43,human_override,True,True,True,False,hold,base-proposal-hold,0,0,0,1.0,0.0,0,0.0,0.0,0.0,0,0.0
provenance_preserving,2,44,authority_conflict,False,True,True,True,hold,uncertified-dominance-failed:ready,0,1,1,1.0,0.0,0,0.0,0.0,1.0,0,0.0
provenance_erased,2,44,authority_conflict,False,True,True,True,hold,uncertified-dominance-failed:ready;craneOK;etaOnTime;weatherSafe,0,1,1,1.0,0.0,0,0.0,0.0,1.0,0,0.0
random_label_placebo,2,44,authority_conflict,False,True,True,True,go,dominant-support-certificate,1,1,1,0.0,1.0,1,0.0,0.0,0.0,1,0.0
labels_without_gating,2,44,authority_conflict,False,True,True,True,go,ungated-base-proposal,0,0,1,0.0,1.0,1,0.0,0.0,0.0,0,0.0
oracle_visible_state,2,44,authority_conflict,False,True,True,True,hold,oracle-visible-state,1,0,1,1.0,0.0,0,0.0,0.0,0.0,0,0.0
benign_agreement,2,44,authority_conflict,False,True,True,True,hold,base-proposal-hold,0,0,0,1.0,0.0,0,0.0,0.0,0.0,0,0.0
provenance_preserving,2,45,freshness_conflict,True,True,True,True,go,dominant-support-certificate,1,1,1,1.0,0.0,0,0.0,0.0,0.0,0,0.0
provenance_erased,2,45,freshness_conflict,True,True,True,True,hold,uncertified-dominance-failed:ready;craneOK;etaOnTime;weatherSafe,0,1,1,0.0,1.0,0,1.0,1.0,1.0,0,1.0
random_label_placebo,2,45,freshness_conflict,True,True,True,True,go,dominant-support-certificate,1,1,1,1.0,0.0,0,0.0,0.0,0.0,0,0.0
labels_without_gating,2,45,freshness_conflict,True,True,True,True,go,ungated-base-proposal,0,0,1,1.0,0.0,0,0.0,0.0,0.0,0,0.0
oracle_visible_state,2,45,freshness_conflict,True,True,True,True,go,oracle-visible-state,1,0,1,1.0,0.0,0,0.0,0.0,0.0,0,0.0
benign_agreement,2,45,freshness_conflict,True,True,True,True,go,dominant-support-certificate,1,1,0,1.0,0.0,0,0.0,0.0,0.0,0,0.0
provenance_preserving,2,46,context_conflict,False,True,True,True,hold,uncertified-dominance-failed:ready,0,1,1,1.0,0.0,0,0.0,0.0,1.0,0,0.0
provenance_erased,2,46,context_conflict,False,True,True,True,hold,uncertified-dominance-failed:ready;craneOK;etaOnTime;weatherSafe,0,1,1,1.0,0.0,0,0.0,0.0,1.0,0,0.0
random_label_placebo,2,46,context_conflict,False,True,True,True,go,dominant-support-certificate,1,1,1,0.0,1.0,1,0.0,0.0,0.0,1,0.0
labels_without_gating,2,46,context_conflict,False,True,True,True,go,ungated-base-proposal,0,0,1,0.0,1.0,1,0.0,0.0,0.0,0,0.0
oracle_visible_state,2,46,context_conflict,False,True,True,True,hold,oracle-visible-state,1,0,1,1.0,0.0,0,0.0,0.0,0.0,0,0.0
benign_agreement,2,46,context_conflict,False,True,True,True,hold,base-proposal-hold,0,0,0,1.0,0.0,0,0.0,0.0,0.0,0,0.0
provenance_preserving,2,47,human_override,True,True,True,False,hold,uncertified-dominance-failed:weatherSafe,0,1,1,1.0,0.0,0,0.0,0.0,1.0,0,0.0
provenance_erased,2,47,human_override,True,True,True,False,hold,uncertified-dominance-failed:ready;craneOK;etaOnTime;weatherSafe,0,1,1,1.0,0.0,0,0.0,0.0,1.0,0,0.0
random_label_placebo,2,47,human_override,True,True,True,False,go,dominant-support-certificate,1,1,1,0.0,1.0,1,0.0,0.0,0.0,1,0.0
labels_without_gating,2,47,human_override,True,True,True,False,go,ungated-base-proposal,0,0,1,0.0,1.0,1,0.0,0.0,0.0,0,0.0
oracle_visible_state,2,47,human_override,True,True,True,False,hold,oracle-visible-state,1,0,1,1.0,0.0,0,0.0,0.0,0.0,0,0.0
benign_agreement,2,47,human_override,True,True,True,False,hold,base-proposal-hold,0,0,0,1.0,0.0,0,0.0,0.0,0.0,0,0.0
provenance_preserving,2,48,authority_conflict,True,True,True,True,go,dominant-support-certificate,1,1,1,1.0,0.0,0,0.0,0.0,0.0,0,0.0
provenance_erased,2,48,authority_conflict,True,True,True,True,hold,uncertified-dominance-failed:ready;craneOK;etaOnTime;weatherSafe,0,1,1,0.0,1.0,0,1.0,1.0,1.0,0,1.0
random_label_placebo,2,48,authority_conflict,True,True,True,True,hold,uncertified-dominance-failed:ready,0,1,1,0.0,1.0,0,1.0,1.0,1.0,0,1.0
labels_without_gating,2,48,authority_conflict,True,True,True,True,go,ungated-base-proposal,0,0,1,1.0,0.0,0,0.0,0.0,0.0,0,0.0
oracle_visible_state,2,48,authority_conflict,True,True,True,True,go,oracle-visible-state,1,0,1,1.0,0.0,0,0.0,0.0,0.0,0,0.0
benign_agreement,2,48,authority_conflict,True,True,True,True,go,dominant-support-certificate,1,1,0,1.0,0.0,0,0.0,0.0,0.0,0,0.0
provenance_preserving,2,49,freshness_conflict,True,True,False,True,hold,uncertified-dominance-failed:etaOnTime,0,1,1,1.0,0.0,0,0.0,0.0,1.0,0,0.0
provenance_erased,2,49,freshness_conflict,True,True,False,True,hold,uncertified-dominance-failed:ready;craneOK;etaOnTime;weatherSafe,0,1,1,1.0,0.0,0,0.0,0.0,1.0,0,0.0
random_label_placebo,2,49,freshness_conflict,True,True,False,True,hold,uncertified-dominance-failed:etaOnTime,0,1,1,1.0,0.0,0,0.0,0.0,1.0,0,0.0
labels_without_gating,2,49,freshness_conflict,True,True,False,True,go,ungated-base-proposal,0,0,1,0.0,1.0,1,0.0,0.0,0.0,0,0.0
oracle_visible_state,2,49,freshness_conflict,True,True,False,True,hold,oracle-visible-state,1,0,1,1.0,0.0,0,0.0,0.0,0.0,0,0.0
benign_agreement,2,49,freshness_conflict,True,True,False,True,hold,base-proposal-hold,0,0,0,1.0,0.0,0,0.0,0.0,0.0,0,0.0
provenance_preserving,2,50,context_conflict,True,True,True,True,go,dominant-support-certificate,1,1,1,1.0,0.0,0,0.0,0.0,0.0,0,0.0
provenance_erased,2,50,context_conflict,True,True,True,True,hold,uncertified-dominance-failed:ready;craneOK;etaOnTime;weatherSafe,0,1,1,0.0,1.0,0,1.0,1.0,1.0,0,1.0
random_label_placebo,2,50,context_conflict,True,True,True,True,go,dominant-support-certificate,1,1,1,1.0,0.0,0,0.0,0.0,0.0,0,0.0
labels_without_gating,2,50,context_conflict,True,True,True,True,go,ungated-base-proposal,0,0,1,1.0,0.0,0,0.0,0.0,0.0,0,0.0
oracle_visible_state,2,50,context_conflict,True,True,True,True,go,oracle-visible-state,1,0,1,1.0,0.0,0,0.0,0.0,0.0,0,0.0
benign_agreement,2,50,context_conflict,True,True,True,True,go,dominant-support-certificate,1,1,0,1.0,0.0,0,0.0,0.0,0.0,0,0.0
provenance_preserving,2,51,human_override,True,True,True,False,hold,uncertified-dominance-failed:weatherSafe,0,1,1,1.0,0.0,0,0.0,0.0,1.0,0,0.0
provenance_erased,2,51,human_override,True,True,True,False,hold,uncertified-dominance-failed:ready;craneOK;etaOnTime;weatherSafe,0,1,1,1.0,0.0,0,0.0,0.0,1.0,0,0.0
random_label_placebo,2,51,human_override,True,True,True,False,hold,uncertified-dominance-failed:weatherSafe,0,1,1,1.0,0.0,0,0.0,0.0,1.0,0,0.0
labels_without_gating,2,51,human_override,True,True,True,False,go,ungated-base-proposal,0,0,1,0.0,1.0,1,0.0,0.0,0.0,0,0.0
oracle_visible_state,2,51,human_override,True,True,True,False,hold,oracle-visible-state,1,0,1,1.0,0.0,0,0.0,0.0,0.0,0,0.0
benign_agreement,2,51,human_override,True,True,True,False,hold,base-proposal-hold,0,0,0,1.0,0.0,0,0.0,0.0,0.0,0,0.0
provenance_preserving,2,52,authority_conflict,False,True,True,True,hold,uncertified-dominance-failed:ready,0,1,1,1.0,0.0,0,0.0,0.0,1.0,0,0.0
provenance_erased,2,52,authority_conflict,False,True,True,True,hold,uncertified-dominance-failed:ready;craneOK;etaOnTime;weatherSafe,0,1,1,1.0,0.0,0,0.0,0.0,1.0,0,0.0
random_label_placebo,2,52,authority_conflict,False,True,True,True,go,dominant-support-certificate,1,1,1,0.0,1.0,1,0.0,0.0,0.0,1,0.0
labels_without_gating,2,52,authority_conflict,False,True,True,True,go,ungated-base-proposal,0,0,1,0.0,1.0,1,0.0,0.0,0.0,0,0.0
oracle_visible_state,2,52,authority_conflict,False,True,True,True,hold,oracle-visible-state,1,0,1,1.0,0.0,0,0.0,0.0,0.0,0,0.0
benign_agreement,2,52,authority_conflict,False,True,True,True,hold,base-proposal-hold,0,0,0,1.0,0.0,0,0.0,0.0,0.0,0,0.0
provenance_preserving,2,53,freshness_conflict,True,True,False,True,hold,uncertified-dominance-failed:etaOnTime,0,1,1,1.0,0.0,0,0.0,0.0,1.0,0,0.0
provenance_erased,2,53,freshness_conflict,True,True,False,True,hold,uncertified-dominance-failed:ready;craneOK;etaOnTime;weatherSafe,0,1,1,1.0,0.0,0,0.0,0.0,1.0,0,0.0
random_label_placebo,2,53,freshness_conflict,True,True,False,True,hold,uncertified-dominance-failed:etaOnTime,0,1,1,1.0,0.0,0,0.0,0.0,1.0,0,0.0
labels_without_gating,2,53,freshness_conflict,True,True,False,True,go,ungated-base-proposal,0,0,1,0.0,1.0,1,0.0,0.0,0.0,0,0.0
oracle_visible_state,2,53,freshness_conflict,True,True,False,True,hold,oracle-visible-state,1,0,1,1.0,0.0,0,0.0,0.0,0.0,0,0.0
benign_agreement,2,53,freshness_conflict,True,True,False,True,hold,base-proposal-hold,0,0,0,1.0,0.0,0,0.0,0.0,0.0,0,0.0
provenance_preserving,2,54,context_conflict,True,True,True,True,go,dominant-support-certificate,1,1,1,1.0,0.0,0,0.0,0.0,0.0,0,0.0
provenance_erased,2,54,context_conflict,True,True,True,True,hold,uncertified-dominance-failed:ready;craneOK;etaOnTime;weatherSafe,0,1,1,0.0,1.0,0,1.0,1.0,1.0,0,1.0
random_label_placebo,2,54,context_conflict,True,True,True,True,hold,uncertified-dominance-failed:ready,0,1,1,0.0,1.0,0,1.0,1.0,1.0,0,1.0
labels_without_gating,2,54,context_conflict,True,True,True,True,go,ungated-base-proposal,0,0,1,1.0,0.0,0,0.0,0.0,0.0,0,0.0
oracle_visible_state,2,54,context_conflict,True,True,True,True,go,oracle-visible-state,1,0,1,1.0,0.0,0,0.0,0.0,0.0,0,0.0
benign_agreement,2,54,context_conflict,True,True,True,True,go,dominant-support-certificate,1,1,0,1.0,0.0,0,0.0,0.0,0.0,0,0.0
provenance_preserving,2,55,human_override,True,True,True,False,hold,uncertified-dominance-failed:weatherSafe,0,1,1,1.0,0.0,0,0.0,0.0,1.0,0,0.0
provenance_erased,2,55,human_override,True,True,True,False,hold,uncertified-dominance-failed:ready;craneOK;etaOnTime;weatherSafe,0,1,1,1.0,0.0,0,0.0,0.0,1.0,0,0.0
random_label_placebo,2,55,human_override,True,True,True,False,hold,uncertified-dominance-failed:weatherSafe,0,1,1,1.0,0.0,0,0.0,0.0,1.0,0,0.0
labels_without_gating,2,55,human_override,True,True,True,False,go,ungated-base-proposal,0,0,1,0.0,1.0,1,0.0,0.0,0.0,0,0.0
oracle_visible_state,2,55,human_override,True,True,True,False,hold,oracle-visible-state,1,0,1,1.0,0.0,0,0.0,0.0,0.0,0,0.0
benign_agreement,2,55,human_override,True,True,True,False,hold,base-proposal-hold,0,0,0,1.0,0.0,0,0.0,0.0,0.0,0,0.0
provenance_preserving,2,56,authority_conflict,False,True,True,True,hold,uncertified-dominance-failed:ready,0,1,1,1.0,0.0,0,0.0,0.0,1.0,0,0.0
provenance_erased,2,56,authority_conflict,False,True,True,True,hold,uncertified-dominance-failed:ready;craneOK;etaOnTime;weatherSafe,0,1,1,1.0,0.0,0,0.0,0.0,1.0,0,0.0
random_label_placebo,2,56,authority_conflict,False,True,True,True,hold,uncertified-dominance-failed:ready,0,1,1,1.0,0.0,0,0.0,0.0,1.0,0,0.0
labels_without_gating,2,56,authority_conflict,False,True,True,True,go,ungated-base-proposal,0,0,1,0.0,1.0,1,0.0,0.0,0.0,0,0.0
oracle_visible_state,2,56,authority_conflict,False,True,True,True,hold,oracle-visible-state,1,0,1,1.0,0.0,0,0.0,0.0,0.0,0,0.0
benign_agreement,2,56,authority_conflict,False,True,True,True,hold,base-proposal-hold,0,0,0,1.0,0.0,0,0.0,0.0,0.0,0,0.0
provenance_preserving,2,57,freshness_conflict,True,True,True,True,go,dominant-support-certificate,1,1,1,1.0,0.0,0,0.0,0.0,0.0,0,0.0
provenance_erased,2,57,freshness_conflict,True,True,True,True,hold,uncertified-dominance-failed:ready;craneOK;etaOnTime;weatherSafe,0,1,1,0.0,1.0,0,1.0,1.0,1.0,0,1.0
random_label_placebo,2,57,freshness_conflict,True,True,True,True,go,dominant-support-certificate,1,1,1,1.0,0.0,0,0.0,0.0,0.0,0,0.0
labels_without_gating,2,57,freshness_conflict,True,True,True,True,go,ungated-base-proposal,0,0,1,1.0,0.0,0,0.0,0.0,0.0,0,0.0
oracle_visible_state,2,57,freshness_conflict,True,True,True,True,go,oracle-visible-state,1,0,1,1.0,0.0,0,0.0,0.0,0.0,0,0.0
benign_agreement,2,57,freshness_conflict,True,True,True,True,go,dominant-support-certificate,1,1,0,1.0,0.0,0,0.0,0.0,0.0,0,0.0
provenance_preserving,2,58,context_conflict,False,True,True,True,hold,uncertified-dominance-failed:ready,0,1,1,1.0,0.0,0,0.0,0.0,1.0,0,0.0
provenance_erased,2,58,context_conflict,False,True,True,True,hold,uncertified-dominance-failed:ready;craneOK;etaOnTime;weatherSafe,0,1,1,1.0,0.0,0,0.0,0.0,1.0,0,0.0
random_label_placebo,2,58,context_conflict,False,True,True,True,go,dominant-support-certificate,1,1,1,0.0,1.0,1,0.0,0.0,0.0,1,0.0
labels_without_gating,2,58,context_conflict,False,True,True,True,go,ungated-base-proposal,0,0,1,0.0,1.0,1,0.0,0.0,0.0,0,0.0
oracle_visible_state,2,58,context_conflict,False,True,True,True,hold,oracle-visible-state,1,0,1,1.0,0.0,0,0.0,0.0,0.0,0,0.0
benign_agreement,2,58,context_conflict,False,True,True,True,hold,base-proposal-hold,0,0,0,1.0,0.0,0,0.0,0.0,0.0,0,0.0
provenance_preserving,2,59,human_override,True,True,True,False,hold,uncertified-dominance-failed:weatherSafe,0,1,1,1.0,0.0,0,0.0,0.0,1.0,0,0.0
provenance_erased,2,59,human_override,True,True,True,False,hold,uncertified-dominance-failed:ready;craneOK;etaOnTime;weatherSafe,0,1,1,1.0,0.0,0,0.0,0.0,1.0,0,0.0
random_label_placebo,2,59,human_override,True,True,True,False,hold,uncertified-dominance-failed:weatherSafe,0,1,1,1.0,0.0,0,0.0,0.0,1.0,0,0.0
labels_without_gating,2,59,human_override,True,True,True,False,go,ungated-base-proposal,0,0,1,0.0,1.0,1,0.0,0.0,0.0,0,0.0
oracle_visible_state,2,59,human_override,True,True,True,False,hold,oracle-visible-state,1,0,1,1.0,0.0,0,0.0,0.0,0.0,0,0.0
benign_agreement,2,59,human_override,True,True,True,False,hold,base-proposal-hold,0,0,0,1.0,0.0,0,0.0,0.0,0.0,0,0.0
provenance_preserving,2,60,authority_conflict,False,True,True,True,hold,uncertified-dominance-failed:ready,0,1,1,1.0,0.0,0,0.0,0.0,1.0,0,0.0
provenance_erased,2,60,authority_conflict,False,True,True,True,hold,uncertified-dominance-failed:ready;craneOK;etaOnTime;weatherSafe,0,1,1,1.0,0.0,0,0.0,0.0,1.0,0,0.0
random_label_placebo,2,60,authority_conflict,False,True,True,True,go,dominant-support-certificate,1,1,1,0.0,1.0,1,0.0,0.0,0.0,1,0.0
labels_without_gating,2,60,authority_conflict,False,True,True,True,go,ungated-base-proposal,0,0,1,0.0,1.0,1,0.0,0.0,0.0,0,0.0
oracle_visible_state,2,60,authority_conflict,False,True,True,True,hold,oracle-visible-state,1,0,1,1.0,0.0,0,0.0,0.0,0.0,0,0.0
benign_agreement,2,60,authority_conflict,False,True,True,True,hold,base-proposal-hold,0,0,0,1.0,0.0,0,0.0,0.0,0.0,0,0.0
provenance_preserving,2,61,freshness_conflict,True,True,True,True,go,dominant-support-certificate,1,1,1,1.0,0.0,0,0.0,0.0,0.0,0,0.0
provenance_erased,2,61,freshness_conflict,True,True,True,True,hold,uncertified-dominance-failed:ready;craneOK;etaOnTime;weatherSafe,0,1,1,0.0,1.0,0,1.0,1.0,1.0,0,1.0
random_label_placebo,2,61,freshness_conflict,True,True,True,True,go,dominant-support-certificate,1,1,1,1.0,0.0,0,0.0,0.0,0.0,0,0.0
labels_without_gating,2,61,freshness_conflict,True,True,True,True,go,ungated-base-proposal,0,0,1,1.0,0.0,0,0.0,0.0,0.0,0,0.0
oracle_visible_state,2,61,freshness_conflict,True,True,True,True,go,oracle-visible-state,1,0,1,1.0,0.0,0,0.0,0.0,0.0,0,0.0
benign_agreement,2,61,freshness_conflict,True,True,True,True,go,dominant-support-certificate,1,1,0,1.0,0.0,0,0.0,0.0,0.0,0,0.0
provenance_preserving,2,62,context_conflict,True,True,True,True,go,dominant-support-certificate,1,1,1,1.0,0.0,0,0.0,0.0,0.0,0,0.0
provenance_erased,2,62,context_conflict,True,True,True,True,hold,uncertified-dominance-failed:ready;craneOK;etaOnTime;weatherSafe,0,1,1,0.0,1.0,0,1.0,1.0,1.0,0,1.0
random_label_placebo,2,62,context_conflict,True,True,True,True,go,dominant-support-certificate,1,1,1,1.0,0.0,0,0.0,0.0,0.0,0,0.0
labels_without_gating,2,62,context_conflict,True,True,True,True,go,ungated-base-proposal,0,0,1,1.0,0.0,0,0.0,0.0,0.0,0,0.0
oracle_visible_state,2,62,context_conflict,True,True,True,True,go,oracle-visible-state,1,0,1,1.0,0.0,0,0.0,0.0,0.0,0,0.0
benign_agreement,2,62,context_conflict,True,True,True,True,go,dominant-support-certificate,1,1,0,1.0,0.0,0,0.0,0.0,0.0,0,0.0
provenance_preserving,2,63,human_override,True,True,True,True,go,dominant-support-certificate,1,1,1,1.0,0.0,0,0.0,0.0,0.0,0,0.0
provenance_erased,2,63,human_override,True,True,True,True,hold,uncertified-dominance-failed:ready;craneOK;etaOnTime;weatherSafe,0,1,1,0.0,1.0,0,1.0,1.0,1.0,0,1.0
random_label_placebo,2,63,human_override,True,True,True,True,go,dominant-support-certificate,1,1,1,1.0,0.0,0,0.0,0.0,0.0,0,0.0
labels_without_gating,2,63,human_override,True,True,True,True,go,ungated-base-proposal,0,0,1,1.0,0.0,0,0.0,0.0,0.0,0,0.0
oracle_visible_state,2,63,human_override,True,True,True,True,go,oracle-visible-state,1,0,1,1.0,0.0,0,0.0,0.0,0.0,0,0.0
benign_agreement,2,63,human_override,True,True,True,True,go,dominant-support-certificate,1,1,0,1.0,0.0,0,0.0,0.0,0.0,0,0.0
provenance_preserving,2,64,authority_conflict,False,True,True,True,hold,uncertified-dominance-failed:ready,0,1,1,1.0,0.0,0,0.0,0.0,1.0,0,0.0
provenance_erased,2,64,authority_conflict,False,True,True,True,hold,uncertified-dominance-failed:ready;craneOK;etaOnTime;weatherSafe,0,1,1,1.0,0.0,0,0.0,0.0,1.0,0,0.0
random_label_placebo,2,64,authority_conflict,False,True,True,True,go,dominant-support-certificate,1,1,1,0.0,1.0,1,0.0,0.0,0.0,1,0.0
labels_without_gating,2,64,authority_conflict,False,True,True,True,go,ungated-base-proposal,0,0,1,0.0,1.0,1,0.0,0.0,0.0,0,0.0
oracle_visible_state,2,64,authority_conflict,False,True,True,True,hold,oracle-visible-state,1,0,1,1.0,0.0,0,0.0,0.0,0.0,0,0.0
benign_agreement,2,64,authority_conflict,False,True,True,True,hold,base-proposal-hold,0,0,0,1.0,0.0,0,0.0,0.0,0.0,0,0.0
provenance_preserving,2,65,freshness_conflict,True,True,True,True,go,dominant-support-certificate,1,1,1,1.0,0.0,0,0.0,0.0,0.0,0,0.0
provenance_erased,2,65,freshness_conflict,True,True,True,True,hold,uncertified-dominance-failed:ready;craneOK;etaOnTime;weatherSafe,0,1,1,0.0,1.0,0,1.0,1.0,1.0,0,1.0
random_label_placebo,2,65,freshness_conflict,True,True,True,True,go,dominant-support-certificate,1,1,1,1.0,0.0,0,0.0,0.0,0.0,0,0.0
labels_without_gating,2,65,freshness_conflict,True,True,True,True,go,ungated-base-proposal,0,0,1,1.0,0.0,0,0.0,0.0,0.0,0,0.0
oracle_visible_state,2,65,freshness_conflict,True,True,True,True,go,oracle-visible-state,1,0,1,1.0,0.0,0,0.0,0.0,0.0,0,0.0
benign_agreement,2,65,freshness_conflict,True,True,True,True,go,dominant-support-certificate,1,1,0,1.0,0.0,0,0.0,0.0,0.0,0,0.0
provenance_preserving,2,66,context_conflict,False,True,True,True,hold,uncertified-dominance-failed:ready,0,1,1,1.0,0.0,0,0.0,0.0,1.0,0,0.0
provenance_erased,2,66,context_conflict,False,True,True,True,hold,uncertified-dominance-failed:ready;craneOK;etaOnTime;weatherSafe,0,1,1,1.0,0.0,0,0.0,0.0,1.0,0,0.0
random_label_placebo,2,66,context_conflict,False,True,True,True,go,dominant-support-certificate,1,1,1,0.0,1.0,1,0.0,0.0,0.0,1,0.0
labels_without_gating,2,66,context_conflict,False,True,True,True,go,ungated-base-proposal,0,0,1,0.0,1.0,1,0.0,0.0,0.0,0,0.0
oracle_visible_state,2,66,context_conflict,False,True,True,True,hold,oracle-visible-state,1,0,1,1.0,0.0,0,0.0,0.0,0.0,0,0.0
benign_agreement,2,66,context_conflict,False,True,True,True,hold,base-proposal-hold,0,0,0,1.0,0.0,0,0.0,0.0,0.0,0,0.0
provenance_preserving,2,67,human_override,True,True,True,True,go,dominant-support-certificate,1,1,1,1.0,0.0,0,0.0,0.0,0.0,0,0.0
provenance_erased,2,67,human_override,True,True,True,True,hold,uncertified-dominance-failed:ready;craneOK;etaOnTime;weatherSafe,0,1,1,0.0,1.0,0,1.0,1.0,1.0,0,1.0
random_label_placebo,2,67,human_override,True,True,True,True,go,dominant-support-certificate,1,1,1,1.0,0.0,0,0.0,0.0,0.0,0,0.0
labels_without_gating,2,67,human_override,True,True,True,True,go,ungated-base-proposal,0,0,1,1.0,0.0,0,0.0,0.0,0.0,0,0.0
oracle_visible_state,2,67,human_override,True,True,True,True,go,oracle-visible-state,1,0,1,1.0,0.0,0,0.0,0.0,0.0,0,0.0
benign_agreement,2,67,human_override,True,True,True,True,go,dominant-support-certificate,1,1,0,1.0,0.0,0,0.0,0.0,0.0,0,0.0
provenance_preserving,2,68,authority_conflict,False,True,True,True,hold,uncertified-dominance-failed:ready,0,1,1,1.0,0.0,0,0.0,0.0,1.0,0,0.0
provenance_erased,2,68,authority_conflict,False,True,True,True,hold,uncertified-dominance-failed:ready;craneOK;etaOnTime;weatherSafe,0,1,1,1.0,0.0,0,0.0,0.0,1.0,0,0.0
random_label_placebo,2,68,authority_conflict,False,True,True,True,hold,uncertified-dominance-failed:ready,0,1,1,1.0,0.0,0,0.0,0.0,1.0,0,0.0
labels_without_gating,2,68,authority_conflict,False,True,True,True,go,ungated-base-proposal,0,0,1,0.0,1.0,1,0.0,0.0,0.0,0,0.0
oracle_visible_state,2,68,authority_conflict,False,True,True,True,hold,oracle-visible-state,1,0,1,1.0,0.0,0,0.0,0.0,0.0,0,0.0
benign_agreement,2,68,authority_conflict,False,True,True,True,hold,base-proposal-hold,0,0,0,1.0,0.0,0,0.0,0.0,0.0,0,0.0
provenance_preserving,2,69,freshness_conflict,True,True,True,True,go,dominant-support-certificate,1,1,1,1.0,0.0,0,0.0,0.0,0.0,0,0.0
provenance_erased,2,69,freshness_conflict,True,True,True,True,hold,uncertified-dominance-failed:ready;craneOK;etaOnTime;weatherSafe,0,1,1,0.0,1.0,0,1.0,1.0,1.0,0,1.0
random_label_placebo,2,69,freshness_conflict,True,True,True,True,go,dominant-support-certificate,1,1,1,1.0,0.0,0,0.0,0.0,0.0,0,0.0
labels_without_gating,2,69,freshness_conflict,True,True,True,True,go,ungated-base-proposal,0,0,1,1.0,0.0,0,0.0,0.0,0.0,0,0.0
oracle_visible_state,2,69,freshness_conflict,True,True,True,True,go,oracle-visible-state,1,0,1,1.0,0.0,0,0.0,0.0,0.0,0,0.0
benign_agreement,2,69,freshness_conflict,True,True,True,True,go,dominant-support-certificate,1,1,0,1.0,0.0,0,0.0,0.0,0.0,0,0.0
provenance_preserving,2,70,context_conflict,False,True,True,True,hold,uncertified-dominance-failed:ready,0,1,1,1.0,0.0,0,0.0,0.0,1.0,0,0.0
provenance_erased,2,70,context_conflict,False,True,True,True,hold,uncertified-dominance-failed:ready;craneOK;etaOnTime;weatherSafe,0,1,1,1.0,0.0,0,0.0,0.0,1.0,0,0.0
random_label_placebo,2,70,context_conflict,False,True,True,True,go,dominant-support-certificate,1,1,1,0.0,1.0,1,0.0,0.0,0.0,1,0.0
labels_without_gating,2,70,context_conflict,False,True,True,True,go,ungated-base-proposal,0,0,1,0.0,1.0,1,0.0,0.0,0.0,0,0.0
oracle_visible_state,2,70,context_conflict,False,True,True,True,hold,oracle-visible-state,1,0,1,1.0,0.0,0,0.0,0.0,0.0,0,0.0
benign_agreement,2,70,context_conflict,False,True,True,True,hold,base-proposal-hold,0,0,0,1.0,0.0,0,0.0,0.0,0.0,0,0.0
provenance_preserving,2,71,human_override,True,True,True,False,hold,uncertified-dominance-failed:weatherSafe,0,1,1,1.0,0.0,0,0.0,0.0,1.0,0,0.0
provenance_erased,2,71,human_override,True,True,True,False,hold,uncertified-dominance-failed:ready;craneOK;etaOnTime;weatherSafe,0,1,1,1.0,0.0,0,0.0,0.0,1.0,0,0.0
random_label_placebo,2,71,human_override,True,True,True,False,go,dominant-support-certificate,1,1,1,0.0,1.0,1,0.0,0.0,0.0,1,0.0
labels_without_gating,2,71,human_override,True,True,True,False,go,ungated-base-proposal,0,0,1,0.0,1.0,1,0.0,0.0,0.0,0,0.0
oracle_visible_state,2,71,human_override,True,True,True,False,hold,oracle-visible-state,1,0,1,1.0,0.0,0,0.0,0.0,0.0,0,0.0
benign_agreement,2,71,human_override,True,True,True,False,hold,base-proposal-hold,0,0,0,1.0,0.0,0,0.0,0.0,0.0,0,0.0
provenance_preserving,2,72,authority_conflict,False,True,True,True,hold,uncertified-dominance-failed:ready,0,1,1,1.0,0.0,0,0.0,0.0,1.0,0,0.0
provenance_erased,2,72,authority_conflict,False,True,True,True,hold,uncertified-dominance-failed:ready;craneOK;etaOnTime;weatherSafe,0,1,1,1.0,0.0,0,0.0,0.0,1.0,0,0.0
random_label_placebo,2,72,authority_conflict,False,True,True,True,hold,uncertified-dominance-failed:ready,0,1,1,1.0,0.0,0,0.0,0.0,1.0,0,0.0
labels_without_gating,2,72,authority_conflict,False,True,True,True,go,ungated-base-proposal,0,0,1,0.0,1.0,1,0.0,0.0,0.0,0,0.0
oracle_visible_state,2,72,authority_conflict,False,True,True,True,hold,oracle-visible-state,1,0,1,1.0,0.0,0,0.0,0.0,0.0,0,0.0
benign_agreement,2,72,authority_conflict,False,True,True,True,hold,base-proposal-hold,0,0,0,1.0,0.0,0,0.0,0.0,0.0,0,0.0
provenance_preserving,2,73,freshness_conflict,True,True,False,True,hold,uncertified-dominance-failed:etaOnTime,0,1,1,1.0,0.0,0,0.0,0.0,1.0,0,0.0
provenance_erased,2,73,freshness_conflict,True,True,False,True,hold,uncertified-dominance-failed:ready;craneOK;etaOnTime;weatherSafe,0,1,1,1.0,0.0,0,0.0,0.0,1.0,0,0.0
random_label_placebo,2,73,freshness_conflict,True,True,False,True,hold,uncertified-dominance-failed:etaOnTime,0,1,1,1.0,0.0,0,0.0,0.0,1.0,0,0.0
labels_without_gating,2,73,freshness_conflict,True,True,False,True,go,ungated-base-proposal,0,0,1,0.0,1.0,1,0.0,0.0,0.0,0,0.0
oracle_visible_state,2,73,freshness_conflict,True,True,False,True,hold,oracle-visible-state,1,0,1,1.0,0.0,0,0.0,0.0,0.0,0,0.0
benign_agreement,2,73,freshness_conflict,True,True,False,True,hold,base-proposal-hold,0,0,0,1.0,0.0,0,0.0,0.0,0.0,0,0.0
provenance_preserving,2,74,context_conflict,False,True,True,True,hold,uncertified-dominance-failed:ready,0,1,1,1.0,0.0,0,0.0,0.0,1.0,0,0.0
provenance_erased,2,74,context_conflict,False,True,True,True,hold,uncertified-dominance-failed:ready;craneOK;etaOnTime;weatherSafe,0,1,1,1.0,0.0,0,0.0,0.0,1.0,0,0.0
random_label_placebo,2,74,context_conflict,False,True,True,True,hold,uncertified-dominance-failed:ready,0,1,1,1.0,0.0,0,0.0,0.0,1.0,0,0.0
labels_without_gating,2,74,context_conflict,False,True,True,True,go,ungated-base-proposal,0,0,1,0.0,1.0,1,0.0,0.0,0.0,0,0.0
oracle_visible_state,2,74,context_conflict,False,True,True,True,hold,oracle-visible-state,1,0,1,1.0,0.0,0,0.0,0.0,0.0,0,0.0
benign_agreement,2,74,context_conflict,False,True,True,True,hold,base-proposal-hold,0,0,0,1.0,0.0,0,0.0,0.0,0.0,0,0.0
provenance_preserving,2,75,human_override,True,True,True,False,hold,uncertified-dominance-failed:weatherSafe,0,1,1,1.0,0.0,0,0.0,0.0,1.0,0,0.0
provenance_erased,2,75,human_override,True,True,True,False,hold,uncertified-dominance-failed:ready;craneOK;etaOnTime;weatherSafe,0,1,1,1.0,0.0,0,0.0,0.0,1.0,0,0.0
random_label_placebo,2,75,human_override,True,True,True,False,hold,uncertified-dominance-failed:weatherSafe,0,1,1,1.0,0.0,0,0.0,0.0,1.0,0,0.0
labels_without_gating,2,75,human_override,True,True,True,False,go,ungated-base-proposal,0,0,1,0.0,1.0,1,0.0,0.0,0.0,0,0.0
oracle_visible_state,2,75,human_override,True,True,True,False,hold,oracle-visible-state,1,0,1,1.0,0.0,0,0.0,0.0,0.0,0,0.0
benign_agreement,2,75,human_override,True,True,True,False,hold,base-proposal-hold,0,0,0,1.0,0.0,0,0.0,0.0,0.0,0,0.0
provenance_preserving,2,76,authority_conflict,True,True,True,True,go,dominant-support-certificate,1,1,1,1.0,0.0,0,0.0,0.0,0.0,0,0.0
provenance_erased,2,76,authority_conflict,True,True,True,True,hold,uncertified-dominance-failed:ready;craneOK;etaOnTime;weatherSafe,0,1,1,0.0,1.0,0,1.0,1.0,1.0,0,1.0
random_label_placebo,2,76,authority_conflict,True,True,True,True,hold,uncertified-dominance-failed:ready,0,1,1,0.0,1.0,0,1.0,1.0,1.0,0,1.0
labels_without_gating,2,76,authority_conflict,True,True,True,True,go,ungated-base-proposal,0,0,1,1.0,0.0,0,0.0,0.0,0.0,0,0.0
oracle_visible_state,2,76,authority_conflict,True,True,True,True,go,oracle-visible-state,1,0,1,1.0,0.0,0,0.0,0.0,0.0,0,0.0
benign_agreement,2,76,authority_conflict,True,True,True,True,go,dominant-support-certificate,1,1,0,1.0,0.0,0,0.0,0.0,0.0,0,0.0
provenance_preserving,2,77,freshness_conflict,True,True,True,True,go,dominant-support-certificate,1,1,1,1.0,0.0,0,0.0,0.0,0.0,0,0.0
provenance_erased,2,77,freshness_conflict,True,True,True,True,hold,uncertified-dominance-failed:ready;craneOK;etaOnTime;weatherSafe,0,1,1,0.0,1.0,0,1.0,1.0,1.0,0,1.0
random_label_placebo,2,77,freshness_conflict,True,True,True,True,go,dominant-support-certificate,1,1,1,1.0,0.0,0,0.0,0.0,0.0,0,0.0
labels_without_gating,2,77,freshness_conflict,True,True,True,True,go,ungated-base-proposal,0,0,1,1.0,0.0,0,0.0,0.0,0.0,0,0.0
oracle_visible_state,2,77,freshness_conflict,True,True,True,True,go,oracle-visible-state,1,0,1,1.0,0.0,0,0.0,0.0,0.0,0,0.0
benign_agreement,2,77,freshness_conflict,True,True,True,True,go,dominant-support-certificate,1,1,0,1.0,0.0,0,0.0,0.0,0.0,0,0.0
provenance_preserving,2,78,context_conflict,False,True,True,True,hold,uncertified-dominance-failed:ready,0,1,1,1.0,0.0,0,0.0,0.0,1.0,0,0.0
provenance_erased,2,78,context_conflict,False,True,True,True,hold,uncertified-dominance-failed:ready;craneOK;etaOnTime;weatherSafe,0,1,1,1.0,0.0,0,0.0,0.0,1.0,0,0.0
random_label_placebo,2,78,context_conflict,False,True,True,True,hold,uncertified-dominance-failed:ready,0,1,1,1.0,0.0,0,0.0,0.0,1.0,0,0.0
labels_without_gating,2,78,context_conflict,False,True,True,True,go,ungated-base-proposal,0,0,1,0.0,1.0,1,0.0,0.0,0.0,0,0.0
oracle_visible_state,2,78,context_conflict,False,True,True,True,hold,oracle-visible-state,1,0,1,1.0,0.0,0,0.0,0.0,0.0,0,0.0
benign_agreement,2,78,context_conflict,False,True,True,True,hold,base-proposal-hold,0,0,0,1.0,0.0,0,0.0,0.0,0.0,0,0.0
provenance_preserving,2,79,human_override,True,True,True,False,hold,uncertified-dominance-failed:weatherSafe,0,1,1,1.0,0.0,0,0.0,0.0,1.0,0,0.0
provenance_erased,2,79,human_override,True,True,True,False,hold,uncertified-dominance-failed:ready;craneOK;etaOnTime;weatherSafe,0,1,1,1.0,0.0,0,0.0,0.0,1.0,0,0.0
random_label_placebo,2,79,human_override,True,True,True,False,go,dominant-support-certificate,1,1,1,0.0,1.0,1,0.0,0.0,0.0,1,0.0
labels_without_gating,2,79,human_override,True,True,True,False,go,ungated-base-proposal,0,0,1,0.0,1.0,1,0.0,0.0,0.0,0,0.0
oracle_visible_state,2,79,human_override,True,True,True,False,hold,oracle-visible-state,1,0,1,1.0,0.0,0,0.0,0.0,0.0,0,0.0
benign_agreement,2,79,human_override,True,True,True,False,hold,base-proposal-hold,0,0,0,1.0,0.0,0,0.0,0.0,0.0,0,0.0
provenance_preserving,3,0,authority_conflict,True,True,True,True,go,dominant-support-certificate,1,1,1,1.0,0.0,0,0.0,0.0,0.0,0,0.0
provenance_erased,3,0,authority_conflict,True,True,True,True,hold,uncertified-dominance-failed:ready;craneOK;etaOnTime;weatherSafe,0,1,1,0.0,1.0,0,1.0,1.0,1.0,0,1.0
random_label_placebo,3,0,authority_conflict,True,True,True,True,hold,uncertified-dominance-failed:ready,0,1,1,0.0,1.0,0,1.0,1.0,1.0,0,1.0
labels_without_gating,3,0,authority_conflict,True,True,True,True,go,ungated-base-proposal,0,0,1,1.0,0.0,0,0.0,0.0,0.0,0,0.0
oracle_visible_state,3,0,authority_conflict,True,True,True,True,go,oracle-visible-state,1,0,1,1.0,0.0,0,0.0,0.0,0.0,0,0.0
benign_agreement,3,0,authority_conflict,True,True,True,True,go,dominant-support-certificate,1,1,0,1.0,0.0,0,0.0,0.0,0.0,0,0.0
provenance_preserving,3,1,freshness_conflict,True,True,False,True,hold,uncertified-dominance-failed:etaOnTime,0,1,1,1.0,0.0,0,0.0,0.0,1.0,0,0.0
provenance_erased,3,1,freshness_conflict,True,True,False,True,hold,uncertified-dominance-failed:ready;craneOK;etaOnTime;weatherSafe,0,1,1,1.0,0.0,0,0.0,0.0,1.0,0,0.0
random_label_placebo,3,1,freshness_conflict,True,True,False,True,hold,uncertified-dominance-failed:etaOnTime,0,1,1,1.0,0.0,0,0.0,0.0,1.0,0,0.0
labels_without_gating,3,1,freshness_conflict,True,True,False,True,go,ungated-base-proposal,0,0,1,0.0,1.0,1,0.0,0.0,0.0,0,0.0
oracle_visible_state,3,1,freshness_conflict,True,True,False,True,hold,oracle-visible-state,1,0,1,1.0,0.0,0,0.0,0.0,0.0,0,0.0
benign_agreement,3,1,freshness_conflict,True,True,False,True,hold,base-proposal-hold,0,0,0,1.0,0.0,0,0.0,0.0,0.0,0,0.0
provenance_preserving,3,2,context_conflict,True,True,True,True,go,dominant-support-certificate,1,1,1,1.0,0.0,0,0.0,0.0,0.0,0,0.0
provenance_erased,3,2,context_conflict,True,True,True,True,hold,uncertified-dominance-failed:ready;craneOK;etaOnTime;weatherSafe,0,1,1,0.0,1.0,0,1.0,1.0,1.0,0,1.0
random_label_placebo,3,2,context_conflict,True,True,True,True,hold,uncertified-dominance-failed:ready,0,1,1,0.0,1.0,0,1.0,1.0,1.0,0,1.0
labels_without_gating,3,2,context_conflict,True,True,True,True,go,ungated-base-proposal,0,0,1,1.0,0.0,0,0.0,0.0,0.0,0,0.0
oracle_visible_state,3,2,context_conflict,True,True,True,True,go,oracle-visible-state,1,0,1,1.0,0.0,0,0.0,0.0,0.0,0,0.0
benign_agreement,3,2,context_conflict,True,True,True,True,go,dominant-support-certificate,1,1,0,1.0,0.0,0,0.0,0.0,0.0,0,0.0
provenance_preserving,3,3,human_override,True,True,True,False,hold,uncertified-dominance-failed:weatherSafe,0,1,1,1.0,0.0,0,0.0,0.0,1.0,0,0.0
provenance_erased,3,3,human_override,True,True,True,False,hold,uncertified-dominance-failed:ready;craneOK;etaOnTime;weatherSafe,0,1,1,1.0,0.0,0,0.0,0.0,1.0,0,0.0
random_label_placebo,3,3,human_override,True,True,True,False,go,dominant-support-certificate,1,1,1,0.0,1.0,1,0.0,0.0,0.0,1,0.0
labels_without_gating,3,3,human_override,True,True,True,False,go,ungated-base-proposal,0,0,1,0.0,1.0,1,0.0,0.0,0.0,0,0.0
oracle_visible_state,3,3,human_override,True,True,True,False,hold,oracle-visible-state,1,0,1,1.0,0.0,0,0.0,0.0,0.0,0,0.0
benign_agreement,3,3,human_override,True,True,True,False,hold,base-proposal-hold,0,0,0,1.0,0.0,0,0.0,0.0,0.0,0,0.0
provenance_preserving,3,4,authority_conflict,False,True,True,True,hold,uncertified-dominance-failed:ready,0,1,1,1.0,0.0,0,0.0,0.0,1.0,0,0.0
provenance_erased,3,4,authority_conflict,False,True,True,True,hold,uncertified-dominance-failed:ready;craneOK;etaOnTime;weatherSafe,0,1,1,1.0,0.0,0,0.0,0.0,1.0,0,0.0
random_label_placebo,3,4,authority_conflict,False,True,True,True,hold,uncertified-dominance-failed:ready,0,1,1,1.0,0.0,0,0.0,0.0,1.0,0,0.0
labels_without_gating,3,4,authority_conflict,False,True,True,True,go,ungated-base-proposal,0,0,1,0.0,1.0,1,0.0,0.0,0.0,0,0.0
oracle_visible_state,3,4,authority_conflict,False,True,True,True,hold,oracle-visible-state,1,0,1,1.0,0.0,0,0.0,0.0,0.0,0,0.0
benign_agreement,3,4,authority_conflict,False,True,True,True,hold,base-proposal-hold,0,0,0,1.0,0.0,0,0.0,0.0,0.0,0,0.0
provenance_preserving,3,5,freshness_conflict,True,True,True,True,go,dominant-support-certificate,1,1,1,1.0,0.0,0,0.0,0.0,0.0,0,0.0
provenance_erased,3,5,freshness_conflict,True,True,True,True,hold,uncertified-dominance-failed:ready;craneOK;etaOnTime;weatherSafe,0,1,1,0.0,1.0,0,1.0,1.0,1.0,0,1.0
random_label_placebo,3,5,freshness_conflict,True,True,True,True,go,dominant-support-certificate,1,1,1,1.0,0.0,0,0.0,0.0,0.0,0,0.0
labels_without_gating,3,5,freshness_conflict,True,True,True,True,go,ungated-base-proposal,0,0,1,1.0,0.0,0,0.0,0.0,0.0,0,0.0
oracle_visible_state,3,5,freshness_conflict,True,True,True,True,go,oracle-visible-state,1,0,1,1.0,0.0,0,0.0,0.0,0.0,0,0.0
benign_agreement,3,5,freshness_conflict,True,True,True,True,go,dominant-support-certificate,1,1,0,1.0,0.0,0,0.0,0.0,0.0,0,0.0
provenance_preserving,3,6,context_conflict,True,True,True,True,go,dominant-support-certificate,1,1,1,1.0,0.0,0,0.0,0.0,0.0,0,0.0
provenance_erased,3,6,context_conflict,True,True,True,True,hold,uncertified-dominance-failed:ready;craneOK;etaOnTime;weatherSafe,0,1,1,0.0,1.0,0,1.0,1.0,1.0,0,1.0
random_label_placebo,3,6,context_conflict,True,True,True,True,hold,uncertified-dominance-failed:ready,0,1,1,0.0,1.0,0,1.0,1.0,1.0,0,1.0
labels_without_gating,3,6,context_conflict,True,True,True,True,go,ungated-base-proposal,0,0,1,1.0,0.0,0,0.0,0.0,0.0,0,0.0
oracle_visible_state,3,6,context_conflict,True,True,True,True,go,oracle-visible-state,1,0,1,1.0,0.0,0,0.0,0.0,0.0,0,0.0
benign_agreement,3,6,context_conflict,True,True,True,True,go,dominant-support-certificate,1,1,0,1.0,0.0,0,0.0,0.0,0.0,0,0.0
provenance_preserving,3,7,human_override,True,True,True,False,hold,uncertified-dominance-failed:weatherSafe,0,1,1,1.0,0.0,0,0.0,0.0,1.0,0,0.0
provenance_erased,3,7,human_override,True,True,True,False,hold,uncertified-dominance-failed:ready;craneOK;etaOnTime;weatherSafe,0,1,1,1.0,0.0,0,0.0,0.0,1.0,0,0.0
random_label_placebo,3,7,human_override,True,True,True,False,hold,uncertified-dominance-failed:weatherSafe,0,1,1,1.0,0.0,0,0.0,0.0,1.0,0,0.0
labels_without_gating,3,7,human_override,True,True,True,False,go,ungated-base-proposal,0,0,1,0.0,1.0,1,0.0,0.0,0.0,0,0.0
oracle_visible_state,3,7,human_override,True,True,True,False,hold,oracle-visible-state,1,0,1,1.0,0.0,0,0.0,0.0,0.0,0,0.0
benign_agreement,3,7,human_override,True,True,True,False,hold,base-proposal-hold,0,0,0,1.0,0.0,0,0.0,0.0,0.0,0,0.0
provenance_preserving,3,8,authority_conflict,True,True,True,True,go,dominant-support-certificate,1,1,1,1.0,0.0,0,0.0,0.0,0.0,0,0.0
provenance_erased,3,8,authority_conflict,True,True,True,True,hold,uncertified-dominance-failed:ready;craneOK;etaOnTime;weatherSafe,0,1,1,0.0,1.0,0,1.0,1.0,1.0,0,1.0
random_label_placebo,3,8,authority_conflict,True,True,True,True,hold,uncertified-dominance-failed:ready,0,1,1,0.0,1.0,0,1.0,1.0,1.0,0,1.0
labels_without_gating,3,8,authority_conflict,True,True,True,True,go,ungated-base-proposal,0,0,1,1.0,0.0,0,0.0,0.0,0.0,0,0.0
oracle_visible_state,3,8,authority_conflict,True,True,True,True,go,oracle-visible-state,1,0,1,1.0,0.0,0,0.0,0.0,0.0,0,0.0
benign_agreement,3,8,authority_conflict,True,True,True,True,go,dominant-support-certificate,1,1,0,1.0,0.0,0,0.0,0.0,0.0,0,0.0
provenance_preserving,3,9,freshness_conflict,True,True,True,True,go,dominant-support-certificate,1,1,1,1.0,0.0,0,0.0,0.0,0.0,0,0.0
provenance_erased,3,9,freshness_conflict,True,True,True,True,hold,uncertified-dominance-failed:ready;craneOK;etaOnTime;weatherSafe,0,1,1,0.0,1.0,0,1.0,1.0,1.0,0,1.0
random_label_placebo,3,9,freshness_conflict,True,True,True,True,go,dominant-support-certificate,1,1,1,1.0,0.0,0,0.0,0.0,0.0,0,0.0
labels_without_gating,3,9,freshness_conflict,True,True,True,True,go,ungated-base-proposal,0,0,1,1.0,0.0,0,0.0,0.0,0.0,0,0.0
oracle_visible_state,3,9,freshness_conflict,True,True,True,True,go,oracle-visible-state,1,0,1,1.0,0.0,0,0.0,0.0,0.0,0,0.0
benign_agreement,3,9,freshness_conflict,True,True,True,True,go,dominant-support-certificate,1,1,0,1.0,0.0,0,0.0,0.0,0.0,0,0.0
provenance_preserving,3,10,context_conflict,False,True,True,True,hold,uncertified-dominance-failed:ready,0,1,1,1.0,0.0,0,0.0,0.0,1.0,0,0.0
provenance_erased,3,10,context_conflict,False,True,True,True,hold,uncertified-dominance-failed:ready;craneOK;etaOnTime;weatherSafe,0,1,1,1.0,0.0,0,0.0,0.0,1.0,0,0.0
random_label_placebo,3,10,context_conflict,False,True,True,True,hold,uncertified-dominance-failed:ready,0,1,1,1.0,0.0,0,0.0,0.0,1.0,0,0.0
labels_without_gating,3,10,context_conflict,False,True,True,True,go,ungated-base-proposal,0,0,1,0.0,1.0,1,0.0,0.0,0.0,0,0.0
oracle_visible_state,3,10,context_conflict,False,True,True,True,hold,oracle-visible-state,1,0,1,1.0,0.0,0,0.0,0.0,0.0,0,0.0
benign_agreement,3,10,context_conflict,False,True,True,True,hold,base-proposal-hold,0,0,0,1.0,0.0,0,0.0,0.0,0.0,0,0.0
provenance_preserving,3,11,human_override,True,True,True,True,go,dominant-support-certificate,1,1,1,1.0,0.0,0,0.0,0.0,0.0,0,0.0
provenance_erased,3,11,human_override,True,True,True,True,hold,uncertified-dominance-failed:ready;craneOK;etaOnTime;weatherSafe,0,1,1,0.0,1.0,0,1.0,1.0,1.0,0,1.0
random_label_placebo,3,11,human_override,True,True,True,True,go,dominant-support-certificate,1,1,1,1.0,0.0,0,0.0,0.0,0.0,0,0.0
labels_without_gating,3,11,human_override,True,True,True,True,go,ungated-base-proposal,0,0,1,1.0,0.0,0,0.0,0.0,0.0,0,0.0
oracle_visible_state,3,11,human_override,True,True,True,True,go,oracle-visible-state,1,0,1,1.0,0.0,0,0.0,0.0,0.0,0,0.0
benign_agreement,3,11,human_override,True,True,True,True,go,dominant-support-certificate,1,1,0,1.0,0.0,0,0.0,0.0,0.0,0,0.0
provenance_preserving,3,12,authority_conflict,False,True,True,True,hold,uncertified-dominance-failed:ready,0,1,1,1.0,0.0,0,0.0,0.0,1.0,0,0.0
provenance_erased,3,12,authority_conflict,False,True,True,True,hold,uncertified-dominance-failed:ready;craneOK;etaOnTime;weatherSafe,0,1,1,1.0,0.0,0,0.0,0.0,1.0,0,0.0
random_label_placebo,3,12,authority_conflict,False,True,True,True,hold,uncertified-dominance-failed:ready,0,1,1,1.0,0.0,0,0.0,0.0,1.0,0,0.0
labels_without_gating,3,12,authority_conflict,False,True,True,True,go,ungated-base-proposal,0,0,1,0.0,1.0,1,0.0,0.0,0.0,0,0.0
oracle_visible_state,3,12,authority_conflict,False,True,True,True,hold,oracle-visible-state,1,0,1,1.0,0.0,0,0.0,0.0,0.0,0,0.0
benign_agreement,3,12,authority_conflict,False,True,True,True,hold,base-proposal-hold,0,0,0,1.0,0.0,0,0.0,0.0,0.0,0,0.0
provenance_preserving,3,13,freshness_conflict,True,True,True,True,go,dominant-support-certificate,1,1,1,1.0,0.0,0,0.0,0.0,0.0,0,0.0
provenance_erased,3,13,freshness_conflict,True,True,True,True,hold,uncertified-dominance-failed:ready;craneOK;etaOnTime;weatherSafe,0,1,1,0.0,1.0,0,1.0,1.0,1.0,0,1.0
random_label_placebo,3,13,freshness_conflict,True,True,True,True,go,dominant-support-certificate,1,1,1,1.0,0.0,0,0.0,0.0,0.0,0,0.0
labels_without_gating,3,13,freshness_conflict,True,True,True,True,go,ungated-base-proposal,0,0,1,1.0,0.0,0,0.0,0.0,0.0,0,0.0
oracle_visible_state,3,13,freshness_conflict,True,True,True,True,go,oracle-visible-state,1,0,1,1.0,0.0,0,0.0,0.0,0.0,0,0.0
benign_agreement,3,13,freshness_conflict,True,True,True,True,go,dominant-support-certificate,1,1,0,1.0,0.0,0,0.0,0.0,0.0,0,0.0
provenance_preserving,3,14,context_conflict,False,True,True,True,hold,uncertified-dominance-failed:ready,0,1,1,1.0,0.0,0,0.0,0.0,1.0,0,0.0
provenance_erased,3,14,context_conflict,False,True,True,True,hold,uncertified-dominance-failed:ready;craneOK;etaOnTime;weatherSafe,0,1,1,1.0,0.0,0,0.0,0.0,1.0,0,0.0
random_label_placebo,3,14,context_conflict,False,True,True,True,go,dominant-support-certificate,1,1,1,0.0,1.0,1,0.0,0.0,0.0,1,0.0
labels_without_gating,3,14,context_conflict,False,True,True,True,go,ungated-base-proposal,0,0,1,0.0,1.0,1,0.0,0.0,0.0,0,0.0
oracle_visible_state,3,14,context_conflict,False,True,True,True,hold,oracle-visible-state,1,0,1,1.0,0.0,0,0.0,0.0,0.0,0,0.0
benign_agreement,3,14,context_conflict,False,True,True,True,hold,base-proposal-hold,0,0,0,1.0,0.0,0,0.0,0.0,0.0,0,0.0
provenance_preserving,3,15,human_override,True,True,True,True,go,dominant-support-certificate,1,1,1,1.0,0.0,0,0.0,0.0,0.0,0,0.0
provenance_erased,3,15,human_override,True,True,True,True,hold,uncertified-dominance-failed:ready;craneOK;etaOnTime;weatherSafe,0,1,1,0.0,1.0,0,1.0,1.0,1.0,0,1.0
random_label_placebo,3,15,human_override,True,True,True,True,go,dominant-support-certificate,1,1,1,1.0,0.0,0,0.0,0.0,0.0,0,0.0
labels_without_gating,3,15,human_override,True,True,True,True,go,ungated-base-proposal,0,0,1,1.0,0.0,0,0.0,0.0,0.0,0,0.0
oracle_visible_state,3,15,human_override,True,True,True,True,go,oracle-visible-state,1,0,1,1.0,0.0,0,0.0,0.0,0.0,0,0.0
benign_agreement,3,15,human_override,True,True,True,True,go,dominant-support-certificate,1,1,0,1.0,0.0,0,0.0,0.0,0.0,0,0.0
provenance_preserving,3,16,authority_conflict,False,True,True,True,hold,uncertified-dominance-failed:ready,0,1,1,1.0,0.0,0,0.0,0.0,1.0,0,0.0
provenance_erased,3,16,authority_conflict,False,True,True,True,hold,uncertified-dominance-failed:ready;craneOK;etaOnTime;weatherSafe,0,1,1,1.0,0.0,0,0.0,0.0,1.0,0,0.0
random_label_placebo,3,16,authority_conflict,False,True,True,True,go,dominant-support-certificate,1,1,1,0.0,1.0,1,0.0,0.0,0.0,1,0.0
labels_without_gating,3,16,authority_conflict,False,True,True,True,go,ungated-base-proposal,0,0,1,0.0,1.0,1,0.0,0.0,0.0,0,0.0
oracle_visible_state,3,16,authority_conflict,False,True,True,True,hold,oracle-visible-state,1,0,1,1.0,0.0,0,0.0,0.0,0.0,0,0.0
benign_agreement,3,16,authority_conflict,False,True,True,True,hold,base-proposal-hold,0,0,0,1.0,0.0,0,0.0,0.0,0.0,0,0.0
provenance_preserving,3,17,freshness_conflict,True,True,False,True,hold,uncertified-dominance-failed:etaOnTime,0,1,1,1.0,0.0,0,0.0,0.0,1.0,0,0.0
provenance_erased,3,17,freshness_conflict,True,True,False,True,hold,uncertified-dominance-failed:ready;craneOK;etaOnTime;weatherSafe,0,1,1,1.0,0.0,0,0.0,0.0,1.0,0,0.0
random_label_placebo,3,17,freshness_conflict,True,True,False,True,hold,uncertified-dominance-failed:etaOnTime,0,1,1,1.0,0.0,0,0.0,0.0,1.0,0,0.0
labels_without_gating,3,17,freshness_conflict,True,True,False,True,go,ungated-base-proposal,0,0,1,0.0,1.0,1,0.0,0.0,0.0,0,0.0
oracle_visible_state,3,17,freshness_conflict,True,True,False,True,hold,oracle-visible-state,1,0,1,1.0,0.0,0,0.0,0.0,0.0,0,0.0
benign_agreement,3,17,freshness_conflict,True,True,False,True,hold,base-proposal-hold,0,0,0,1.0,0.0,0,0.0,0.0,0.0,0,0.0
provenance_preserving,3,18,context_conflict,False,True,True,True,hold,uncertified-dominance-failed:ready,0,1,1,1.0,0.0,0,0.0,0.0,1.0,0,0.0
provenance_erased,3,18,context_conflict,False,True,True,True,hold,uncertified-dominance-failed:ready;craneOK;etaOnTime;weatherSafe,0,1,1,1.0,0.0,0,0.0,0.0,1.0,0,0.0
random_label_placebo,3,18,context_conflict,False,True,True,True,go,dominant-support-certificate,1,1,1,0.0,1.0,1,0.0,0.0,0.0,1,0.0
labels_without_gating,3,18,context_conflict,False,True,True,True,go,ungated-base-proposal,0,0,1,0.0,1.0,1,0.0,0.0,0.0,0,0.0
oracle_visible_state,3,18,context_conflict,False,True,True,True,hold,oracle-visible-state,1,0,1,1.0,0.0,0,0.0,0.0,0.0,0,0.0
benign_agreement,3,18,context_conflict,False,True,True,True,hold,base-proposal-hold,0,0,0,1.0,0.0,0,0.0,0.0,0.0,0,0.0
provenance_preserving,3,19,human_override,True,True,True,False,hold,uncertified-dominance-failed:weatherSafe,0,1,1,1.0,0.0,0,0.0,0.0,1.0,0,0.0
provenance_erased,3,19,human_override,True,True,True,False,hold,uncertified-dominance-failed:ready;craneOK;etaOnTime;weatherSafe,0,1,1,1.0,0.0,0,0.0,0.0,1.0,0,0.0
random_label_placebo,3,19,human_override,True,True,True,False,go,dominant-support-certificate,1,1,1,0.0,1.0,1,0.0,0.0,0.0,1,0.0
labels_without_gating,3,19,human_override,True,True,True,False,go,ungated-base-proposal,0,0,1,0.0,1.0,1,0.0,0.0,0.0,0,0.0
oracle_visible_state,3,19,human_override,True,True,True,False,hold,oracle-visible-state,1,0,1,1.0,0.0,0,0.0,0.0,0.0,0,0.0
benign_agreement,3,19,human_override,True,True,True,False,hold,base-proposal-hold,0,0,0,1.0,0.0,0,0.0,0.0,0.0,0,0.0
provenance_preserving,3,20,authority_conflict,False,True,True,True,hold,uncertified-dominance-failed:ready,0,1,1,1.0,0.0,0,0.0,0.0,1.0,0,0.0
provenance_erased,3,20,authority_conflict,False,True,True,True,hold,uncertified-dominance-failed:ready;craneOK;etaOnTime;weatherSafe,0,1,1,1.0,0.0,0,0.0,0.0,1.0,0,0.0
random_label_placebo,3,20,authority_conflict,False,True,True,True,hold,uncertified-dominance-failed:ready,0,1,1,1.0,0.0,0,0.0,0.0,1.0,0,0.0
labels_without_gating,3,20,authority_conflict,False,True,True,True,go,ungated-base-proposal,0,0,1,0.0,1.0,1,0.0,0.0,0.0,0,0.0
oracle_visible_state,3,20,authority_conflict,False,True,True,True,hold,oracle-visible-state,1,0,1,1.0,0.0,0,0.0,0.0,0.0,0,0.0
benign_agreement,3,20,authority_conflict,False,True,True,True,hold,base-proposal-hold,0,0,0,1.0,0.0,0,0.0,0.0,0.0,0,0.0
provenance_preserving,3,21,freshness_conflict,True,True,True,True,go,dominant-support-certificate,1,1,1,1.0,0.0,0,0.0,0.0,0.0,0,0.0
provenance_erased,3,21,freshness_conflict,True,True,True,True,hold,uncertified-dominance-failed:ready;craneOK;etaOnTime;weatherSafe,0,1,1,0.0,1.0,0,1.0,1.0,1.0,0,1.0
random_label_placebo,3,21,freshness_conflict,True,True,True,True,go,dominant-support-certificate,1,1,1,1.0,0.0,0,0.0,0.0,0.0,0,0.0
labels_without_gating,3,21,freshness_conflict,True,True,True,True,go,ungated-base-proposal,0,0,1,1.0,0.0,0,0.0,0.0,0.0,0,0.0
oracle_visible_state,3,21,freshness_conflict,True,True,True,True,go,oracle-visible-state,1,0,1,1.0,0.0,0,0.0,0.0,0.0,0,0.0
benign_agreement,3,21,freshness_conflict,True,True,True,True,go,dominant-support-certificate,1,1,0,1.0,0.0,0,0.0,0.0,0.0,0,0.0
provenance_preserving,3,22,context_conflict,False,True,True,True,hold,uncertified-dominance-failed:ready,0,1,1,1.0,0.0,0,0.0,0.0,1.0,0,0.0
provenance_erased,3,22,context_conflict,False,True,True,True,hold,uncertified-dominance-failed:ready;craneOK;etaOnTime;weatherSafe,0,1,1,1.0,0.0,0,0.0,0.0,1.0,0,0.0
random_label_placebo,3,22,context_conflict,False,True,True,True,go,dominant-support-certificate,1,1,1,0.0,1.0,1,0.0,0.0,0.0,1,0.0
labels_without_gating,3,22,context_conflict,False,True,True,True,go,ungated-base-proposal,0,0,1,0.0,1.0,1,0.0,0.0,0.0,0,0.0
oracle_visible_state,3,22,context_conflict,False,True,True,True,hold,oracle-visible-state,1,0,1,1.0,0.0,0,0.0,0.0,0.0,0,0.0
benign_agreement,3,22,context_conflict,False,True,True,True,hold,base-proposal-hold,0,0,0,1.0,0.0,0,0.0,0.0,0.0,0,0.0
provenance_preserving,3,23,human_override,True,True,True,False,hold,uncertified-dominance-failed:weatherSafe,0,1,1,1.0,0.0,0,0.0,0.0,1.0,0,0.0
provenance_erased,3,23,human_override,True,True,True,False,hold,uncertified-dominance-failed:ready;craneOK;etaOnTime;weatherSafe,0,1,1,1.0,0.0,0,0.0,0.0,1.0,0,0.0
random_label_placebo,3,23,human_override,True,True,True,False,hold,uncertified-dominance-failed:weatherSafe,0,1,1,1.0,0.0,0,0.0,0.0,1.0,0,0.0
labels_without_gating,3,23,human_override,True,True,True,False,go,ungated-base-proposal,0,0,1,0.0,1.0,1,0.0,0.0,0.0,0,0.0
oracle_visible_state,3,23,human_override,True,True,True,False,hold,oracle-visible-state,1,0,1,1.0,0.0,0,0.0,0.0,0.0,0,0.0
benign_agreement,3,23,human_override,True,True,True,False,hold,base-proposal-hold,0,0,0,1.0,0.0,0,0.0,0.0,0.0,0,0.0
provenance_preserving,3,24,authority_conflict,True,True,True,True,go,dominant-support-certificate,1,1,1,1.0,0.0,0,0.0,0.0,0.0,0,0.0
provenance_erased,3,24,authority_conflict,True,True,True,True,hold,uncertified-dominance-failed:ready;craneOK;etaOnTime;weatherSafe,0,1,1,0.0,1.0,0,1.0,1.0,1.0,0,1.0
random_label_placebo,3,24,authority_conflict,True,True,True,True,hold,uncertified-dominance-failed:ready,0,1,1,0.0,1.0,0,1.0,1.0,1.0,0,1.0
labels_without_gating,3,24,authority_conflict,True,True,True,True,go,ungated-base-proposal,0,0,1,1.0,0.0,0,0.0,0.0,0.0,0,0.0
oracle_visible_state,3,24,authority_conflict,True,True,True,True,go,oracle-visible-state,1,0,1,1.0,0.0,0,0.0,0.0,0.0,0,0.0
benign_agreement,3,24,authority_conflict,True,True,True,True,go,dominant-support-certificate,1,1,0,1.0,0.0,0,0.0,0.0,0.0,0,0.0
provenance_preserving,3,25,freshness_conflict,True,True,True,True,go,dominant-support-certificate,1,1,1,1.0,0.0,0,0.0,0.0,0.0,0,0.0
provenance_erased,3,25,freshness_conflict,True,True,True,True,hold,uncertified-dominance-failed:ready;craneOK;etaOnTime;weatherSafe,0,1,1,0.0,1.0,0,1.0,1.0,1.0,0,1.0
random_label_placebo,3,25,freshness_conflict,True,True,True,True,go,dominant-support-certificate,1,1,1,1.0,0.0,0,0.0,0.0,0.0,0,0.0
labels_without_gating,3,25,freshness_conflict,True,True,True,True,go,ungated-base-proposal,0,0,1,1.0,0.0,0,0.0,0.0,0.0,0,0.0
oracle_visible_state,3,25,freshness_conflict,True,True,True,True,go,oracle-visible-state,1,0,1,1.0,0.0,0,0.0,0.0,0.0,0,0.0
benign_agreement,3,25,freshness_conflict,True,True,True,True,go,dominant-support-certificate,1,1,0,1.0,0.0,0,0.0,0.0,0.0,0,0.0
provenance_preserving,3,26,context_conflict,False,True,True,True,hold,uncertified-dominance-failed:ready,0,1,1,1.0,0.0,0,0.0,0.0,1.0,0,0.0
provenance_erased,3,26,context_conflict,False,True,True,True,hold,uncertified-dominance-failed:ready;craneOK;etaOnTime;weatherSafe,0,1,1,1.0,0.0,0,0.0,0.0,1.0,0,0.0
random_label_placebo,3,26,context_conflict,False,True,True,True,go,dominant-support-certificate,1,1,1,0.0,1.0,1,0.0,0.0,0.0,1,0.0
labels_without_gating,3,26,context_conflict,False,True,True,True,go,ungated-base-proposal,0,0,1,0.0,1.0,1,0.0,0.0,0.0,0,0.0
oracle_visible_state,3,26,context_conflict,False,True,True,True,hold,oracle-visible-state,1,0,1,1.0,0.0,0,0.0,0.0,0.0,0,0.0
benign_agreement,3,26,context_conflict,False,True,True,True,hold,base-proposal-hold,0,0,0,1.0,0.0,0,0.0,0.0,0.0,0,0.0
provenance_preserving,3,27,human_override,True,True,True,True,go,dominant-support-certificate,1,1,1,1.0,0.0,0,0.0,0.0,0.0,0,0.0
provenance_erased,3,27,human_override,True,True,True,True,hold,uncertified-dominance-failed:ready;craneOK;etaOnTime;weatherSafe,0,1,1,0.0,1.0,0,1.0,1.0,1.0,0,1.0
random_label_placebo,3,27,human_override,True,True,True,True,go,dominant-support-certificate,1,1,1,1.0,0.0,0,0.0,0.0,0.0,0,0.0
labels_without_gating,3,27,human_override,True,True,True,True,go,ungated-base-proposal,0,0,1,1.0,0.0,0,0.0,0.0,0.0,0,0.0
oracle_visible_state,3,27,human_override,True,True,True,True,go,oracle-visible-state,1,0,1,1.0,0.0,0,0.0,0.0,0.0,0,0.0
benign_agreement,3,27,human_override,True,True,True,True,go,dominant-support-certificate,1,1,0,1.0,0.0,0,0.0,0.0,0.0,0,0.0
provenance_preserving,3,28,authority_conflict,False,True,True,True,hold,uncertified-dominance-failed:ready,0,1,1,1.0,0.0,0,0.0,0.0,1.0,0,0.0
provenance_erased,3,28,authority_conflict,False,True,True,True,hold,uncertified-dominance-failed:ready;craneOK;etaOnTime;weatherSafe,0,1,1,1.0,0.0,0,0.0,0.0,1.0,0,0.0
random_label_placebo,3,28,authority_conflict,False,True,True,True,go,dominant-support-certificate,1,1,1,0.0,1.0,1,0.0,0.0,0.0,1,0.0
labels_without_gating,3,28,authority_conflict,False,True,True,True,go,ungated-base-proposal,0,0,1,0.0,1.0,1,0.0,0.0,0.0,0,0.0
oracle_visible_state,3,28,authority_conflict,False,True,True,True,hold,oracle-visible-state,1,0,1,1.0,0.0,0,0.0,0.0,0.0,0,0.0
benign_agreement,3,28,authority_conflict,False,True,True,True,hold,base-proposal-hold,0,0,0,1.0,0.0,0,0.0,0.0,0.0,0,0.0
provenance_preserving,3,29,freshness_conflict,True,True,False,True,hold,uncertified-dominance-failed:etaOnTime,0,1,1,1.0,0.0,0,0.0,0.0,1.0,0,0.0
provenance_erased,3,29,freshness_conflict,True,True,False,True,hold,uncertified-dominance-failed:ready;craneOK;etaOnTime;weatherSafe,0,1,1,1.0,0.0,0,0.0,0.0,1.0,0,0.0
random_label_placebo,3,29,freshness_conflict,True,True,False,True,hold,uncertified-dominance-failed:etaOnTime,0,1,1,1.0,0.0,0,0.0,0.0,1.0,0,0.0
labels_without_gating,3,29,freshness_conflict,True,True,False,True,go,ungated-base-proposal,0,0,1,0.0,1.0,1,0.0,0.0,0.0,0,0.0
oracle_visible_state,3,29,freshness_conflict,True,True,False,True,hold,oracle-visible-state,1,0,1,1.0,0.0,0,0.0,0.0,0.0,0,0.0
benign_agreement,3,29,freshness_conflict,True,True,False,True,hold,base-proposal-hold,0,0,0,1.0,0.0,0,0.0,0.0,0.0,0,0.0
provenance_preserving,3,30,context_conflict,False,True,True,True,hold,uncertified-dominance-failed:ready,0,1,1,1.0,0.0,0,0.0,0.0,1.0,0,0.0
provenance_erased,3,30,context_conflict,False,True,True,True,hold,uncertified-dominance-failed:ready;craneOK;etaOnTime;weatherSafe,0,1,1,1.0,0.0,0,0.0,0.0,1.0,0,0.0
random_label_placebo,3,30,context_conflict,False,True,True,True,hold,uncertified-dominance-failed:ready,0,1,1,1.0,0.0,0,0.0,0.0,1.0,0,0.0
labels_without_gating,3,30,context_conflict,False,True,True,True,go,ungated-base-proposal,0,0,1,0.0,1.0,1,0.0,0.0,0.0,0,0.0
oracle_visible_state,3,30,context_conflict,False,True,True,True,hold,oracle-visible-state,1,0,1,1.0,0.0,0,0.0,0.0,0.0,0,0.0
benign_agreement,3,30,context_conflict,False,True,True,True,hold,base-proposal-hold,0,0,0,1.0,0.0,0,0.0,0.0,0.0,0,0.0
provenance_preserving,3,31,human_override,True,True,True,False,hold,uncertified-dominance-failed:weatherSafe,0,1,1,1.0,0.0,0,0.0,0.0,1.0,0,0.0
provenance_erased,3,31,human_override,True,True,True,False,hold,uncertified-dominance-failed:ready;craneOK;etaOnTime;weatherSafe,0,1,1,1.0,0.0,0,0.0,0.0,1.0,0,0.0
random_label_placebo,3,31,human_override,True,True,True,False,hold,uncertified-dominance-failed:weatherSafe,0,1,1,1.0,0.0,0,0.0,0.0,1.0,0,0.0
labels_without_gating,3,31,human_override,True,True,True,False,go,ungated-base-proposal,0,0,1,0.0,1.0,1,0.0,0.0,0.0,0,0.0
oracle_visible_state,3,31,human_override,True,True,True,False,hold,oracle-visible-state,1,0,1,1.0,0.0,0,0.0,0.0,0.0,0,0.0
benign_agreement,3,31,human_override,True,True,True,False,hold,base-proposal-hold,0,0,0,1.0,0.0,0,0.0,0.0,0.0,0,0.0
provenance_preserving,3,32,authority_conflict,True,True,True,True,go,dominant-support-certificate,1,1,1,1.0,0.0,0,0.0,0.0,0.0,0,0.0
provenance_erased,3,32,authority_conflict,True,True,True,True,hold,uncertified-dominance-failed:ready;craneOK;etaOnTime;weatherSafe,0,1,1,0.0,1.0,0,1.0,1.0,1.0,0,1.0
random_label_placebo,3,32,authority_conflict,True,True,True,True,hold,uncertified-dominance-failed:ready,0,1,1,0.0,1.0,0,1.0,1.0,1.0,0,1.0
labels_without_gating,3,32,authority_conflict,True,True,True,True,go,ungated-base-proposal,0,0,1,1.0,0.0,0,0.0,0.0,0.0,0,0.0
oracle_visible_state,3,32,authority_conflict,True,True,True,True,go,oracle-visible-state,1,0,1,1.0,0.0,0,0.0,0.0,0.0,0,0.0
benign_agreement,3,32,authority_conflict,True,True,True,True,go,dominant-support-certificate,1,1,0,1.0,0.0,0,0.0,0.0,0.0,0,0.0
provenance_preserving,3,33,freshness_conflict,True,True,False,True,hold,uncertified-dominance-failed:etaOnTime,0,1,1,1.0,0.0,0,0.0,0.0,1.0,0,0.0
provenance_erased,3,33,freshness_conflict,True,True,False,True,hold,uncertified-dominance-failed:ready;craneOK;etaOnTime;weatherSafe,0,1,1,1.0,0.0,0,0.0,0.0,1.0,0,0.0
random_label_placebo,3,33,freshness_conflict,True,True,False,True,hold,uncertified-dominance-failed:etaOnTime,0,1,1,1.0,0.0,0,0.0,0.0,1.0,0,0.0
labels_without_gating,3,33,freshness_conflict,True,True,False,True,go,ungated-base-proposal,0,0,1,0.0,1.0,1,0.0,0.0,0.0,0,0.0
oracle_visible_state,3,33,freshness_conflict,True,True,False,True,hold,oracle-visible-state,1,0,1,1.0,0.0,0,0.0,0.0,0.0,0,0.0
benign_agreement,3,33,freshness_conflict,True,True,False,True,hold,base-proposal-hold,0,0,0,1.0,0.0,0,0.0,0.0,0.0,0,0.0
provenance_preserving,3,34,context_conflict,True,True,True,True,go,dominant-support-certificate,1,1,1,1.0,0.0,0,0.0,0.0,0.0,0,0.0
provenance_erased,3,34,context_conflict,True,True,True,True,hold,uncertified-dominance-failed:ready;craneOK;etaOnTime;weatherSafe,0,1,1,0.0,1.0,0,1.0,1.0,1.0,0,1.0
random_label_placebo,3,34,context_conflict,True,True,True,True,hold,uncertified-dominance-failed:ready,0,1,1,0.0,1.0,0,1.0,1.0,1.0,0,1.0
labels_without_gating,3,34,context_conflict,True,True,True,True,go,ungated-base-proposal,0,0,1,1.0,0.0,0,0.0,0.0,0.0,0,0.0
oracle_visible_state,3,34,context_conflict,True,True,True,True,go,oracle-visible-state,1,0,1,1.0,0.0,0,0.0,0.0,0.0,0,0.0
benign_agreement,3,34,context_conflict,True,True,True,True,go,dominant-support-certificate,1,1,0,1.0,0.0,0,0.0,0.0,0.0,0,0.0
provenance_preserving,3,35,human_override,True,True,True,False,hold,uncertified-dominance-failed:weatherSafe,0,1,1,1.0,0.0,0,0.0,0.0,1.0,0,0.0
provenance_erased,3,35,human_override,True,True,True,False,hold,uncertified-dominance-failed:ready;craneOK;etaOnTime;weatherSafe,0,1,1,1.0,0.0,0,0.0,0.0,1.0,0,0.0
random_label_placebo,3,35,human_override,True,True,True,False,hold,uncertified-dominance-failed:weatherSafe,0,1,1,1.0,0.0,0,0.0,0.0,1.0,0,0.0
labels_without_gating,3,35,human_override,True,True,True,False,go,ungated-base-proposal,0,0,1,0.0,1.0,1,0.0,0.0,0.0,0,0.0
oracle_visible_state,3,35,human_override,True,True,True,False,hold,oracle-visible-state,1,0,1,1.0,0.0,0,0.0,0.0,0.0,0,0.0
benign_agreement,3,35,human_override,True,True,True,False,hold,base-proposal-hold,0,0,0,1.0,0.0,0,0.0,0.0,0.0,0,0.0
provenance_preserving,3,36,authority_conflict,False,True,True,True,hold,uncertified-dominance-failed:ready,0,1,1,1.0,0.0,0,0.0,0.0,1.0,0,0.0
provenance_erased,3,36,authority_conflict,False,True,True,True,hold,uncertified-dominance-failed:ready;craneOK;etaOnTime;weatherSafe,0,1,1,1.0,0.0,0,0.0,0.0,1.0,0,0.0
random_label_placebo,3,36,authority_conflict,False,True,True,True,hold,uncertified-dominance-failed:ready,0,1,1,1.0,0.0,0,0.0,0.0,1.0,0,0.0
labels_without_gating,3,36,authority_conflict,False,True,True,True,go,ungated-base-proposal,0,0,1,0.0,1.0,1,0.0,0.0,0.0,0,0.0
oracle_visible_state,3,36,authority_conflict,False,True,True,True,hold,oracle-visible-state,1,0,1,1.0,0.0,0,0.0,0.0,0.0,0,0.0
benign_agreement,3,36,authority_conflict,False,True,True,True,hold,base-proposal-hold,0,0,0,1.0,0.0,0,0.0,0.0,0.0,0,0.0
provenance_preserving,3,37,freshness_conflict,True,True,True,True,go,dominant-support-certificate,1,1,1,1.0,0.0,0,0.0,0.0,0.0,0,0.0
provenance_erased,3,37,freshness_conflict,True,True,True,True,hold,uncertified-dominance-failed:ready;craneOK;etaOnTime;weatherSafe,0,1,1,0.0,1.0,0,1.0,1.0,1.0,0,1.0
random_label_placebo,3,37,freshness_conflict,True,True,True,True,go,dominant-support-certificate,1,1,1,1.0,0.0,0,0.0,0.0,0.0,0,0.0
labels_without_gating,3,37,freshness_conflict,True,True,True,True,go,ungated-base-proposal,0,0,1,1.0,0.0,0,0.0,0.0,0.0,0,0.0
oracle_visible_state,3,37,freshness_conflict,True,True,True,True,go,oracle-visible-state,1,0,1,1.0,0.0,0,0.0,0.0,0.0,0,0.0
benign_agreement,3,37,freshness_conflict,True,True,True,True,go,dominant-support-certificate,1,1,0,1.0,0.0,0,0.0,0.0,0.0,0,0.0
provenance_preserving,3,38,context_conflict,True,True,True,True,go,dominant-support-certificate,1,1,1,1.0,0.0,0,0.0,0.0,0.0,0,0.0
provenance_erased,3,38,context_conflict,True,True,True,True,hold,uncertified-dominance-failed:ready;craneOK;etaOnTime;weatherSafe,0,1,1,0.0,1.0,0,1.0,1.0,1.0,0,1.0
random_label_placebo,3,38,context_conflict,True,True,True,True,hold,uncertified-dominance-failed:ready,0,1,1,0.0,1.0,0,1.0,1.0,1.0,0,1.0
labels_without_gating,3,38,context_conflict,True,True,True,True,go,ungated-base-proposal,0,0,1,1.0,0.0,0,0.0,0.0,0.0,0,0.0
oracle_visible_state,3,38,context_conflict,True,True,True,True,go,oracle-visible-state,1,0,1,1.0,0.0,0,0.0,0.0,0.0,0,0.0
benign_agreement,3,38,context_conflict,True,True,True,True,go,dominant-support-certificate,1,1,0,1.0,0.0,0,0.0,0.0,0.0,0,0.0
provenance_preserving,3,39,human_override,True,True,True,True,go,dominant-support-certificate,1,1,1,1.0,0.0,0,0.0,0.0,0.0,0,0.0
provenance_erased,3,39,human_override,True,True,True,True,hold,uncertified-dominance-failed:ready;craneOK;etaOnTime;weatherSafe,0,1,1,0.0,1.0,0,1.0,1.0,1.0,0,1.0
random_label_placebo,3,39,human_override,True,True,True,True,go,dominant-support-certificate,1,1,1,1.0,0.0,0,0.0,0.0,0.0,0,0.0
labels_without_gating,3,39,human_override,True,True,True,True,go,ungated-base-proposal,0,0,1,1.0,0.0,0,0.0,0.0,0.0,0,0.0
oracle_visible_state,3,39,human_override,True,True,True,True,go,oracle-visible-state,1,0,1,1.0,0.0,0,0.0,0.0,0.0,0,0.0
benign_agreement,3,39,human_override,True,True,True,True,go,dominant-support-certificate,1,1,0,1.0,0.0,0,0.0,0.0,0.0,0,0.0
provenance_preserving,3,40,authority_conflict,False,True,True,True,hold,uncertified-dominance-failed:ready,0,1,1,1.0,0.0,0,0.0,0.0,1.0,0,0.0
provenance_erased,3,40,authority_conflict,False,True,True,True,hold,uncertified-dominance-failed:ready;craneOK;etaOnTime;weatherSafe,0,1,1,1.0,0.0,0,0.0,0.0,1.0,0,0.0
random_label_placebo,3,40,authority_conflict,False,True,True,True,go,dominant-support-certificate,1,1,1,0.0,1.0,1,0.0,0.0,0.0,1,0.0
labels_without_gating,3,40,authority_conflict,False,True,True,True,go,ungated-base-proposal,0,0,1,0.0,1.0,1,0.0,0.0,0.0,0,0.0
oracle_visible_state,3,40,authority_conflict,False,True,True,True,hold,oracle-visible-state,1,0,1,1.0,0.0,0,0.0,0.0,0.0,0,0.0
benign_agreement,3,40,authority_conflict,False,True,True,True,hold,base-proposal-hold,0,0,0,1.0,0.0,0,0.0,0.0,0.0,0,0.0
provenance_preserving,3,41,freshness_conflict,True,True,True,True,go,dominant-support-certificate,1,1,1,1.0,0.0,0,0.0,0.0,0.0,0,0.0
provenance_erased,3,41,freshness_conflict,True,True,True,True,hold,uncertified-dominance-failed:ready;craneOK;etaOnTime;weatherSafe,0,1,1,0.0,1.0,0,1.0,1.0,1.0,0,1.0
random_label_placebo,3,41,freshness_conflict,True,True,True,True,go,dominant-support-certificate,1,1,1,1.0,0.0,0,0.0,0.0,0.0,0,0.0
labels_without_gating,3,41,freshness_conflict,True,True,True,True,go,ungated-base-proposal,0,0,1,1.0,0.0,0,0.0,0.0,0.0,0,0.0
oracle_visible_state,3,41,freshness_conflict,True,True,True,True,go,oracle-visible-state,1,0,1,1.0,0.0,0,0.0,0.0,0.0,0,0.0
benign_agreement,3,41,freshness_conflict,True,True,True,True,go,dominant-support-certificate,1,1,0,1.0,0.0,0,0.0,0.0,0.0,0,0.0
provenance_preserving,3,42,context_conflict,False,True,True,True,hold,uncertified-dominance-failed:ready,0,1,1,1.0,0.0,0,0.0,0.0,1.0,0,0.0
provenance_erased,3,42,context_conflict,False,True,True,True,hold,uncertified-dominance-failed:ready;craneOK;etaOnTime;weatherSafe,0,1,1,1.0,0.0,0,0.0,0.0,1.0,0,0.0
random_label_placebo,3,42,context_conflict,False,True,True,True,go,dominant-support-certificate,1,1,1,0.0,1.0,1,0.0,0.0,0.0,1,0.0
labels_without_gating,3,42,context_conflict,False,True,True,True,go,ungated-base-proposal,0,0,1,0.0,1.0,1,0.0,0.0,0.0,0,0.0
oracle_visible_state,3,42,context_conflict,False,True,True,True,hold,oracle-visible-state,1,0,1,1.0,0.0,0,0.0,0.0,0.0,0,0.0
benign_agreement,3,42,context_conflict,False,True,True,True,hold,base-proposal-hold,0,0,0,1.0,0.0,0,0.0,0.0,0.0,0,0.0
provenance_preserving,3,43,human_override,True,True,True,True,go,dominant-support-certificate,1,1,1,1.0,0.0,0,0.0,0.0,0.0,0,0.0
provenance_erased,3,43,human_override,True,True,True,True,hold,uncertified-dominance-failed:ready;craneOK;etaOnTime;weatherSafe,0,1,1,0.0,1.0,0,1.0,1.0,1.0,0,1.0
random_label_placebo,3,43,human_override,True,True,True,True,go,dominant-support-certificate,1,1,1,1.0,0.0,0,0.0,0.0,0.0,0,0.0
labels_without_gating,3,43,human_override,True,True,True,True,go,ungated-base-proposal,0,0,1,1.0,0.0,0,0.0,0.0,0.0,0,0.0
oracle_visible_state,3,43,human_override,True,True,True,True,go,oracle-visible-state,1,0,1,1.0,0.0,0,0.0,0.0,0.0,0,0.0
benign_agreement,3,43,human_override,True,True,True,True,go,dominant-support-certificate,1,1,0,1.0,0.0,0,0.0,0.0,0.0,0,0.0
provenance_preserving,3,44,authority_conflict,False,True,True,True,hold,uncertified-dominance-failed:ready,0,1,1,1.0,0.0,0,0.0,0.0,1.0,0,0.0
provenance_erased,3,44,authority_conflict,False,True,True,True,hold,uncertified-dominance-failed:ready;craneOK;etaOnTime;weatherSafe,0,1,1,1.0,0.0,0,0.0,0.0,1.0,0,0.0
random_label_placebo,3,44,authority_conflict,False,True,True,True,hold,uncertified-dominance-failed:ready,0,1,1,1.0,0.0,0,0.0,0.0,1.0,0,0.0
labels_without_gating,3,44,authority_conflict,False,True,True,True,go,ungated-base-proposal,0,0,1,0.0,1.0,1,0.0,0.0,0.0,0,0.0
oracle_visible_state,3,44,authority_conflict,False,True,True,True,hold,oracle-visible-state,1,0,1,1.0,0.0,0,0.0,0.0,0.0,0,0.0
benign_agreement,3,44,authority_conflict,False,True,True,True,hold,base-proposal-hold,0,0,0,1.0,0.0,0,0.0,0.0,0.0,0,0.0
provenance_preserving,3,45,freshness_conflict,True,True,True,True,go,dominant-support-certificate,1,1,1,1.0,0.0,0,0.0,0.0,0.0,0,0.0
provenance_erased,3,45,freshness_conflict,True,True,True,True,hold,uncertified-dominance-failed:ready;craneOK;etaOnTime;weatherSafe,0,1,1,0.0,1.0,0,1.0,1.0,1.0,0,1.0
random_label_placebo,3,45,freshness_conflict,True,True,True,True,go,dominant-support-certificate,1,1,1,1.0,0.0,0,0.0,0.0,0.0,0,0.0
labels_without_gating,3,45,freshness_conflict,True,True,True,True,go,ungated-base-proposal,0,0,1,1.0,0.0,0,0.0,0.0,0.0,0,0.0
oracle_visible_state,3,45,freshness_conflict,True,True,True,True,go,oracle-visible-state,1,0,1,1.0,0.0,0,0.0,0.0,0.0,0,0.0
benign_agreement,3,45,freshness_conflict,True,True,True,True,go,dominant-support-certificate,1,1,0,1.0,0.0,0,0.0,0.0,0.0,0,0.0
provenance_preserving,3,46,context_conflict,True,True,True,True,go,dominant-support-certificate,1,1,1,1.0,0.0,0,0.0,0.0,0.0,0,0.0
provenance_erased,3,46,context_conflict,True,True,True,True,hold,uncertified-dominance-failed:ready;craneOK;etaOnTime;weatherSafe,0,1,1,0.0,1.0,0,1.0,1.0,1.0,0,1.0
random_label_placebo,3,46,context_conflict,True,True,True,True,hold,uncertified-dominance-failed:ready,0,1,1,0.0,1.0,0,1.0,1.0,1.0,0,1.0
labels_without_gating,3,46,context_conflict,True,True,True,True,go,ungated-base-proposal,0,0,1,1.0,0.0,0,0.0,0.0,0.0,0,0.0
oracle_visible_state,3,46,context_conflict,True,True,True,True,go,oracle-visible-state,1,0,1,1.0,0.0,0,0.0,0.0,0.0,0,0.0
benign_agreement,3,46,context_conflict,True,True,True,True,go,dominant-support-certificate,1,1,0,1.0,0.0,0,0.0,0.0,0.0,0,0.0
provenance_preserving,3,47,human_override,True,True,True,False,hold,uncertified-dominance-failed:weatherSafe,0,1,1,1.0,0.0,0,0.0,0.0,1.0,0,0.0
provenance_erased,3,47,human_override,True,True,True,False,hold,uncertified-dominance-failed:ready;craneOK;etaOnTime;weatherSafe,0,1,1,1.0,0.0,0,0.0,0.0,1.0,0,0.0
random_label_placebo,3,47,human_override,True,True,True,False,go,dominant-support-certificate,1,1,1,0.0,1.0,1,0.0,0.0,0.0,1,0.0
labels_without_gating,3,47,human_override,True,True,True,False,go,ungated-base-proposal,0,0,1,0.0,1.0,1,0.0,0.0,0.0,0,0.0
oracle_visible_state,3,47,human_override,True,True,True,False,hold,oracle-visible-state,1,0,1,1.0,0.0,0,0.0,0.0,0.0,0,0.0
benign_agreement,3,47,human_override,True,True,True,False,hold,base-proposal-hold,0,0,0,1.0,0.0,0,0.0,0.0,0.0,0,0.0
provenance_preserving,3,48,authority_conflict,False,True,True,True,hold,uncertified-dominance-failed:ready,0,1,1,1.0,0.0,0,0.0,0.0,1.0,0,0.0
provenance_erased,3,48,authority_conflict,False,True,True,True,hold,uncertified-dominance-failed:ready;craneOK;etaOnTime;weatherSafe,0,1,1,1.0,0.0,0,0.0,0.0,1.0,0,0.0
random_label_placebo,3,48,authority_conflict,False,True,True,True,hold,uncertified-dominance-failed:ready,0,1,1,1.0,0.0,0,0.0,0.0,1.0,0,0.0
labels_without_gating,3,48,authority_conflict,False,True,True,True,go,ungated-base-proposal,0,0,1,0.0,1.0,1,0.0,0.0,0.0,0,0.0
oracle_visible_state,3,48,authority_conflict,False,True,True,True,hold,oracle-visible-state,1,0,1,1.0,0.0,0,0.0,0.0,0.0,0,0.0
benign_agreement,3,48,authority_conflict,False,True,True,True,hold,base-proposal-hold,0,0,0,1.0,0.0,0,0.0,0.0,0.0,0,0.0
provenance_preserving,3,49,freshness_conflict,True,True,False,True,hold,uncertified-dominance-failed:etaOnTime,0,1,1,1.0,0.0,0,0.0,0.0,1.0,0,0.0
provenance_erased,3,49,freshness_conflict,True,True,False,True,hold,uncertified-dominance-failed:ready;craneOK;etaOnTime;weatherSafe,0,1,1,1.0,0.0,0,0.0,0.0,1.0,0,0.0
random_label_placebo,3,49,freshness_conflict,True,True,False,True,hold,uncertified-dominance-failed:etaOnTime,0,1,1,1.0,0.0,0,0.0,0.0,1.0,0,0.0
labels_without_gating,3,49,freshness_conflict,True,True,False,True,go,ungated-base-proposal,0,0,1,0.0,1.0,1,0.0,0.0,0.0,0,0.0
oracle_visible_state,3,49,freshness_conflict,True,True,False,True,hold,oracle-visible-state,1,0,1,1.0,0.0,0,0.0,0.0,0.0,0,0.0
benign_agreement,3,49,freshness_conflict,True,True,False,True,hold,base-proposal-hold,0,0,0,1.0,0.0,0,0.0,0.0,0.0,0,0.0
provenance_preserving,3,50,context_conflict,False,True,True,True,hold,uncertified-dominance-failed:ready,0,1,1,1.0,0.0,0,0.0,0.0,1.0,0,0.0
provenance_erased,3,50,context_conflict,False,True,True,True,hold,uncertified-dominance-failed:ready;craneOK;etaOnTime;weatherSafe,0,1,1,1.0,0.0,0,0.0,0.0,1.0,0,0.0
random_label_placebo,3,50,context_conflict,False,True,True,True,hold,uncertified-dominance-failed:ready,0,1,1,1.0,0.0,0,0.0,0.0,1.0,0,0.0
labels_without_gating,3,50,context_conflict,False,True,True,True,go,ungated-base-proposal,0,0,1,0.0,1.0,1,0.0,0.0,0.0,0,0.0
oracle_visible_state,3,50,context_conflict,False,True,True,True,hold,oracle-visible-state,1,0,1,1.0,0.0,0,0.0,0.0,0.0,0,0.0
benign_agreement,3,50,context_conflict,False,True,True,True,hold,base-proposal-hold,0,0,0,1.0,0.0,0,0.0,0.0,0.0,0,0.0
provenance_preserving,3,51,human_override,True,True,True,False,hold,uncertified-dominance-failed:weatherSafe,0,1,1,1.0,0.0,0,0.0,0.0,1.0,0,0.0
provenance_erased,3,51,human_override,True,True,True,False,hold,uncertified-dominance-failed:ready;craneOK;etaOnTime;weatherSafe,0,1,1,1.0,0.0,0,0.0,0.0,1.0,0,0.0
random_label_placebo,3,51,human_override,True,True,True,False,hold,uncertified-dominance-failed:weatherSafe,0,1,1,1.0,0.0,0,0.0,0.0,1.0,0,0.0
labels_without_gating,3,51,human_override,True,True,True,False,go,ungated-base-proposal,0,0,1,0.0,1.0,1,0.0,0.0,0.0,0,0.0
oracle_visible_state,3,51,human_override,True,True,True,False,hold,oracle-visible-state,1,0,1,1.0,0.0,0,0.0,0.0,0.0,0,0.0
benign_agreement,3,51,human_override,True,True,True,False,hold,base-proposal-hold,0,0,0,1.0,0.0,0,0.0,0.0,0.0,0,0.0
provenance_preserving,3,52,authority_conflict,False,True,True,True,hold,uncertified-dominance-failed:ready,0,1,1,1.0,0.0,0,0.0,0.0,1.0,0,0.0
provenance_erased,3,52,authority_conflict,False,True,True,True,hold,uncertified-dominance-failed:ready;craneOK;etaOnTime;weatherSafe,0,1,1,1.0,0.0,0,0.0,0.0,1.0,0,0.0
random_label_placebo,3,52,authority_conflict,False,True,True,True,go,dominant-support-certificate,1,1,1,0.0,1.0,1,0.0,0.0,0.0,1,0.0
labels_without_gating,3,52,authority_conflict,False,True,True,True,go,ungated-base-proposal,0,0,1,0.0,1.0,1,0.0,0.0,0.0,0,0.0
oracle_visible_state,3,52,authority_conflict,False,True,True,True,hold,oracle-visible-state,1,0,1,1.0,0.0,0,0.0,0.0,0.0,0,0.0
benign_agreement,3,52,authority_conflict,False,True,True,True,hold,base-proposal-hold,0,0,0,1.0,0.0,0,0.0,0.0,0.0,0,0.0
provenance_preserving,3,53,freshness_conflict,True,True,False,True,hold,uncertified-dominance-failed:etaOnTime,0,1,1,1.0,0.0,0,0.0,0.0,1.0,0,0.0
provenance_erased,3,53,freshness_conflict,True,True,False,True,hold,uncertified-dominance-failed:ready;craneOK;etaOnTime;weatherSafe,0,1,1,1.0,0.0,0,0.0,0.0,1.0,0,0.0
random_label_placebo,3,53,freshness_conflict,True,True,False,True,hold,uncertified-dominance-failed:etaOnTime,0,1,1,1.0,0.0,0,0.0,0.0,1.0,0,0.0
labels_without_gating,3,53,freshness_conflict,True,True,False,True,go,ungated-base-proposal,0,0,1,0.0,1.0,1,0.0,0.0,0.0,0,0.0
oracle_visible_state,3,53,freshness_conflict,True,True,False,True,hold,oracle-visible-state,1,0,1,1.0,0.0,0,0.0,0.0,0.0,0,0.0
benign_agreement,3,53,freshness_conflict,True,True,False,True,hold,base-proposal-hold,0,0,0,1.0,0.0,0,0.0,0.0,0.0,0,0.0
provenance_preserving,3,54,context_conflict,False,True,True,True,hold,uncertified-dominance-failed:ready,0,1,1,1.0,0.0,0,0.0,0.0,1.0,0,0.0
provenance_erased,3,54,context_conflict,False,True,True,True,hold,uncertified-dominance-failed:ready;craneOK;etaOnTime;weatherSafe,0,1,1,1.0,0.0,0,0.0,0.0,1.0,0,0.0
random_label_placebo,3,54,context_conflict,False,True,True,True,hold,uncertified-dominance-failed:ready,0,1,1,1.0,0.0,0,0.0,0.0,1.0,0,0.0
labels_without_gating,3,54,context_conflict,False,True,True,True,go,ungated-base-proposal,0,0,1,0.0,1.0,1,0.0,0.0,0.0,0,0.0
oracle_visible_state,3,54,context_conflict,False,True,True,True,hold,oracle-visible-state,1,0,1,1.0,0.0,0,0.0,0.0,0.0,0,0.0
benign_agreement,3,54,context_conflict,False,True,True,True,hold,base-proposal-hold,0,0,0,1.0,0.0,0,0.0,0.0,0.0,0,0.0
provenance_preserving,3,55,human_override,True,True,True,True,go,dominant-support-certificate,1,1,1,1.0,0.0,0,0.0,0.0,0.0,0,0.0
provenance_erased,3,55,human_override,True,True,True,True,hold,uncertified-dominance-failed:ready;craneOK;etaOnTime;weatherSafe,0,1,1,0.0,1.0,0,1.0,1.0,1.0,0,1.0
random_label_placebo,3,55,human_override,True,True,True,True,hold,uncertified-dominance-failed:weatherSafe,0,1,1,0.0,1.0,0,1.0,1.0,1.0,0,1.0
labels_without_gating,3,55,human_override,True,True,True,True,go,ungated-base-proposal,0,0,1,1.0,0.0,0,0.0,0.0,0.0,0,0.0
oracle_visible_state,3,55,human_override,True,True,True,True,go,oracle-visible-state,1,0,1,1.0,0.0,0,0.0,0.0,0.0,0,0.0
benign_agreement,3,55,human_override,True,True,True,True,go,dominant-support-certificate,1,1,0,1.0,0.0,0,0.0,0.0,0.0,0,0.0
provenance_preserving,3,56,authority_conflict,False,True,True,True,hold,uncertified-dominance-failed:ready,0,1,1,1.0,0.0,0,0.0,0.0,1.0,0,0.0
provenance_erased,3,56,authority_conflict,False,True,True,True,hold,uncertified-dominance-failed:ready;craneOK;etaOnTime;weatherSafe,0,1,1,1.0,0.0,0,0.0,0.0,1.0,0,0.0
random_label_placebo,3,56,authority_conflict,False,True,True,True,hold,uncertified-dominance-failed:ready,0,1,1,1.0,0.0,0,0.0,0.0,1.0,0,0.0
labels_without_gating,3,56,authority_conflict,False,True,True,True,go,ungated-base-proposal,0,0,1,0.0,1.0,1,0.0,0.0,0.0,0,0.0
oracle_visible_state,3,56,authority_conflict,False,True,True,True,hold,oracle-visible-state,1,0,1,1.0,0.0,0,0.0,0.0,0.0,0,0.0
benign_agreement,3,56,authority_conflict,False,True,True,True,hold,base-proposal-hold,0,0,0,1.0,0.0,0,0.0,0.0,0.0,0,0.0
provenance_preserving,3,57,freshness_conflict,True,True,False,True,hold,uncertified-dominance-failed:etaOnTime,0,1,1,1.0,0.0,0,0.0,0.0,1.0,0,0.0
provenance_erased,3,57,freshness_conflict,True,True,False,True,hold,uncertified-dominance-failed:ready;craneOK;etaOnTime;weatherSafe,0,1,1,1.0,0.0,0,0.0,0.0,1.0,0,0.0
random_label_placebo,3,57,freshness_conflict,True,True,False,True,hold,uncertified-dominance-failed:etaOnTime,0,1,1,1.0,0.0,0,0.0,0.0,1.0,0,0.0
labels_without_gating,3,57,freshness_conflict,True,True,False,True,go,ungated-base-proposal,0,0,1,0.0,1.0,1,0.0,0.0,0.0,0,0.0
oracle_visible_state,3,57,freshness_conflict,True,True,False,True,hold,oracle-visible-state,1,0,1,1.0,0.0,0,0.0,0.0,0.0,0,0.0
benign_agreement,3,57,freshness_conflict,True,True,False,True,hold,base-proposal-hold,0,0,0,1.0,0.0,0,0.0,0.0,0.0,0,0.0
provenance_preserving,3,58,context_conflict,False,True,True,True,hold,uncertified-dominance-failed:ready,0,1,1,1.0,0.0,0,0.0,0.0,1.0,0,0.0
provenance_erased,3,58,context_conflict,False,True,True,True,hold,uncertified-dominance-failed:ready;craneOK;etaOnTime;weatherSafe,0,1,1,1.0,0.0,0,0.0,0.0,1.0,0,0.0
random_label_placebo,3,58,context_conflict,False,True,True,True,hold,uncertified-dominance-failed:ready,0,1,1,1.0,0.0,0,0.0,0.0,1.0,0,0.0
labels_without_gating,3,58,context_conflict,False,True,True,True,go,ungated-base-proposal,0,0,1,0.0,1.0,1,0.0,0.0,0.0,0,0.0
oracle_visible_state,3,58,context_conflict,False,True,True,True,hold,oracle-visible-state,1,0,1,1.0,0.0,0,0.0,0.0,0.0,0,0.0
benign_agreement,3,58,context_conflict,False,True,True,True,hold,base-proposal-hold,0,0,0,1.0,0.0,0,0.0,0.0,0.0,0,0.0
provenance_preserving,3,59,human_override,True,True,True,False,hold,uncertified-dominance-failed:weatherSafe,0,1,1,1.0,0.0,0,0.0,0.0,1.0,0,0.0
provenance_erased,3,59,human_override,True,True,True,False,hold,uncertified-dominance-failed:ready;craneOK;etaOnTime;weatherSafe,0,1,1,1.0,0.0,0,0.0,0.0,1.0,0,0.0
random_label_placebo,3,59,human_override,True,True,True,False,go,dominant-support-certificate,1,1,1,0.0,1.0,1,0.0,0.0,0.0,1,0.0
labels_without_gating,3,59,human_override,True,True,True,False,go,ungated-base-proposal,0,0,1,0.0,1.0,1,0.0,0.0,0.0,0,0.0
oracle_visible_state,3,59,human_override,True,True,True,False,hold,oracle-visible-state,1,0,1,1.0,0.0,0,0.0,0.0,0.0,0,0.0
benign_agreement,3,59,human_override,True,True,True,False,hold,base-proposal-hold,0,0,0,1.0,0.0,0,0.0,0.0,0.0,0,0.0
provenance_preserving,3,60,authority_conflict,False,True,True,True,hold,uncertified-dominance-failed:ready,0,1,1,1.0,0.0,0,0.0,0.0,1.0,0,0.0
provenance_erased,3,60,authority_conflict,False,True,True,True,hold,uncertified-dominance-failed:ready;craneOK;etaOnTime;weatherSafe,0,1,1,1.0,0.0,0,0.0,0.0,1.0,0,0.0
random_label_placebo,3,60,authority_conflict,False,True,True,True,go,dominant-support-certificate,1,1,1,0.0,1.0,1,0.0,0.0,0.0,1,0.0
labels_without_gating,3,60,authority_conflict,False,True,True,True,go,ungated-base-proposal,0,0,1,0.0,1.0,1,0.0,0.0,0.0,0,0.0
oracle_visible_state,3,60,authority_conflict,False,True,True,True,hold,oracle-visible-state,1,0,1,1.0,0.0,0,0.0,0.0,0.0,0,0.0
benign_agreement,3,60,authority_conflict,False,True,True,True,hold,base-proposal-hold,0,0,0,1.0,0.0,0,0.0,0.0,0.0,0,0.0
provenance_preserving,3,61,freshness_conflict,True,True,True,True,go,dominant-support-certificate,1,1,1,1.0,0.0,0,0.0,0.0,0.0,0,0.0
provenance_erased,3,61,freshness_conflict,True,True,True,True,hold,uncertified-dominance-failed:ready;craneOK;etaOnTime;weatherSafe,0,1,1,0.0,1.0,0,1.0,1.0,1.0,0,1.0
random_label_placebo,3,61,freshness_conflict,True,True,True,True,go,dominant-support-certificate,1,1,1,1.0,0.0,0,0.0,0.0,0.0,0,0.0
labels_without_gating,3,61,freshness_conflict,True,True,True,True,go,ungated-base-proposal,0,0,1,1.0,0.0,0,0.0,0.0,0.0,0,0.0
oracle_visible_state,3,61,freshness_conflict,True,True,True,True,go,oracle-visible-state,1,0,1,1.0,0.0,0,0.0,0.0,0.0,0,0.0
benign_agreement,3,61,freshness_conflict,True,True,True,True,go,dominant-support-certificate,1,1,0,1.0,0.0,0,0.0,0.0,0.0,0,0.0
provenance_preserving,3,62,context_conflict,False,True,True,True,hold,uncertified-dominance-failed:ready,0,1,1,1.0,0.0,0,0.0,0.0,1.0,0,0.0
provenance_erased,3,62,context_conflict,False,True,True,True,hold,uncertified-dominance-failed:ready;craneOK;etaOnTime;weatherSafe,0,1,1,1.0,0.0,0,0.0,0.0,1.0,0,0.0
random_label_placebo,3,62,context_conflict,False,True,True,True,go,dominant-support-certificate,1,1,1,0.0,1.0,1,0.0,0.0,0.0,1,0.0
labels_without_gating,3,62,context_conflict,False,True,True,True,go,ungated-base-proposal,0,0,1,0.0,1.0,1,0.0,0.0,0.0,0,0.0
oracle_visible_state,3,62,context_conflict,False,True,True,True,hold,oracle-visible-state,1,0,1,1.0,0.0,0,0.0,0.0,0.0,0,0.0
benign_agreement,3,62,context_conflict,False,True,True,True,hold,base-proposal-hold,0,0,0,1.0,0.0,0,0.0,0.0,0.0,0,0.0
provenance_preserving,3,63,human_override,True,True,True,False,hold,uncertified-dominance-failed:weatherSafe,0,1,1,1.0,0.0,0,0.0,0.0,1.0,0,0.0
provenance_erased,3,63,human_override,True,True,True,False,hold,uncertified-dominance-failed:ready;craneOK;etaOnTime;weatherSafe,0,1,1,1.0,0.0,0,0.0,0.0,1.0,0,0.0
random_label_placebo,3,63,human_override,True,True,True,False,go,dominant-support-certificate,1,1,1,0.0,1.0,1,0.0,0.0,0.0,1,0.0
labels_without_gating,3,63,human_override,True,True,True,False,go,ungated-base-proposal,0,0,1,0.0,1.0,1,0.0,0.0,0.0,0,0.0
oracle_visible_state,3,63,human_override,True,True,True,False,hold,oracle-visible-state,1,0,1,1.0,0.0,0,0.0,0.0,0.0,0,0.0
benign_agreement,3,63,human_override,True,True,True,False,hold,base-proposal-hold,0,0,0,1.0,0.0,0,0.0,0.0,0.0,0,0.0
provenance_preserving,3,64,authority_conflict,True,True,True,True,go,dominant-support-certificate,1,1,1,1.0,0.0,0,0.0,0.0,0.0,0,0.0
provenance_erased,3,64,authority_conflict,True,True,True,True,hold,uncertified-dominance-failed:ready;craneOK;etaOnTime;weatherSafe,0,1,1,0.0,1.0,0,1.0,1.0,1.0,0,1.0
random_label_placebo,3,64,authority_conflict,True,True,True,True,hold,uncertified-dominance-failed:ready,0,1,1,0.0,1.0,0,1.0,1.0,1.0,0,1.0
labels_without_gating,3,64,authority_conflict,True,True,True,True,go,ungated-base-proposal,0,0,1,1.0,0.0,0,0.0,0.0,0.0,0,0.0
oracle_visible_state,3,64,authority_conflict,True,True,True,True,go,oracle-visible-state,1,0,1,1.0,0.0,0,0.0,0.0,0.0,0,0.0
benign_agreement,3,64,authority_conflict,True,True,True,True,go,dominant-support-certificate,1,1,0,1.0,0.0,0,0.0,0.0,0.0,0,0.0
provenance_preserving,3,65,freshness_conflict,True,True,True,True,go,dominant-support-certificate,1,1,1,1.0,0.0,0,0.0,0.0,0.0,0,0.0
provenance_erased,3,65,freshness_conflict,True,True,True,True,hold,uncertified-dominance-failed:ready;craneOK;etaOnTime;weatherSafe,0,1,1,0.0,1.0,0,1.0,1.0,1.0,0,1.0
random_label_placebo,3,65,freshness_conflict,True,True,True,True,go,dominant-support-certificate,1,1,1,1.0,0.0,0,0.0,0.0,0.0,0,0.0
labels_without_gating,3,65,freshness_conflict,True,True,True,True,go,ungated-base-proposal,0,0,1,1.0,0.0,0,0.0,0.0,0.0,0,0.0
oracle_visible_state,3,65,freshness_conflict,True,True,True,True,go,oracle-visible-state,1,0,1,1.0,0.0,0,0.0,0.0,0.0,0,0.0
benign_agreement,3,65,freshness_conflict,True,True,True,True,go,dominant-support-certificate,1,1,0,1.0,0.0,0,0.0,0.0,0.0,0,0.0
provenance_preserving,3,66,context_conflict,False,True,True,True,hold,uncertified-dominance-failed:ready,0,1,1,1.0,0.0,0,0.0,0.0,1.0,0,0.0
provenance_erased,3,66,context_conflict,False,True,True,True,hold,uncertified-dominance-failed:ready;craneOK;etaOnTime;weatherSafe,0,1,1,1.0,0.0,0,0.0,0.0,1.0,0,0.0
random_label_placebo,3,66,context_conflict,False,True,True,True,go,dominant-support-certificate,1,1,1,0.0,1.0,1,0.0,0.0,0.0,1,0.0
labels_without_gating,3,66,context_conflict,False,True,True,True,go,ungated-base-proposal,0,0,1,0.0,1.0,1,0.0,0.0,0.0,0,0.0
oracle_visible_state,3,66,context_conflict,False,True,True,True,hold,oracle-visible-state,1,0,1,1.0,0.0,0,0.0,0.0,0.0,0,0.0
benign_agreement,3,66,context_conflict,False,True,True,True,hold,base-proposal-hold,0,0,0,1.0,0.0,0,0.0,0.0,0.0,0,0.0
provenance_preserving,3,67,human_override,True,True,True,False,hold,uncertified-dominance-failed:weatherSafe,0,1,1,1.0,0.0,0,0.0,0.0,1.0,0,0.0
provenance_erased,3,67,human_override,True,True,True,False,hold,uncertified-dominance-failed:ready;craneOK;etaOnTime;weatherSafe,0,1,1,1.0,0.0,0,0.0,0.0,1.0,0,0.0
random_label_placebo,3,67,human_override,True,True,True,False,go,dominant-support-certificate,1,1,1,0.0,1.0,1,0.0,0.0,0.0,1,0.0
labels_without_gating,3,67,human_override,True,True,True,False,go,ungated-base-proposal,0,0,1,0.0,1.0,1,0.0,0.0,0.0,0,0.0
oracle_visible_state,3,67,human_override,True,True,True,False,hold,oracle-visible-state,1,0,1,1.0,0.0,0,0.0,0.0,0.0,0,0.0
benign_agreement,3,67,human_override,True,True,True,False,hold,base-proposal-hold,0,0,0,1.0,0.0,0,0.0,0.0,0.0,0,0.0
provenance_preserving,3,68,authority_conflict,True,True,True,True,go,dominant-support-certificate,1,1,1,1.0,0.0,0,0.0,0.0,0.0,0,0.0
provenance_erased,3,68,authority_conflict,True,True,True,True,hold,uncertified-dominance-failed:ready;craneOK;etaOnTime;weatherSafe,0,1,1,0.0,1.0,0,1.0,1.0,1.0,0,1.0
random_label_placebo,3,68,authority_conflict,True,True,True,True,hold,uncertified-dominance-failed:ready,0,1,1,0.0,1.0,0,1.0,1.0,1.0,0,1.0
labels_without_gating,3,68,authority_conflict,True,True,True,True,go,ungated-base-proposal,0,0,1,1.0,0.0,0,0.0,0.0,0.0,0,0.0
oracle_visible_state,3,68,authority_conflict,True,True,True,True,go,oracle-visible-state,1,0,1,1.0,0.0,0,0.0,0.0,0.0,0,0.0
benign_agreement,3,68,authority_conflict,True,True,True,True,go,dominant-support-certificate,1,1,0,1.0,0.0,0,0.0,0.0,0.0,0,0.0
provenance_preserving,3,69,freshness_conflict,True,True,False,True,hold,uncertified-dominance-failed:etaOnTime,0,1,1,1.0,0.0,0,0.0,0.0,1.0,0,0.0
provenance_erased,3,69,freshness_conflict,True,True,False,True,hold,uncertified-dominance-failed:ready;craneOK;etaOnTime;weatherSafe,0,1,1,1.0,0.0,0,0.0,0.0,1.0,0,0.0
random_label_placebo,3,69,freshness_conflict,True,True,False,True,hold,uncertified-dominance-failed:etaOnTime,0,1,1,1.0,0.0,0,0.0,0.0,1.0,0,0.0
labels_without_gating,3,69,freshness_conflict,True,True,False,True,go,ungated-base-proposal,0,0,1,0.0,1.0,1,0.0,0.0,0.0,0,0.0
oracle_visible_state,3,69,freshness_conflict,True,True,False,True,hold,oracle-visible-state,1,0,1,1.0,0.0,0,0.0,0.0,0.0,0,0.0
benign_agreement,3,69,freshness_conflict,True,True,False,True,hold,base-proposal-hold,0,0,0,1.0,0.0,0,0.0,0.0,0.0,0,0.0
provenance_preserving,3,70,context_conflict,True,True,True,True,go,dominant-support-certificate,1,1,1,1.0,0.0,0,0.0,0.0,0.0,0,0.0
provenance_erased,3,70,context_conflict,True,True,True,True,hold,uncertified-dominance-failed:ready;craneOK;etaOnTime;weatherSafe,0,1,1,0.0,1.0,0,1.0,1.0,1.0,0,1.0
random_label_placebo,3,70,context_conflict,True,True,True,True,go,dominant-support-certificate,1,1,1,1.0,0.0,0,0.0,0.0,0.0,0,0.0
labels_without_gating,3,70,context_conflict,True,True,True,True,go,ungated-base-proposal,0,0,1,1.0,0.0,0,0.0,0.0,0.0,0,0.0
oracle_visible_state,3,70,context_conflict,True,True,True,True,go,oracle-visible-state,1,0,1,1.0,0.0,0,0.0,0.0,0.0,0,0.0
benign_agreement,3,70,context_conflict,True,True,True,True,go,dominant-support-certificate,1,1,0,1.0,0.0,0,0.0,0.0,0.0,0,0.0
provenance_preserving,3,71,human_override,True,True,True,True,go,dominant-support-certificate,1,1,1,1.0,0.0,0,0.0,0.0,0.0,0,0.0
provenance_erased,3,71,human_override,True,True,True,True,hold,uncertified-dominance-failed:ready;craneOK;etaOnTime;weatherSafe,0,1,1,0.0,1.0,0,1.0,1.0,1.0,0,1.0
random_label_placebo,3,71,human_override,True,True,True,True,hold,uncertified-dominance-failed:weatherSafe,0,1,1,0.0,1.0,0,1.0,1.0,1.0,0,1.0
labels_without_gating,3,71,human_override,True,True,True,True,go,ungated-base-proposal,0,0,1,1.0,0.0,0,0.0,0.0,0.0,0,0.0
oracle_visible_state,3,71,human_override,True,True,True,True,go,oracle-visible-state,1,0,1,1.0,0.0,0,0.0,0.0,0.0,0,0.0
benign_agreement,3,71,human_override,True,True,True,True,go,dominant-support-certificate,1,1,0,1.0,0.0,0,0.0,0.0,0.0,0,0.0
provenance_preserving,3,72,authority_conflict,True,True,True,True,go,dominant-support-certificate,1,1,1,1.0,0.0,0,0.0,0.0,0.0,0,0.0
provenance_erased,3,72,authority_conflict,True,True,True,True,hold,uncertified-dominance-failed:ready;craneOK;etaOnTime;weatherSafe,0,1,1,0.0,1.0,0,1.0,1.0,1.0,0,1.0
random_label_placebo,3,72,authority_conflict,True,True,True,True,hold,uncertified-dominance-failed:ready,0,1,1,0.0,1.0,0,1.0,1.0,1.0,0,1.0
labels_without_gating,3,72,authority_conflict,True,True,True,True,go,ungated-base-proposal,0,0,1,1.0,0.0,0,0.0,0.0,0.0,0,0.0
oracle_visible_state,3,72,authority_conflict,True,True,True,True,go,oracle-visible-state,1,0,1,1.0,0.0,0,0.0,0.0,0.0,0,0.0
benign_agreement,3,72,authority_conflict,True,True,True,True,go,dominant-support-certificate,1,1,0,1.0,0.0,0,0.0,0.0,0.0,0,0.0
provenance_preserving,3,73,freshness_conflict,True,True,False,True,hold,uncertified-dominance-failed:etaOnTime,0,1,1,1.0,0.0,0,0.0,0.0,1.0,0,0.0
provenance_erased,3,73,freshness_conflict,True,True,False,True,hold,uncertified-dominance-failed:ready;craneOK;etaOnTime;weatherSafe,0,1,1,1.0,0.0,0,0.0,0.0,1.0,0,0.0
random_label_placebo,3,73,freshness_conflict,True,True,False,True,hold,uncertified-dominance-failed:etaOnTime,0,1,1,1.0,0.0,0,0.0,0.0,1.0,0,0.0
labels_without_gating,3,73,freshness_conflict,True,True,False,True,go,ungated-base-proposal,0,0,1,0.0,1.0,1,0.0,0.0,0.0,0,0.0
oracle_visible_state,3,73,freshness_conflict,True,True,False,True,hold,oracle-visible-state,1,0,1,1.0,0.0,0,0.0,0.0,0.0,0,0.0
benign_agreement,3,73,freshness_conflict,True,True,False,True,hold,base-proposal-hold,0,0,0,1.0,0.0,0,0.0,0.0,0.0,0,0.0
provenance_preserving,3,74,context_conflict,False,True,True,True,hold,uncertified-dominance-failed:ready,0,1,1,1.0,0.0,0,0.0,0.0,1.0,0,0.0
provenance_erased,3,74,context_conflict,False,True,True,True,hold,uncertified-dominance-failed:ready;craneOK;etaOnTime;weatherSafe,0,1,1,1.0,0.0,0,0.0,0.0,1.0,0,0.0
random_label_placebo,3,74,context_conflict,False,True,True,True,hold,uncertified-dominance-failed:ready,0,1,1,1.0,0.0,0,0.0,0.0,1.0,0,0.0
labels_without_gating,3,74,context_conflict,False,True,True,True,go,ungated-base-proposal,0,0,1,0.0,1.0,1,0.0,0.0,0.0,0,0.0
oracle_visible_state,3,74,context_conflict,False,True,True,True,hold,oracle-visible-state,1,0,1,1.0,0.0,0,0.0,0.0,0.0,0,0.0
benign_agreement,3,74,context_conflict,False,True,True,True,hold,base-proposal-hold,0,0,0,1.0,0.0,0,0.0,0.0,0.0,0,0.0
provenance_preserving,3,75,human_override,True,True,True,True,go,dominant-support-certificate,1,1,1,1.0,0.0,0,0.0,0.0,0.0,0,0.0
provenance_erased,3,75,human_override,True,True,True,True,hold,uncertified-dominance-failed:ready;craneOK;etaOnTime;weatherSafe,0,1,1,0.0,1.0,0,1.0,1.0,1.0,0,1.0
random_label_placebo,3,75,human_override,True,True,True,True,hold,uncertified-dominance-failed:weatherSafe,0,1,1,0.0,1.0,0,1.0,1.0,1.0,0,1.0
labels_without_gating,3,75,human_override,True,True,True,True,go,ungated-base-proposal,0,0,1,1.0,0.0,0,0.0,0.0,0.0,0,0.0
oracle_visible_state,3,75,human_override,True,True,True,True,go,oracle-visible-state,1,0,1,1.0,0.0,0,0.0,0.0,0.0,0,0.0
benign_agreement,3,75,human_override,True,True,True,True,go,dominant-support-certificate,1,1,0,1.0,0.0,0,0.0,0.0,0.0,0,0.0
provenance_preserving,3,76,authority_conflict,False,True,True,True,hold,uncertified-dominance-failed:ready,0,1,1,1.0,0.0,0,0.0,0.0,1.0,0,0.0
provenance_erased,3,76,authority_conflict,False,True,True,True,hold,uncertified-dominance-failed:ready;craneOK;etaOnTime;weatherSafe,0,1,1,1.0,0.0,0,0.0,0.0,1.0,0,0.0
random_label_placebo,3,76,authority_conflict,False,True,True,True,hold,uncertified-dominance-failed:ready,0,1,1,1.0,0.0,0,0.0,0.0,1.0,0,0.0
labels_without_gating,3,76,authority_conflict,False,True,True,True,go,ungated-base-proposal,0,0,1,0.0,1.0,1,0.0,0.0,0.0,0,0.0
oracle_visible_state,3,76,authority_conflict,False,True,True,True,hold,oracle-visible-state,1,0,1,1.0,0.0,0,0.0,0.0,0.0,0,0.0
benign_agreement,3,76,authority_conflict,False,True,True,True,hold,base-proposal-hold,0,0,0,1.0,0.0,0,0.0,0.0,0.0,0,0.0
provenance_preserving,3,77,freshness_conflict,True,True,True,True,go,dominant-support-certificate,1,1,1,1.0,0.0,0,0.0,0.0,0.0,0,0.0
provenance_erased,3,77,freshness_conflict,True,True,True,True,hold,uncertified-dominance-failed:ready;craneOK;etaOnTime;weatherSafe,0,1,1,0.0,1.0,0,1.0,1.0,1.0,0,1.0
random_label_placebo,3,77,freshness_conflict,True,True,True,True,go,dominant-support-certificate,1,1,1,1.0,0.0,0,0.0,0.0,0.0,0,0.0
labels_without_gating,3,77,freshness_conflict,True,True,True,True,go,ungated-base-proposal,0,0,1,1.0,0.0,0,0.0,0.0,0.0,0,0.0
oracle_visible_state,3,77,freshness_conflict,True,True,True,True,go,oracle-visible-state,1,0,1,1.0,0.0,0,0.0,0.0,0.0,0,0.0
benign_agreement,3,77,freshness_conflict,True,True,True,True,go,dominant-support-certificate,1,1,0,1.0,0.0,0,0.0,0.0,0.0,0,0.0
provenance_preserving,3,78,context_conflict,False,True,True,True,hold,uncertified-dominance-failed:ready,0,1,1,1.0,0.0,0,0.0,0.0,1.0,0,0.0
provenance_erased,3,78,context_conflict,False,True,True,True,hold,uncertified-dominance-failed:ready;craneOK;etaOnTime;weatherSafe,0,1,1,1.0,0.0,0,0.0,0.0,1.0,0,0.0
random_label_placebo,3,78,context_conflict,False,True,True,True,hold,uncertified-dominance-failed:ready,0,1,1,1.0,0.0,0,0.0,0.0,1.0,0,0.0
labels_without_gating,3,78,context_conflict,False,True,True,True,go,ungated-base-proposal,0,0,1,0.0,1.0,1,0.0,0.0,0.0,0,0.0
oracle_visible_state,3,78,context_conflict,False,True,True,True,hold,oracle-visible-state,1,0,1,1.0,0.0,0,0.0,0.0,0.0,0,0.0
benign_agreement,3,78,context_conflict,False,True,True,True,hold,base-proposal-hold,0,0,0,1.0,0.0,0,0.0,0.0,0.0,0,0.0
provenance_preserving,3,79,human_override,True,True,True,True,go,dominant-support-certificate,1,1,1,1.0,0.0,0,0.0,0.0,0.0,0,0.0
provenance_erased,3,79,human_override,True,True,True,True,hold,uncertified-dominance-failed:ready;craneOK;etaOnTime;weatherSafe,0,1,1,0.0,1.0,0,1.0,1.0,1.0,0,1.0
random_label_placebo,3,79,human_override,True,True,True,True,hold,uncertified-dominance-failed:weatherSafe,0,1,1,0.0,1.0,0,1.0,1.0,1.0,0,1.0
labels_without_gating,3,79,human_override,True,True,True,True,go,ungated-base-proposal,0,0,1,1.0,0.0,0,0.0,0.0,0.0,0,0.0
oracle_visible_state,3,79,human_override,True,True,True,True,go,oracle-visible-state,1,0,1,1.0,0.0,0,0.0,0.0,0.0,0,0.0
benign_agreement,3,79,human_override,True,True,True,True,go,dominant-support-certificate,1,1,0,1.0,0.0,0,0.0,0.0,0.0,0,0.0
