seed,t,ready,crane_ok,eta_on_time,weather_safe,scenario,queue_state,weather_regime,disruption_family,vessel_class,operating_mode,time_bucket,berth_slot,eta_bin,prop,value,observer,situation,credibility,timestamp,provenance
0,0,false,true,true,true,authority_conflict,normal,clear,none,feeder,nominal,day,slot-A,on-window,craneOK,true,crane_maintenance,berth-admission/current,1.0,0,base-crane
0,0,false,true,true,true,authority_conflict,normal,clear,none,feeder,nominal,day,slot-A,on-window,etaOnTime,true,ais_feed,berth-admission/current,1.0,0,base-eta
0,0,false,true,true,true,authority_conflict,normal,clear,none,feeder,nominal,day,slot-A,on-window,weatherSafe,true,port_safety,berth-admission/current,1.0,0,base-weather
0,0,false,true,true,true,authority_conflict,normal,clear,none,feeder,nominal,day,slot-A,on-window,ready,false,harbor_master,berth-admission/current,1.0,0,authoritative-local
0,0,false,true,true,true,authority_conflict,normal,clear,none,feeder,nominal,day,slot-A,on-window,ready,true,strategic_plan,berth-admission/planning,1.0,0,lower-plan
0,1,true,true,false,true,freshness_conflict,normal,clear,none,feeder,nominal,day,slot-A,on-window,ready,true,harbor_master,berth-admission/current,1.0,1,base-ready
0,1,true,true,false,true,freshness_conflict,normal,clear,none,feeder,nominal,day,slot-A,on-window,craneOK,true,crane_maintenance,berth-admission/current,1.0,1,base-crane
0,1,true,true,false,true,freshness_conflict,normal,clear,none,feeder,nominal,day,slot-A,on-window,weatherSafe,true,port_safety,berth-admission/current,1.0,1,base-weather
0,1,true,true,false,true,freshness_conflict,normal,clear,none,feeder,nominal,day,slot-A,on-window,etaOnTime,false,ais_feed,berth-admission/current,1.0,1,fresh-ais
0,1,true,true,false,true,freshness_conflict,normal,clear,none,feeder,nominal,day,slot-A,on-window,etaOnTime,true,ais_feed,berth-admission/current,1.0,-4,stale-ais
0,2,true,true,true,true,context_conflict,normal,clear,none,feeder,nominal,day,slot-A,on-window,craneOK,true,crane_maintenance,berth-admission/current,1.0,2,base-crane
0,2,true,true,true,true,context_conflict,normal,clear,none,feeder,nominal,day,slot-A,on-window,etaOnTime,true,ais_feed,berth-admission/current,1.0,2,base-eta
0,2,true,true,true,true,context_conflict,normal,clear,none,feeder,nominal,day,slot-A,on-window,weatherSafe,true,port_safety,berth-admission/current,1.0,2,base-weather
0,2,true,true,true,true,context_conflict,normal,clear,none,feeder,nominal,day,slot-A,on-window,ready,true,terminal_ops,berth-admission/current,1.0,2,current-ops
0,2,true,true,true,true,context_conflict,normal,clear,none,feeder,nominal,day,slot-A,on-window,ready,false,terminal_ops,berth-admission/planning,1.0,3,planning-context
0,3,true,true,true,true,human_override,normal,clear,none,feeder,nominal,day,slot-A,on-window,ready,true,harbor_master,berth-admission/current,1.0,3,base-ready
0,3,true,true,true,true,human_override,normal,clear,none,feeder,nominal,day,slot-A,on-window,craneOK,true,crane_maintenance,berth-admission/current,1.0,3,base-crane
0,3,true,true,true,true,human_override,normal,clear,none,feeder,nominal,day,slot-A,on-window,etaOnTime,true,ais_feed,berth-admission/current,1.0,3,base-eta
0,3,true,true,true,true,human_override,normal,clear,none,feeder,nominal,day,slot-A,on-window,weatherSafe,true,human_dispatcher,berth-admission/current,1.0,3,human-override
0,3,true,true,true,true,human_override,normal,clear,none,feeder,nominal,day,slot-A,on-window,weatherSafe,false,approved_weather_feed,berth-admission/current,1.0,3,feed-conflict
0,4,false,true,true,true,authority_conflict,normal,clear,none,feeder,nominal,day,slot-A,on-window,craneOK,true,crane_maintenance,berth-admission/current,1.0,4,base-crane
0,4,false,true,true,true,authority_conflict,normal,clear,none,feeder,nominal,day,slot-A,on-window,etaOnTime,true,ais_feed,berth-admission/current,1.0,4,base-eta
0,4,false,true,true,true,authority_conflict,normal,clear,none,feeder,nominal,day,slot-A,on-window,weatherSafe,true,port_safety,berth-admission/current,1.0,4,base-weather
0,4,false,true,true,true,authority_conflict,normal,clear,none,feeder,nominal,day,slot-A,on-window,ready,false,harbor_master,berth-admission/current,1.0,4,authoritative-local
0,4,false,true,true,true,authority_conflict,normal,clear,none,feeder,nominal,day,slot-A,on-window,ready,true,strategic_plan,berth-admission/planning,1.0,4,lower-plan
0,5,true,true,true,true,freshness_conflict,normal,clear,none,feeder,nominal,day,slot-A,on-window,ready,true,harbor_master,berth-admission/current,1.0,5,base-ready
0,5,true,true,true,true,freshness_conflict,normal,clear,none,feeder,nominal,day,slot-A,on-window,craneOK,true,crane_maintenance,berth-admission/current,1.0,5,base-crane
0,5,true,true,true,true,freshness_conflict,normal,clear,none,feeder,nominal,day,slot-A,on-window,weatherSafe,true,port_safety,berth-admission/current,1.0,5,base-weather
0,5,true,true,true,true,freshness_conflict,normal,clear,none,feeder,nominal,day,slot-A,on-window,etaOnTime,true,ais_feed,berth-admission/current,1.0,5,fresh-ais
0,5,true,true,true,true,freshness_conflict,normal,clear,none,feeder,nominal,day,slot-A,on-window,etaOnTime,false,ais_feed,berth-admission/current,1.0,0,stale-ais
0,6,false,true,true,true,context_conflict,normal,clear,none,feeder,nominal,day,slot-A,on-window,craneOK,true,crane_maintenance,berth-admission/current,1.0,6,base-crane
0,6,false,true,true,true,context_conflict,normal,clear,none,feeder,nominal,day,slot-A,on-window,etaOnTime,true,ais_feed,berth-admission/current,1.0,6,base-eta
0,6,false,true,true,true,context_conflict,normal,clear,none,feeder,nominal,day,slot-A,on-window,weatherSafe,true,port_safety,berth-admission/current,1.0,6,base-weather
0,6,false,true,true,true,context_conflict,normal,clear,none,feeder,nominal,day,slot-A,on-window,ready,false,terminal_ops,berth-admission/current,1.0,6,current-ops
0,6,false,true,true,true,context_conflict,normal,clear,none,feeder,nominal,day,slot-A,on-window,ready,true,terminal_ops,berth-admission/planning,1.0,7,planning-context
0,7,true,true,true,true,human_override,normal,clear,none,feeder,nominal,day,slot-A,on-window,ready,true,harbor_master,berth-admission/current,1.0,7,base-ready
0,7,true,true,true,true,human_override,normal,clear,none,feeder,nominal,day,slot-A,on-window,craneOK,true,crane_maintenance,berth-admission/current,1.0,7,base-crane
0,7,true,true,true,true,human_override,normal,clear,none,feeder,nominal,day,slot-A,on-window,etaOnTime,true,ais_feed,berth-admission/current,1.0,7,base-eta
0,7,true,true,true,true,human_override,normal,clear,none,feeder,nominal,day,slot-A,on-window,weatherSafe,true,human_dispatcher,berth-admission/current,1.0,7,human-override
0,7,true,true,true,true,human_override,normal,clear,none,feeder,nominal,day,slot-A,on-window,weatherSafe,false,approved_weather_feed,berth-admission/current,1.0,7,feed-conflict
0,8,true,true,true,true,authority_conflict,normal,clear,none,feeder,nominal,day,slot-A,on-window,craneOK,true,crane_maintenance,berth-admission/current,1.0,8,base-crane
0,8,true,true,true,true,authority_conflict,normal,clear,none,feeder,nominal,day,slot-A,on-window,etaOnTime,true,ais_feed,berth-admission/current,1.0,8,base-eta
0,8,true,true,true,true,authority_conflict,normal,clear,none,feeder,nominal,day,slot-A,on-window,weatherSafe,true,port_safety,berth-admission/current,1.0,8,base-weather
0,8,true,true,true,true,authority_conflict,normal,clear,none,feeder,nominal,day,slot-A,on-window,ready,true,harbor_master,berth-admission/current,1.0,8,authoritative-local
0,8,true,true,true,true,authority_conflict,normal,clear,none,feeder,nominal,day,slot-A,on-window,ready,false,strategic_plan,berth-admission/planning,1.0,8,lower-plan
0,9,true,true,false,true,freshness_conflict,normal,clear,none,feeder,nominal,day,slot-A,on-window,ready,true,harbor_master,berth-admission/current,1.0,9,base-ready
0,9,true,true,false,true,freshness_conflict,normal,clear,none,feeder,nominal,day,slot-A,on-window,craneOK,true,crane_maintenance,berth-admission/current,1.0,9,base-crane
0,9,true,true,false,true,freshness_conflict,normal,clear,none,feeder,nominal,day,slot-A,on-window,weatherSafe,true,port_safety,berth-admission/current,1.0,9,base-weather
0,9,true,true,false,true,freshness_conflict,normal,clear,none,feeder,nominal,day,slot-A,on-window,etaOnTime,false,ais_feed,berth-admission/current,1.0,9,fresh-ais
0,9,true,true,false,true,freshness_conflict,normal,clear,none,feeder,nominal,day,slot-A,on-window,etaOnTime,true,ais_feed,berth-admission/current,1.0,4,stale-ais
0,10,false,true,true,true,context_conflict,normal,clear,none,feeder,nominal,day,slot-A,on-window,craneOK,true,crane_maintenance,berth-admission/current,1.0,10,base-crane
0,10,false,true,true,true,context_conflict,normal,clear,none,feeder,nominal,day,slot-A,on-window,etaOnTime,true,ais_feed,berth-admission/current,1.0,10,base-eta
0,10,false,true,true,true,context_conflict,normal,clear,none,feeder,nominal,day,slot-A,on-window,weatherSafe,true,port_safety,berth-admission/current,1.0,10,base-weather
0,10,false,true,true,true,context_conflict,normal,clear,none,feeder,nominal,day,slot-A,on-window,ready,false,terminal_ops,berth-admission/current,1.0,10,current-ops
0,10,false,true,true,true,context_conflict,normal,clear,none,feeder,nominal,day,slot-A,on-window,ready,true,terminal_ops,berth-admission/planning,1.0,11,planning-context
0,11,true,true,true,false,human_override,normal,clear,none,feeder,nominal,day,slot-A,on-window,ready,true,harbor_master,berth-admission/current,1.0,11,base-ready
0,11,true,true,true,false,human_override,normal,clear,none,feeder,nominal,day,slot-A,on-window,craneOK,true,crane_maintenance,berth-admission/current,1.0,11,base-crane
0,11,true,true,true,false,human_override,normal,clear,none,feeder,nominal,day,slot-A,on-window,etaOnTime,true,ais_feed,berth-admission/current,1.0,11,base-eta
0,11,true,true,true,false,human_override,normal,clear,none,feeder,nominal,day,slot-A,on-window,weatherSafe,false,human_dispatcher,berth-admission/current,1.0,11,human-override
0,11,true,true,true,false,human_override,normal,clear,none,feeder,nominal,day,slot-A,on-window,weatherSafe,true,approved_weather_feed,berth-admission/current,1.0,11,feed-conflict
0,12,true,true,true,true,authority_conflict,normal,clear,none,feeder,nominal,day,slot-A,on-window,craneOK,true,crane_maintenance,berth-admission/current,1.0,12,base-crane
0,12,true,true,true,true,authority_conflict,normal,clear,none,feeder,nominal,day,slot-A,on-window,etaOnTime,true,ais_feed,berth-admission/current,1.0,12,base-eta
0,12,true,true,true,true,authority_conflict,normal,clear,none,feeder,nominal,day,slot-A,on-window,weatherSafe,true,port_safety,berth-admission/current,1.0,12,base-weather
0,12,true,true,true,true,authority_conflict,normal,clear,none,feeder,nominal,day,slot-A,on-window,ready,true,harbor_master,berth-admission/current,1.0,12,authoritative-local
0,12,true,true,true,true,authority_conflict,normal,clear,none,feeder,nominal,day,slot-A,on-window,ready,false,strategic_plan,berth-admission/planning,1.0,12,lower-plan
0,13,true,true,false,true,freshness_conflict,normal,clear,none,feeder,nominal,day,slot-A,on-window,ready,true,harbor_master,berth-admission/current,1.0,13,base-ready
0,13,true,true,false,true,freshness_conflict,normal,clear,none,feeder,nominal,day,slot-A,on-window,craneOK,true,crane_maintenance,berth-admission/current,1.0,13,base-crane
0,13,true,true,false,true,freshness_conflict,normal,clear,none,feeder,nominal,day,slot-A,on-window,weatherSafe,true,port_safety,berth-admission/current,1.0,13,base-weather
0,13,true,true,false,true,freshness_conflict,normal,clear,none,feeder,nominal,day,slot-A,on-window,etaOnTime,false,ais_feed,berth-admission/current,1.0,13,fresh-ais
0,13,true,true,false,true,freshness_conflict,normal,clear,none,feeder,nominal,day,slot-A,on-window,etaOnTime,true,ais_feed,berth-admission/current,1.0,8,stale-ais
0,14,false,true,true,true,context_conflict,normal,clear,none,feeder,nominal,day,slot-A,on-window,craneOK,true,crane_maintenance,berth-admission/current,1.0,14,base-crane
0,14,false,true,true,true,context_conflict,normal,clear,none,feeder,nominal,day,slot-A,on-window,etaOnTime,true,ais_feed,berth-admission/current,1.0,14,base-eta
0,14,false,true,true,true,context_conflict,normal,clear,none,feeder,nominal,day,slot-A,on-window,weatherSafe,true,port_safety,berth-admission/current,1.0,14,base-weather
0,14,false,true,true,true,context_conflict,normal,clear,none,feeder,nominal,day,slot-A,on-window,ready,false,terminal_ops,berth-admission/current,1.0,14,current-ops
0,14,false,true,true,true,context_conflict,normal,clear,none,feeder,nominal,day,slot-A,on-window,ready,true,terminal_ops,berth-admission/planning,1.0,15,planning-context
0,15,true,true,true,true,human_override,normal,clear,none,feeder,nominal,day,slot-A,on-window,ready,true,harbor_master,berth-admission/current,1.0,15,base-ready
0,15,true,true,true,true,human_override,normal,clear,none,feeder,nominal,day,slot-A,on-window,craneOK,true,crane_maintenance,berth-admission/current,1.0,15,base-crane
0,15,true,true,true,true,human_override,normal,clear,none,feeder,nominal,day,slot-A,on-window,etaOnTime,true,ais_feed,berth-admission/current,1.0,15,base-eta
0,15,true,true,true,true,human_override,normal,clear,none,feeder,nominal,day,slot-A,on-window,weatherSafe,true,human_dispatcher,berth-admission/current,1.0,15,human-override
0,15,true,true,true,true,human_override,normal,clear,none,feeder,nominal,day,slot-A,on-window,weatherSafe,false,approved_weather_feed,berth-admission/current,1.0,15,feed-conflict
0,16,false,true,true,true,authority_conflict,normal,clear,none,feeder,nominal,day,slot-A,on-window,craneOK,true,crane_maintenance,berth-admission/current,1.0,16,base-crane
0,16,false,true,true,true,authority_conflict,normal,clear,none,feeder,nominal,day,slot-A,on-window,etaOnTime,true,ais_feed,berth-admission/current,1.0,16,base-eta
0,16,false,true,true,true,authority_conflict,normal,clear,none,feeder,nominal,day,slot-A,on-window,weatherSafe,true,port_safety,berth-admission/current,1.0,16,base-weather
0,16,false,true,true,true,authority_conflict,normal,clear,none,feeder,nominal,day,slot-A,on-window,ready,false,harbor_master,berth-admission/current,1.0,16,authoritative-local
0,16,false,true,true,true,authority_conflict,normal,clear,none,feeder,nominal,day,slot-A,on-window,ready,true,strategic_plan,berth-admission/planning,1.0,16,lower-plan
0,17,true,true,false,true,freshness_conflict,normal,clear,none,feeder,nominal,day,slot-A,on-window,ready,true,harbor_master,berth-admission/current,1.0,17,base-ready
0,17,true,true,false,true,freshness_conflict,normal,clear,none,feeder,nominal,day,slot-A,on-window,craneOK,true,crane_maintenance,berth-admission/current,1.0,17,base-crane
0,17,true,true,false,true,freshness_conflict,normal,clear,none,feeder,nominal,day,slot-A,on-window,weatherSafe,true,port_safety,berth-admission/current,1.0,17,base-weather
0,17,true,true,false,true,freshness_conflict,normal,clear,none,feeder,nominal,day,slot-A,on-window,etaOnTime,false,ais_feed,berth-admission/current,1.0,17,fresh-ais
0,17,true,true,false,true,freshness_conflict,normal,clear,none,feeder,nominal,day,slot-A,on-window,etaOnTime,true,ais_feed,berth-admission/current,1.0,12,stale-ais
0,18,false,true,true,true,context_conflict,normal,clear,none,feeder,nominal,day,slot-A,on-window,craneOK,true,crane_maintenance,berth-admission/current,1.0,18,base-crane
0,18,false,true,true,true,context_conflict,normal,clear,none,feeder,nominal,day,slot-A,on-window,etaOnTime,true,ais_feed,berth-admission/current,1.0,18,base-eta
0,18,false,true,true,true,context_conflict,normal,clear,none,feeder,nominal,day,slot-A,on-window,weatherSafe,true,port_safety,berth-admission/current,1.0,18,base-weather
0,18,false,true,true,true,context_conflict,normal,clear,none,feeder,nominal,day,slot-A,on-window,ready,false,terminal_ops,berth-admission/current,1.0,18,current-ops
0,18,false,true,true,true,context_conflict,normal,clear,none,feeder,nominal,day,slot-A,on-window,ready,true,terminal_ops,berth-admission/planning,1.0,19,planning-context
0,19,true,true,true,false,human_override,normal,clear,none,feeder,nominal,day,slot-A,on-window,ready,true,harbor_master,berth-admission/current,1.0,19,base-ready
0,19,true,true,true,false,human_override,normal,clear,none,feeder,nominal,day,slot-A,on-window,craneOK,true,crane_maintenance,berth-admission/current,1.0,19,base-crane
0,19,true,true,true,false,human_override,normal,clear,none,feeder,nominal,day,slot-A,on-window,etaOnTime,true,ais_feed,berth-admission/current,1.0,19,base-eta
0,19,true,true,true,false,human_override,normal,clear,none,feeder,nominal,day,slot-A,on-window,weatherSafe,false,human_dispatcher,berth-admission/current,1.0,19,human-override
0,19,true,true,true,false,human_override,normal,clear,none,feeder,nominal,day,slot-A,on-window,weatherSafe,true,approved_weather_feed,berth-admission/current,1.0,19,feed-conflict
0,20,true,true,true,true,authority_conflict,normal,clear,none,feeder,nominal,day,slot-A,on-window,craneOK,true,crane_maintenance,berth-admission/current,1.0,20,base-crane
0,20,true,true,true,true,authority_conflict,normal,clear,none,feeder,nominal,day,slot-A,on-window,etaOnTime,true,ais_feed,berth-admission/current,1.0,20,base-eta
0,20,true,true,true,true,authority_conflict,normal,clear,none,feeder,nominal,day,slot-A,on-window,weatherSafe,true,port_safety,berth-admission/current,1.0,20,base-weather
0,20,true,true,true,true,authority_conflict,normal,clear,none,feeder,nominal,day,slot-A,on-window,ready,true,harbor_master,berth-admission/current,1.0,20,authoritative-local
0,20,true,true,true,true,authority_conflict,normal,clear,none,feeder,nominal,day,slot-A,on-window,ready,false,strategic_plan,berth-admission/planning,1.0,20,lower-plan
0,21,true,true,false,true,freshness_conflict,normal,clear,none,feeder,nominal,day,slot-A,on-window,ready,true,harbor_master,berth-admission/current,1.0,21,base-ready
0,21,true,true,false,true,freshness_conflict,normal,clear,none,feeder,nominal,day,slot-A,on-window,craneOK,true,crane_maintenance,berth-admission/current,1.0,21,base-crane
0,21,true,true,false,true,freshness_conflict,normal,clear,none,feeder,nominal,day,slot-A,on-window,weatherSafe,true,port_safety,berth-admission/current,1.0,21,base-weather
0,21,true,true,false,true,freshness_conflict,normal,clear,none,feeder,nominal,day,slot-A,on-window,etaOnTime,false,ais_feed,berth-admission/current,1.0,21,fresh-ais
0,21,true,true,false,true,freshness_conflict,normal,clear,none,feeder,nominal,day,slot-A,on-window,etaOnTime,true,ais_feed,berth-admission/current,1.0,16,stale-ais
0,22,false,true,true,true,context_conflict,normal,clear,none,feeder,nominal,day,slot-A,on-window,craneOK,true,crane_maintenance,berth-admission/current,1.0,22,base-crane
0,22,false,true,true,true,context_conflict,normal,clear,none,feeder,nominal,day,slot-A,on-window,etaOnTime,true,ais_feed,berth-admission/current,1.0,22,base-eta
0,22,false,true,true,true,context_conflict,normal,clear,none,feeder,nominal,day,slot-A,on-window,weatherSafe,true,port_safety,berth-admission/current,1.0,22,base-weather
0,22,false,true,true,true,context_conflict,normal,clear,none,feeder,nominal,day,slot-A,on-window,ready,false,terminal_ops,berth-admission/current,1.0,22,current-ops
0,22,false,true,true,true,context_conflict,normal,clear,none,feeder,nominal,day,slot-A,on-window,ready,true,terminal_ops,berth-admission/planning,1.0,23,planning-context
0,23,true,true,true,false,human_override,normal,clear,none,feeder,nominal,day,slot-A,on-window,ready,true,harbor_master,berth-admission/current,1.0,23,base-ready
0,23,true,true,true,false,human_override,normal,clear,none,feeder,nominal,day,slot-A,on-window,craneOK,true,crane_maintenance,berth-admission/current,1.0,23,base-crane
0,23,true,true,true,false,human_override,normal,clear,none,feeder,nominal,day,slot-A,on-window,etaOnTime,true,ais_feed,berth-admission/current,1.0,23,base-eta
0,23,true,true,true,false,human_override,normal,clear,none,feeder,nominal,day,slot-A,on-window,weatherSafe,false,human_dispatcher,berth-admission/current,1.0,23,human-override
0,23,true,true,true,false,human_override,normal,clear,none,feeder,nominal,day,slot-A,on-window,weatherSafe,true,approved_weather_feed,berth-admission/current,1.0,23,feed-conflict
0,24,true,true,true,true,authority_conflict,normal,clear,none,feeder,nominal,day,slot-A,on-window,craneOK,true,crane_maintenance,berth-admission/current,1.0,24,base-crane
0,24,true,true,true,true,authority_conflict,normal,clear,none,feeder,nominal,day,slot-A,on-window,etaOnTime,true,ais_feed,berth-admission/current,1.0,24,base-eta
0,24,true,true,true,true,authority_conflict,normal,clear,none,feeder,nominal,day,slot-A,on-window,weatherSafe,true,port_safety,berth-admission/current,1.0,24,base-weather
0,24,true,true,true,true,authority_conflict,normal,clear,none,feeder,nominal,day,slot-A,on-window,ready,true,harbor_master,berth-admission/current,1.0,24,authoritative-local
0,24,true,true,true,true,authority_conflict,normal,clear,none,feeder,nominal,day,slot-A,on-window,ready,false,strategic_plan,berth-admission/planning,1.0,24,lower-plan
0,25,true,true,true,true,freshness_conflict,normal,clear,none,feeder,nominal,day,slot-A,on-window,ready,true,harbor_master,berth-admission/current,1.0,25,base-ready
0,25,true,true,true,true,freshness_conflict,normal,clear,none,feeder,nominal,day,slot-A,on-window,craneOK,true,crane_maintenance,berth-admission/current,1.0,25,base-crane
0,25,true,true,true,true,freshness_conflict,normal,clear,none,feeder,nominal,day,slot-A,on-window,weatherSafe,true,port_safety,berth-admission/current,1.0,25,base-weather
0,25,true,true,true,true,freshness_conflict,normal,clear,none,feeder,nominal,day,slot-A,on-window,etaOnTime,true,ais_feed,berth-admission/current,1.0,25,fresh-ais
0,25,true,true,true,true,freshness_conflict,normal,clear,none,feeder,nominal,day,slot-A,on-window,etaOnTime,false,ais_feed,berth-admission/current,1.0,20,stale-ais
0,26,true,true,true,true,context_conflict,normal,clear,none,feeder,nominal,day,slot-A,on-window,craneOK,true,crane_maintenance,berth-admission/current,1.0,26,base-crane
0,26,true,true,true,true,context_conflict,normal,clear,none,feeder,nominal,day,slot-A,on-window,etaOnTime,true,ais_feed,berth-admission/current,1.0,26,base-eta
0,26,true,true,true,true,context_conflict,normal,clear,none,feeder,nominal,day,slot-A,on-window,weatherSafe,true,port_safety,berth-admission/current,1.0,26,base-weather
0,26,true,true,true,true,context_conflict,normal,clear,none,feeder,nominal,day,slot-A,on-window,ready,true,terminal_ops,berth-admission/current,1.0,26,current-ops
0,26,true,true,true,true,context_conflict,normal,clear,none,feeder,nominal,day,slot-A,on-window,ready,false,terminal_ops,berth-admission/planning,1.0,27,planning-context
0,27,true,true,true,false,human_override,normal,clear,none,feeder,nominal,day,slot-A,on-window,ready,true,harbor_master,berth-admission/current,1.0,27,base-ready
0,27,true,true,true,false,human_override,normal,clear,none,feeder,nominal,day,slot-A,on-window,craneOK,true,crane_maintenance,berth-admission/current,1.0,27,base-crane
0,27,true,true,true,false,human_override,normal,clear,none,feeder,nominal,day,slot-A,on-window,etaOnTime,true,ais_feed,berth-admission/current,1.0,27,base-eta
0,27,true,true,true,false,human_override,normal,clear,none,feeder,nominal,day,slot-A,on-window,weatherSafe,false,human_dispatcher,berth-admission/current,1.0,27,human-override
0,27,true,true,true,false,human_override,normal,clear,none,feeder,nominal,day,slot-A,on-window,weatherSafe,true,approved_weather_feed,berth-admission/current,1.0,27,feed-conflict
0,28,false,true,true,true,authority_conflict,normal,clear,none,feeder,nominal,day,slot-A,on-window,craneOK,true,crane_maintenance,berth-admission/current,1.0,28,base-crane
0,28,false,true,true,true,authority_conflict,normal,clear,none,feeder,nominal,day,slot-A,on-window,etaOnTime,true,ais_feed,berth-admission/current,1.0,28,base-eta
0,28,false,true,true,true,authority_conflict,normal,clear,none,feeder,nominal,day,slot-A,on-window,weatherSafe,true,port_safety,berth-admission/current,1.0,28,base-weather
0,28,false,true,true,true,authority_conflict,normal,clear,none,feeder,nominal,day,slot-A,on-window,ready,false,harbor_master,berth-admission/current,1.0,28,authoritative-local
0,28,false,true,true,true,authority_conflict,normal,clear,none,feeder,nominal,day,slot-A,on-window,ready,true,strategic_plan,berth-admission/planning,1.0,28,lower-plan
0,29,true,true,false,true,freshness_conflict,normal,clear,none,feeder,nominal,day,slot-A,on-window,ready,true,harbor_master,berth-admission/current,1.0,29,base-ready
0,29,true,true,false,true,freshness_conflict,normal,clear,none,feeder,nominal,day,slot-A,on-window,craneOK,true,crane_maintenance,berth-admission/current,1.0,29,base-crane
0,29,true,true,false,true,freshness_conflict,normal,clear,none,feeder,nominal,day,slot-A,on-window,weatherSafe,true,port_safety,berth-admission/current,1.0,29,base-weather
0,29,true,true,false,true,freshness_conflict,normal,clear,none,feeder,nominal,day,slot-A,on-window,etaOnTime,false,ais_feed,berth-admission/current,1.0,29,fresh-ais
0,29,true,true,false,true,freshness_conflict,normal,clear,none,feeder,nominal,day,slot-A,on-window,etaOnTime,true,ais_feed,berth-admission/current,1.0,24,stale-ais
0,30,true,true,true,true,context_conflict,normal,clear,none,feeder,nominal,day,slot-A,on-window,craneOK,true,crane_maintenance,berth-admission/current,1.0,30,base-crane
0,30,true,true,true,true,context_conflict,normal,clear,none,feeder,nominal,day,slot-A,on-window,etaOnTime,true,ais_feed,berth-admission/current,1.0,30,base-eta
0,30,true,true,true,true,context_conflict,normal,clear,none,feeder,nominal,day,slot-A,on-window,weatherSafe,true,port_safety,berth-admission/current,1.0,30,base-weather
0,30,true,true,true,true,context_conflict,normal,clear,none,feeder,nominal,day,slot-A,on-window,ready,true,terminal_ops,berth-admission/current,1.0,30,current-ops
0,30,true,true,true,true,context_conflict,normal,clear,none,feeder,nominal,day,slot-A,on-window,ready,false,terminal_ops,berth-admission/planning,1.0,31,planning-context
0,31,true,true,true,false,human_override,normal,clear,none,feeder,nominal,day,slot-A,on-window,ready,true,harbor_master,berth-admission/current,1.0,31,base-ready
0,31,true,true,true,false,human_override,normal,clear,none,feeder,nominal,day,slot-A,on-window,craneOK,true,crane_maintenance,berth-admission/current,1.0,31,base-crane
0,31,true,true,true,false,human_override,normal,clear,none,feeder,nominal,day,slot-A,on-window,etaOnTime,true,ais_feed,berth-admission/current,1.0,31,base-eta
0,31,true,true,true,false,human_override,normal,clear,none,feeder,nominal,day,slot-A,on-window,weatherSafe,false,human_dispatcher,berth-admission/current,1.0,31,human-override
0,31,true,true,true,false,human_override,normal,clear,none,feeder,nominal,day,slot-A,on-window,weatherSafe,true,approved_weather_feed,berth-admission/current,1.0,31,feed-conflict
0,32,true,true,true,true,authority_conflict,normal,clear,none,feeder,nominal,day,slot-A,on-window,craneOK,true,crane_maintenance,berth-admission/current,1.0,32,base-crane
0,32,true,true,true,true,authority_conflict,normal,clear,none,feeder,nominal,day,slot-A,on-window,etaOnTime,true,ais_feed,berth-admission/current,1.0,32,base-eta
0,32,true,true,true,true,authority_conflict,normal,clear,none,feeder,nominal,day,slot-A,on-window,weatherSafe,true,port_safety,berth-admission/current,1.0,32,base-weather
0,32,true,true,true,true,authority_conflict,normal,clear,none,feeder,nominal,day,slot-A,on-window,ready,true,harbor_master,berth-admission/current,1.0,32,authoritative-local
0,32,true,true,true,true,authority_conflict,normal,clear,none,feeder,nominal,day,slot-A,on-window,ready,false,strategic_plan,berth-admission/planning,1.0,32,lower-plan
0,33,true,true,false,true,freshness_conflict,normal,clear,none,feeder,nominal,day,slot-A,on-window,ready,true,harbor_master,berth-admission/current,1.0,33,base-ready
0,33,true,true,false,true,freshness_conflict,normal,clear,none,feeder,nominal,day,slot-A,on-window,craneOK,true,crane_maintenance,berth-admission/current,1.0,33,base-crane
0,33,true,true,false,true,freshness_conflict,normal,clear,none,feeder,nominal,day,slot-A,on-window,weatherSafe,true,port_safety,berth-admission/current,1.0,33,base-weather
0,33,true,true,false,true,freshness_conflict,normal,clear,none,feeder,nominal,day,slot-A,on-window,etaOnTime,false,ais_feed,berth-admission/current,1.0,33,fresh-ais
0,33,true,true,false,true,freshness_conflict,normal,clear,none,feeder,nominal,day,slot-A,on-window,etaOnTime,true,ais_feed,berth-admission/current,1.0,28,stale-ais
0,34,false,true,true,true,context_conflict,normal,clear,none,feeder,nominal,day,slot-A,on-window,craneOK,true,crane_maintenance,berth-admission/current,1.0,34,base-crane
0,34,false,true,true,true,context_conflict,normal,clear,none,feeder,nominal,day,slot-A,on-window,etaOnTime,true,ais_feed,berth-admission/current,1.0,34,base-eta
0,34,false,true,true,true,context_conflict,normal,clear,none,feeder,nominal,day,slot-A,on-window,weatherSafe,true,port_safety,berth-admission/current,1.0,34,base-weather
0,34,false,true,true,true,context_conflict,normal,clear,none,feeder,nominal,day,slot-A,on-window,ready,false,terminal_ops,berth-admission/current,1.0,34,current-ops
0,34,false,true,true,true,context_conflict,normal,clear,none,feeder,nominal,day,slot-A,on-window,ready,true,terminal_ops,berth-admission/planning,1.0,35,planning-context
0,35,true,true,true,true,human_override,normal,clear,none,feeder,nominal,day,slot-A,on-window,ready,true,harbor_master,berth-admission/current,1.0,35,base-ready
0,35,true,true,true,true,human_override,normal,clear,none,feeder,nominal,day,slot-A,on-window,craneOK,true,crane_maintenance,berth-admission/current,1.0,35,base-crane
0,35,true,true,true,true,human_override,normal,clear,none,feeder,nominal,day,slot-A,on-window,etaOnTime,true,ais_feed,berth-admission/current,1.0,35,base-eta
0,35,true,true,true,true,human_override,normal,clear,none,feeder,nominal,day,slot-A,on-window,weatherSafe,true,human_dispatcher,berth-admission/current,1.0,35,human-override
0,35,true,true,true,true,human_override,normal,clear,none,feeder,nominal,day,slot-A,on-window,weatherSafe,false,approved_weather_feed,berth-admission/current,1.0,35,feed-conflict
0,36,false,true,true,true,authority_conflict,normal,clear,none,feeder,nominal,day,slot-A,on-window,craneOK,true,crane_maintenance,berth-admission/current,1.0,36,base-crane
0,36,false,true,true,true,authority_conflict,normal,clear,none,feeder,nominal,day,slot-A,on-window,etaOnTime,true,ais_feed,berth-admission/current,1.0,36,base-eta
0,36,false,true,true,true,authority_conflict,normal,clear,none,feeder,nominal,day,slot-A,on-window,weatherSafe,true,port_safety,berth-admission/current,1.0,36,base-weather
0,36,false,true,true,true,authority_conflict,normal,clear,none,feeder,nominal,day,slot-A,on-window,ready,false,harbor_master,berth-admission/current,1.0,36,authoritative-local
0,36,false,true,true,true,authority_conflict,normal,clear,none,feeder,nominal,day,slot-A,on-window,ready,true,strategic_plan,berth-admission/planning,1.0,36,lower-plan
0,37,true,true,true,true,freshness_conflict,normal,clear,none,feeder,nominal,day,slot-A,on-window,ready,true,harbor_master,berth-admission/current,1.0,37,base-ready
0,37,true,true,true,true,freshness_conflict,normal,clear,none,feeder,nominal,day,slot-A,on-window,craneOK,true,crane_maintenance,berth-admission/current,1.0,37,base-crane
0,37,true,true,true,true,freshness_conflict,normal,clear,none,feeder,nominal,day,slot-A,on-window,weatherSafe,true,port_safety,berth-admission/current,1.0,37,base-weather
0,37,true,true,true,true,freshness_conflict,normal,clear,none,feeder,nominal,day,slot-A,on-window,etaOnTime,true,ais_feed,berth-admission/current,1.0,37,fresh-ais
0,37,true,true,true,true,freshness_conflict,normal,clear,none,feeder,nominal,day,slot-A,on-window,etaOnTime,false,ais_feed,berth-admission/current,1.0,32,stale-ais
0,38,false,true,true,true,context_conflict,normal,clear,none,feeder,nominal,day,slot-A,on-window,craneOK,true,crane_maintenance,berth-admission/current,1.0,38,base-crane
0,38,false,true,true,true,context_conflict,normal,clear,none,feeder,nominal,day,slot-A,on-window,etaOnTime,true,ais_feed,berth-admission/current,1.0,38,base-eta
0,38,false,true,true,true,context_conflict,normal,clear,none,feeder,nominal,day,slot-A,on-window,weatherSafe,true,port_safety,berth-admission/current,1.0,38,base-weather
0,38,false,true,true,true,context_conflict,normal,clear,none,feeder,nominal,day,slot-A,on-window,ready,false,terminal_ops,berth-admission/current,1.0,38,current-ops
0,38,false,true,true,true,context_conflict,normal,clear,none,feeder,nominal,day,slot-A,on-window,ready,true,terminal_ops,berth-admission/planning,1.0,39,planning-context
0,39,true,true,true,false,human_override,normal,clear,none,feeder,nominal,day,slot-A,on-window,ready,true,harbor_master,berth-admission/current,1.0,39,base-ready
0,39,true,true,true,false,human_override,normal,clear,none,feeder,nominal,day,slot-A,on-window,craneOK,true,crane_maintenance,berth-admission/current,1.0,39,base-crane
0,39,true,true,true,false,human_override,normal,clear,none,feeder,nominal,day,slot-A,on-window,etaOnTime,true,ais_feed,berth-admission/current,1.0,39,base-eta
0,39,true,true,true,false,human_override,normal,clear,none,feeder,nominal,day,slot-A,on-window,weatherSafe,false,human_dispatcher,berth-admission/current,1.0,39,human-override
0,39,true,true,true,false,human_override,normal,clear,none,feeder,nominal,day,slot-A,on-window,weatherSafe,true,approved_weather_feed,berth-admission/current,1.0,39,feed-conflict
0,40,true,true,true,true,authority_conflict,normal,clear,none,feeder,nominal,day,slot-A,on-window,craneOK,true,crane_maintenance,berth-admission/current,1.0,40,base-crane
0,40,true,true,true,true,authority_conflict,normal,clear,none,feeder,nominal,day,slot-A,on-window,etaOnTime,true,ais_feed,berth-admission/current,1.0,40,base-eta
0,40,true,true,true,true,authority_conflict,normal,clear,none,feeder,nominal,day,slot-A,on-window,weatherSafe,true,port_safety,berth-admission/current,1.0,40,base-weather
0,40,true,true,true,true,authority_conflict,normal,clear,none,feeder,nominal,day,slot-A,on-window,ready,true,harbor_master,berth-admission/current,1.0,40,authoritative-local
0,40,true,true,true,true,authority_conflict,normal,clear,none,feeder,nominal,day,slot-A,on-window,ready,false,strategic_plan,berth-admission/planning,1.0,40,lower-plan
0,41,true,true,true,true,freshness_conflict,normal,clear,none,feeder,nominal,day,slot-A,on-window,ready,true,harbor_master,berth-admission/current,1.0,41,base-ready
0,41,true,true,true,true,freshness_conflict,normal,clear,none,feeder,nominal,day,slot-A,on-window,craneOK,true,crane_maintenance,berth-admission/current,1.0,41,base-crane
0,41,true,true,true,true,freshness_conflict,normal,clear,none,feeder,nominal,day,slot-A,on-window,weatherSafe,true,port_safety,berth-admission/current,1.0,41,base-weather
0,41,true,true,true,true,freshness_conflict,normal,clear,none,feeder,nominal,day,slot-A,on-window,etaOnTime,true,ais_feed,berth-admission/current,1.0,41,fresh-ais
0,41,true,true,true,true,freshness_conflict,normal,clear,none,feeder,nominal,day,slot-A,on-window,etaOnTime,false,ais_feed,berth-admission/current,1.0,36,stale-ais
0,42,false,true,true,true,context_conflict,normal,clear,none,feeder,nominal,day,slot-A,on-window,craneOK,true,crane_maintenance,berth-admission/current,1.0,42,base-crane
0,42,false,true,true,true,context_conflict,normal,clear,none,feeder,nominal,day,slot-A,on-window,etaOnTime,true,ais_feed,berth-admission/current,1.0,42,base-eta
0,42,false,true,true,true,context_conflict,normal,clear,none,feeder,nominal,day,slot-A,on-window,weatherSafe,true,port_safety,berth-admission/current,1.0,42,base-weather
0,42,false,true,true,true,context_conflict,normal,clear,none,feeder,nominal,day,slot-A,on-window,ready,false,terminal_ops,berth-admission/current,1.0,42,current-ops
0,42,false,true,true,true,context_conflict,normal,clear,none,feeder,nominal,day,slot-A,on-window,ready,true,terminal_ops,berth-admission/planning,1.0,43,planning-context
0,43,true,true,true,true,human_override,normal,clear,none,feeder,nominal,day,slot-A,on-window,ready,true,harbor_master,berth-admission/current,1.0,43,base-ready
0,43,true,true,true,true,human_override,normal,clear,none,feeder,nominal,day,slot-A,on-window,craneOK,true,crane_maintenance,berth-admission/current,1.0,43,base-crane
0,43,true,true,true,true,human_override,normal,clear,none,feeder,nominal,day,slot-A,on-window,etaOnTime,true,ais_feed,berth-admission/current,1.0,43,base-eta
0,43,true,true,true,true,human_override,normal,clear,none,feeder,nominal,day,slot-A,on-window,weatherSafe,true,human_dispatcher,berth-admission/current,1.0,43,human-override
0,43,true,true,true,true,human_override,normal,clear,none,feeder,nominal,day,slot-A,on-window,weatherSafe,false,approved_weather_feed,berth-admission/current,1.0,43,feed-conflict
0,44,true,true,true,true,authority_conflict,normal,clear,none,feeder,nominal,day,slot-A,on-window,craneOK,true,crane_maintenance,berth-admission/current,1.0,44,base-crane
0,44,true,true,true,true,authority_conflict,normal,clear,none,feeder,nominal,day,slot-A,on-window,etaOnTime,true,ais_feed,berth-admission/current,1.0,44,base-eta
0,44,true,true,true,true,authority_conflict,normal,clear,none,feeder,nominal,day,slot-A,on-window,weatherSafe,true,port_safety,berth-admission/current,1.0,44,base-weather
0,44,true,true,true,true,authority_conflict,normal,clear,none,feeder,nominal,day,slot-A,on-window,ready,true,harbor_master,berth-admission/current,1.0,44,authoritative-local
0,44,true,true,true,true,authority_conflict,normal,clear,none,feeder,nominal,day,slot-A,on-window,ready,false,strategic_plan,berth-admission/planning,1.0,44,lower-plan
0,45,true,true,false,true,freshness_conflict,normal,clear,none,feeder,nominal,day,slot-A,on-window,ready,true,harbor_master,berth-admission/current,1.0,45,base-ready
0,45,true,true,false,true,freshness_conflict,normal,clear,none,feeder,nominal,day,slot-A,on-window,craneOK,true,crane_maintenance,berth-admission/current,1.0,45,base-crane
0,45,true,true,false,true,freshness_conflict,normal,clear,none,feeder,nominal,day,slot-A,on-window,weatherSafe,true,port_safety,berth-admission/current,1.0,45,base-weather
0,45,true,true,false,true,freshness_conflict,normal,clear,none,feeder,nominal,day,slot-A,on-window,etaOnTime,false,ais_feed,berth-admission/current,1.0,45,fresh-ais
0,45,true,true,false,true,freshness_conflict,normal,clear,none,feeder,nominal,day,slot-A,on-window,etaOnTime,true,ais_feed,berth-admission/current,1.0,40,stale-ais
0,46,true,true,true,true,context_conflict,normal,clear,none,feeder,nominal,day,slot-A,on-window,craneOK,true,crane_maintenance,berth-admission/current,1.0,46,base-crane
0,46,true,true,true,true,context_conflict,normal,clear,none,feeder,nominal,day,slot-A,on-window,etaOnTime,true,ais_feed,berth-admission/current,1.0,46,base-eta
0,46,true,true,true,true,context_conflict,normal,clear,none,feeder,nominal,day,slot-A,on-window,weatherSafe,true,port_safety,berth-admission/current,1.0,46,base-weather
0,46,true,true,true,true,context_conflict,normal,clear,none,feeder,nominal,day,slot-A,on-window,ready,true,terminal_ops,berth-admission/current,1.0,46,current-ops
0,46,true,true,true,true,context_conflict,normal,clear,none,feeder,nominal,day,slot-A,on-window,ready,false,terminal_ops,berth-admission/planning,1.0,47,planning-context
0,47,true,true,true,false,human_override,normal,clear,none,feeder,nominal,day,slot-A,on-window,ready,true,harbor_master,berth-admission/current,1.0,47,base-ready
0,47,true,true,true,false,human_override,normal,clear,none,feeder,nominal,day,slot-A,on-window,craneOK,true,crane_maintenance,berth-admission/current,1.0,47,base-crane
0,47,true,true,true,false,human_override,normal,clear,none,feeder,nominal,day,slot-A,on-window,etaOnTime,true,ais_feed,berth-admission/current,1.0,47,base-eta
0,47,true,true,true,false,human_override,normal,clear,none,feeder,nominal,day,slot-A,on-window,weatherSafe,false,human_dispatcher,berth-admission/current,1.0,47,human-override
0,47,true,true,true,false,human_override,normal,clear,none,feeder,nominal,day,slot-A,on-window,weatherSafe,true,approved_weather_feed,berth-admission/current,1.0,47,feed-conflict
0,48,true,true,true,true,authority_conflict,normal,clear,none,feeder,nominal,day,slot-A,on-window,craneOK,true,crane_maintenance,berth-admission/current,1.0,48,base-crane
0,48,true,true,true,true,authority_conflict,normal,clear,none,feeder,nominal,day,slot-A,on-window,etaOnTime,true,ais_feed,berth-admission/current,1.0,48,base-eta
0,48,true,true,true,true,authority_conflict,normal,clear,none,feeder,nominal,day,slot-A,on-window,weatherSafe,true,port_safety,berth-admission/current,1.0,48,base-weather
0,48,true,true,true,true,authority_conflict,normal,clear,none,feeder,nominal,day,slot-A,on-window,ready,true,harbor_master,berth-admission/current,1.0,48,authoritative-local
0,48,true,true,true,true,authority_conflict,normal,clear,none,feeder,nominal,day,slot-A,on-window,ready,false,strategic_plan,berth-admission/planning,1.0,48,lower-plan
0,49,true,true,false,true,freshness_conflict,normal,clear,none,feeder,nominal,day,slot-A,on-window,ready,true,harbor_master,berth-admission/current,1.0,49,base-ready
0,49,true,true,false,true,freshness_conflict,normal,clear,none,feeder,nominal,day,slot-A,on-window,craneOK,true,crane_maintenance,berth-admission/current,1.0,49,base-crane
0,49,true,true,false,true,freshness_conflict,normal,clear,none,feeder,nominal,day,slot-A,on-window,weatherSafe,true,port_safety,berth-admission/current,1.0,49,base-weather
0,49,true,true,false,true,freshness_conflict,normal,clear,none,feeder,nominal,day,slot-A,on-window,etaOnTime,false,ais_feed,berth-admission/current,1.0,49,fresh-ais
0,49,true,true,false,true,freshness_conflict,normal,clear,none,feeder,nominal,day,slot-A,on-window,etaOnTime,true,ais_feed,berth-admission/current,1.0,44,stale-ais
0,50,false,true,true,true,context_conflict,normal,clear,none,feeder,nominal,day,slot-A,on-window,craneOK,true,crane_maintenance,berth-admission/current,1.0,50,base-crane
0,50,false,true,true,true,context_conflict,normal,clear,none,feeder,nominal,day,slot-A,on-window,etaOnTime,true,ais_feed,berth-admission/current,1.0,50,base-eta
0,50,false,true,true,true,context_conflict,normal,clear,none,feeder,nominal,day,slot-A,on-window,weatherSafe,true,port_safety,berth-admission/current,1.0,50,base-weather
0,50,false,true,true,true,context_conflict,normal,clear,none,feeder,nominal,day,slot-A,on-window,ready,false,terminal_ops,berth-admission/current,1.0,50,current-ops
0,50,false,true,true,true,context_conflict,normal,clear,none,feeder,nominal,day,slot-A,on-window,ready,true,terminal_ops,berth-admission/planning,1.0,51,planning-context
0,51,true,true,true,true,human_override,normal,clear,none,feeder,nominal,day,slot-A,on-window,ready,true,harbor_master,berth-admission/current,1.0,51,base-ready
0,51,true,true,true,true,human_override,normal,clear,none,feeder,nominal,day,slot-A,on-window,craneOK,true,crane_maintenance,berth-admission/current,1.0,51,base-crane
0,51,true,true,true,true,human_override,normal,clear,none,feeder,nominal,day,slot-A,on-window,etaOnTime,true,ais_feed,berth-admission/current,1.0,51,base-eta
0,51,true,true,true,true,human_override,normal,clear,none,feeder,nominal,day,slot-A,on-window,weatherSafe,true,human_dispatcher,berth-admission/current,1.0,51,human-override
0,51,true,true,true,true,human_override,normal,clear,none,feeder,nominal,day,slot-A,on-window,weatherSafe,false,approved_weather_feed,berth-admission/current,1.0,51,feed-conflict
0,52,true,true,true,true,authority_conflict,normal,clear,none,feeder,nominal,day,slot-A,on-window,craneOK,true,crane_maintenance,berth-admission/current,1.0,52,base-crane
0,52,true,true,true,true,authority_conflict,normal,clear,none,feeder,nominal,day,slot-A,on-window,etaOnTime,true,ais_feed,berth-admission/current,1.0,52,base-eta
0,52,true,true,true,true,authority_conflict,normal,clear,none,feeder,nominal,day,slot-A,on-window,weatherSafe,true,port_safety,berth-admission/current,1.0,52,base-weather
0,52,true,true,true,true,authority_conflict,normal,clear,none,feeder,nominal,day,slot-A,on-window,ready,true,harbor_master,berth-admission/current,1.0,52,authoritative-local
0,52,true,true,true,true,authority_conflict,normal,clear,none,feeder,nominal,day,slot-A,on-window,ready,false,strategic_plan,berth-admission/planning,1.0,52,lower-plan
0,53,true,true,true,true,freshness_conflict,normal,clear,none,feeder,nominal,day,slot-A,on-window,ready,true,harbor_master,berth-admission/current,1.0,53,base-ready
0,53,true,true,true,true,freshness_conflict,normal,clear,none,feeder,nominal,day,slot-A,on-window,craneOK,true,crane_maintenance,berth-admission/current,1.0,53,base-crane
0,53,true,true,true,true,freshness_conflict,normal,clear,none,feeder,nominal,day,slot-A,on-window,weatherSafe,true,port_safety,berth-admission/current,1.0,53,base-weather
0,53,true,true,true,true,freshness_conflict,normal,clear,none,feeder,nominal,day,slot-A,on-window,etaOnTime,true,ais_feed,berth-admission/current,1.0,53,fresh-ais
0,53,true,true,true,true,freshness_conflict,normal,clear,none,feeder,nominal,day,slot-A,on-window,etaOnTime,false,ais_feed,berth-admission/current,1.0,48,stale-ais
0,54,false,true,true,true,context_conflict,normal,clear,none,feeder,nominal,day,slot-A,on-window,craneOK,true,crane_maintenance,berth-admission/current,1.0,54,base-crane
0,54,false,true,true,true,context_conflict,normal,clear,none,feeder,nominal,day,slot-A,on-window,etaOnTime,true,ais_feed,berth-admission/current,1.0,54,base-eta
0,54,false,true,true,true,context_conflict,normal,clear,none,feeder,nominal,day,slot-A,on-window,weatherSafe,true,port_safety,berth-admission/current,1.0,54,base-weather
0,54,false,true,true,true,context_conflict,normal,clear,none,feeder,nominal,day,slot-A,on-window,ready,false,terminal_ops,berth-admission/current,1.0,54,current-ops
0,54,false,true,true,true,context_conflict,normal,clear,none,feeder,nominal,day,slot-A,on-window,ready,true,terminal_ops,berth-admission/planning,1.0,55,planning-context
0,55,true,true,true,false,human_override,normal,clear,none,feeder,nominal,day,slot-A,on-window,ready,true,harbor_master,berth-admission/current,1.0,55,base-ready
0,55,true,true,true,false,human_override,normal,clear,none,feeder,nominal,day,slot-A,on-window,craneOK,true,crane_maintenance,berth-admission/current,1.0,55,base-crane
0,55,true,true,true,false,human_override,normal,clear,none,feeder,nominal,day,slot-A,on-window,etaOnTime,true,ais_feed,berth-admission/current,1.0,55,base-eta
0,55,true,true,true,false,human_override,normal,clear,none,feeder,nominal,day,slot-A,on-window,weatherSafe,false,human_dispatcher,berth-admission/current,1.0,55,human-override
0,55,true,true,true,false,human_override,normal,clear,none,feeder,nominal,day,slot-A,on-window,weatherSafe,true,approved_weather_feed,berth-admission/current,1.0,55,feed-conflict
0,56,true,true,true,true,authority_conflict,normal,clear,none,feeder,nominal,day,slot-A,on-window,craneOK,true,crane_maintenance,berth-admission/current,1.0,56,base-crane
0,56,true,true,true,true,authority_conflict,normal,clear,none,feeder,nominal,day,slot-A,on-window,etaOnTime,true,ais_feed,berth-admission/current,1.0,56,base-eta
0,56,true,true,true,true,authority_conflict,normal,clear,none,feeder,nominal,day,slot-A,on-window,weatherSafe,true,port_safety,berth-admission/current,1.0,56,base-weather
0,56,true,true,true,true,authority_conflict,normal,clear,none,feeder,nominal,day,slot-A,on-window,ready,true,harbor_master,berth-admission/current,1.0,56,authoritative-local
0,56,true,true,true,true,authority_conflict,normal,clear,none,feeder,nominal,day,slot-A,on-window,ready,false,strategic_plan,berth-admission/planning,1.0,56,lower-plan
0,57,true,true,false,true,freshness_conflict,normal,clear,none,feeder,nominal,day,slot-A,on-window,ready,true,harbor_master,berth-admission/current,1.0,57,base-ready
0,57,true,true,false,true,freshness_conflict,normal,clear,none,feeder,nominal,day,slot-A,on-window,craneOK,true,crane_maintenance,berth-admission/current,1.0,57,base-crane
0,57,true,true,false,true,freshness_conflict,normal,clear,none,feeder,nominal,day,slot-A,on-window,weatherSafe,true,port_safety,berth-admission/current,1.0,57,base-weather
0,57,true,true,false,true,freshness_conflict,normal,clear,none,feeder,nominal,day,slot-A,on-window,etaOnTime,false,ais_feed,berth-admission/current,1.0,57,fresh-ais
0,57,true,true,false,true,freshness_conflict,normal,clear,none,feeder,nominal,day,slot-A,on-window,etaOnTime,true,ais_feed,berth-admission/current,1.0,52,stale-ais
0,58,false,true,true,true,context_conflict,normal,clear,none,feeder,nominal,day,slot-A,on-window,craneOK,true,crane_maintenance,berth-admission/current,1.0,58,base-crane
0,58,false,true,true,true,context_conflict,normal,clear,none,feeder,nominal,day,slot-A,on-window,etaOnTime,true,ais_feed,berth-admission/current,1.0,58,base-eta
0,58,false,true,true,true,context_conflict,normal,clear,none,feeder,nominal,day,slot-A,on-window,weatherSafe,true,port_safety,berth-admission/current,1.0,58,base-weather
0,58,false,true,true,true,context_conflict,normal,clear,none,feeder,nominal,day,slot-A,on-window,ready,false,terminal_ops,berth-admission/current,1.0,58,current-ops
0,58,false,true,true,true,context_conflict,normal,clear,none,feeder,nominal,day,slot-A,on-window,ready,true,terminal_ops,berth-admission/planning,1.0,59,planning-context
0,59,true,true,true,false,human_override,normal,clear,none,feeder,nominal,day,slot-A,on-window,ready,true,harbor_master,berth-admission/current,1.0,59,base-ready
0,59,true,true,true,false,human_override,normal,clear,none,feeder,nominal,day,slot-A,on-window,craneOK,true,crane_maintenance,berth-admission/current,1.0,59,base-crane
0,59,true,true,true,false,human_override,normal,clear,none,feeder,nominal,day,slot-A,on-window,etaOnTime,true,ais_feed,berth-admission/current,1.0,59,base-eta
0,59,true,true,true,false,human_override,normal,clear,none,feeder,nominal,day,slot-A,on-window,weatherSafe,false,human_dispatcher,berth-admission/current,1.0,59,human-override
0,59,true,true,true,false,human_override,normal,clear,none,feeder,nominal,day,slot-A,on-window,weatherSafe,true,approved_weather_feed,berth-admission/current,1.0,59,feed-conflict
0,60,false,true,true,true,authority_conflict,normal,clear,none,feeder,nominal,day,slot-A,on-window,craneOK,true,crane_maintenance,berth-admission/current,1.0,60,base-crane
0,60,false,true,true,true,authority_conflict,normal,clear,none,feeder,nominal,day,slot-A,on-window,etaOnTime,true,ais_feed,berth-admission/current,1.0,60,base-eta
0,60,false,true,true,true,authority_conflict,normal,clear,none,feeder,nominal,day,slot-A,on-window,weatherSafe,true,port_safety,berth-admission/current,1.0,60,base-weather
0,60,false,true,true,true,authority_conflict,normal,clear,none,feeder,nominal,day,slot-A,on-window,ready,false,harbor_master,berth-admission/current,1.0,60,authoritative-local
0,60,false,true,true,true,authority_conflict,normal,clear,none,feeder,nominal,day,slot-A,on-window,ready,true,strategic_plan,berth-admission/planning,1.0,60,lower-plan
0,61,true,true,false,true,freshness_conflict,normal,clear,none,feeder,nominal,day,slot-A,on-window,ready,true,harbor_master,berth-admission/current,1.0,61,base-ready
0,61,true,true,false,true,freshness_conflict,normal,clear,none,feeder,nominal,day,slot-A,on-window,craneOK,true,crane_maintenance,berth-admission/current,1.0,61,base-crane
0,61,true,true,false,true,freshness_conflict,normal,clear,none,feeder,nominal,day,slot-A,on-window,weatherSafe,true,port_safety,berth-admission/current,1.0,61,base-weather
0,61,true,true,false,true,freshness_conflict,normal,clear,none,feeder,nominal,day,slot-A,on-window,etaOnTime,false,ais_feed,berth-admission/current,1.0,61,fresh-ais
0,61,true,true,false,true,freshness_conflict,normal,clear,none,feeder,nominal,day,slot-A,on-window,etaOnTime,true,ais_feed,berth-admission/current,1.0,56,stale-ais
0,62,false,true,true,true,context_conflict,normal,clear,none,feeder,nominal,day,slot-A,on-window,craneOK,true,crane_maintenance,berth-admission/current,1.0,62,base-crane
0,62,false,true,true,true,context_conflict,normal,clear,none,feeder,nominal,day,slot-A,on-window,etaOnTime,true,ais_feed,berth-admission/current,1.0,62,base-eta
0,62,false,true,true,true,context_conflict,normal,clear,none,feeder,nominal,day,slot-A,on-window,weatherSafe,true,port_safety,berth-admission/current,1.0,62,base-weather
0,62,false,true,true,true,context_conflict,normal,clear,none,feeder,nominal,day,slot-A,on-window,ready,false,terminal_ops,berth-admission/current,1.0,62,current-ops
0,62,false,true,true,true,context_conflict,normal,clear,none,feeder,nominal,day,slot-A,on-window,ready,true,terminal_ops,berth-admission/planning,1.0,63,planning-context
0,63,true,true,true,false,human_override,normal,clear,none,feeder,nominal,day,slot-A,on-window,ready,true,harbor_master,berth-admission/current,1.0,63,base-ready
0,63,true,true,true,false,human_override,normal,clear,none,feeder,nominal,day,slot-A,on-window,craneOK,true,crane_maintenance,berth-admission/current,1.0,63,base-crane
0,63,true,true,true,false,human_override,normal,clear,none,feeder,nominal,day,slot-A,on-window,etaOnTime,true,ais_feed,berth-admission/current,1.0,63,base-eta
0,63,true,true,true,false,human_override,normal,clear,none,feeder,nominal,day,slot-A,on-window,weatherSafe,false,human_dispatcher,berth-admission/current,1.0,63,human-override
0,63,true,true,true,false,human_override,normal,clear,none,feeder,nominal,day,slot-A,on-window,weatherSafe,true,approved_weather_feed,berth-admission/current,1.0,63,feed-conflict
0,64,false,true,true,true,authority_conflict,normal,clear,none,feeder,nominal,day,slot-A,on-window,craneOK,true,crane_maintenance,berth-admission/current,1.0,64,base-crane
0,64,false,true,true,true,authority_conflict,normal,clear,none,feeder,nominal,day,slot-A,on-window,etaOnTime,true,ais_feed,berth-admission/current,1.0,64,base-eta
0,64,false,true,true,true,authority_conflict,normal,clear,none,feeder,nominal,day,slot-A,on-window,weatherSafe,true,port_safety,berth-admission/current,1.0,64,base-weather
0,64,false,true,true,true,authority_conflict,normal,clear,none,feeder,nominal,day,slot-A,on-window,ready,false,harbor_master,berth-admission/current,1.0,64,authoritative-local
0,64,false,true,true,true,authority_conflict,normal,clear,none,feeder,nominal,day,slot-A,on-window,ready,true,strategic_plan,berth-admission/planning,1.0,64,lower-plan
0,65,true,true,true,true,freshness_conflict,normal,clear,none,feeder,nominal,day,slot-A,on-window,ready,true,harbor_master,berth-admission/current,1.0,65,base-ready
0,65,true,true,true,true,freshness_conflict,normal,clear,none,feeder,nominal,day,slot-A,on-window,craneOK,true,crane_maintenance,berth-admission/current,1.0,65,base-crane
0,65,true,true,true,true,freshness_conflict,normal,clear,none,feeder,nominal,day,slot-A,on-window,weatherSafe,true,port_safety,berth-admission/current,1.0,65,base-weather
0,65,true,true,true,true,freshness_conflict,normal,clear,none,feeder,nominal,day,slot-A,on-window,etaOnTime,true,ais_feed,berth-admission/current,1.0,65,fresh-ais
0,65,true,true,true,true,freshness_conflict,normal,clear,none,feeder,nominal,day,slot-A,on-window,etaOnTime,false,ais_feed,berth-admission/current,1.0,60,stale-ais
0,66,false,true,true,true,context_conflict,normal,clear,none,feeder,nominal,day,slot-A,on-window,craneOK,true,crane_maintenance,berth-admission/current,1.0,66,base-crane
0,66,false,true,true,true,context_conflict,normal,clear,none,feeder,nominal,day,slot-A,on-window,etaOnTime,true,ais_feed,berth-admission/current,1.0,66,base-eta
0,66,false,true,true,true,context_conflict,normal,clear,none,feeder,nominal,day,slot-A,on-window,weatherSafe,true,port_safety,berth-admission/current,1.0,66,base-weather
0,66,false,true,true,true,context_conflict,normal,clear,none,feeder,nominal,day,slot-A,on-window,ready,false,terminal_ops,berth-admission/current,1.0,66,current-ops
0,66,false,true,true,true,context_conflict,normal,clear,none,feeder,nominal,day,slot-A,on-window,ready,true,terminal_ops,berth-admission/planning,1.0,67,planning-context
0,67,true,true,true,true,human_override,normal,clear,none,feeder,nominal,day,slot-A,on-window,ready,true,harbor_master,berth-admission/current,1.0,67,base-ready
0,67,true,true,true,true,human_override,normal,clear,none,feeder,nominal,day,slot-A,on-window,craneOK,true,crane_maintenance,berth-admission/current,1.0,67,base-crane
0,67,true,true,true,true,human_override,normal,clear,none,feeder,nominal,day,slot-A,on-window,etaOnTime,true,ais_feed,berth-admission/current,1.0,67,base-eta
0,67,true,true,true,true,human_override,normal,clear,none,feeder,nominal,day,slot-A,on-window,weatherSafe,true,human_dispatcher,berth-admission/current,1.0,67,human-override
0,67,true,true,true,true,human_override,normal,clear,none,feeder,nominal,day,slot-A,on-window,weatherSafe,false,approved_weather_feed,berth-admission/current,1.0,67,feed-conflict
0,68,false,true,true,true,authority_conflict,normal,clear,none,feeder,nominal,day,slot-A,on-window,craneOK,true,crane_maintenance,berth-admission/current,1.0,68,base-crane
0,68,false,true,true,true,authority_conflict,normal,clear,none,feeder,nominal,day,slot-A,on-window,etaOnTime,true,ais_feed,berth-admission/current,1.0,68,base-eta
0,68,false,true,true,true,authority_conflict,normal,clear,none,feeder,nominal,day,slot-A,on-window,weatherSafe,true,port_safety,berth-admission/current,1.0,68,base-weather
0,68,false,true,true,true,authority_conflict,normal,clear,none,feeder,nominal,day,slot-A,on-window,ready,false,harbor_master,berth-admission/current,1.0,68,authoritative-local
0,68,false,true,true,true,authority_conflict,normal,clear,none,feeder,nominal,day,slot-A,on-window,ready,true,strategic_plan,berth-admission/planning,1.0,68,lower-plan
0,69,true,true,true,true,freshness_conflict,normal,clear,none,feeder,nominal,day,slot-A,on-window,ready,true,harbor_master,berth-admission/current,1.0,69,base-ready
0,69,true,true,true,true,freshness_conflict,normal,clear,none,feeder,nominal,day,slot-A,on-window,craneOK,true,crane_maintenance,berth-admission/current,1.0,69,base-crane
0,69,true,true,true,true,freshness_conflict,normal,clear,none,feeder,nominal,day,slot-A,on-window,weatherSafe,true,port_safety,berth-admission/current,1.0,69,base-weather
0,69,true,true,true,true,freshness_conflict,normal,clear,none,feeder,nominal,day,slot-A,on-window,etaOnTime,true,ais_feed,berth-admission/current,1.0,69,fresh-ais
0,69,true,true,true,true,freshness_conflict,normal,clear,none,feeder,nominal,day,slot-A,on-window,etaOnTime,false,ais_feed,berth-admission/current,1.0,64,stale-ais
0,70,true,true,true,true,context_conflict,normal,clear,none,feeder,nominal,day,slot-A,on-window,craneOK,true,crane_maintenance,berth-admission/current,1.0,70,base-crane
0,70,true,true,true,true,context_conflict,normal,clear,none,feeder,nominal,day,slot-A,on-window,etaOnTime,true,ais_feed,berth-admission/current,1.0,70,base-eta
0,70,true,true,true,true,context_conflict,normal,clear,none,feeder,nominal,day,slot-A,on-window,weatherSafe,true,port_safety,berth-admission/current,1.0,70,base-weather
0,70,true,true,true,true,context_conflict,normal,clear,none,feeder,nominal,day,slot-A,on-window,ready,true,terminal_ops,berth-admission/current,1.0,70,current-ops
0,70,true,true,true,true,context_conflict,normal,clear,none,feeder,nominal,day,slot-A,on-window,ready,false,terminal_ops,berth-admission/planning,1.0,71,planning-context
0,71,true,true,true,true,human_override,normal,clear,none,feeder,nominal,day,slot-A,on-window,ready,true,harbor_master,berth-admission/current,1.0,71,base-ready
0,71,true,true,true,true,human_override,normal,clear,none,feeder,nominal,day,slot-A,on-window,craneOK,true,crane_maintenance,berth-admission/current,1.0,71,base-crane
0,71,true,true,true,true,human_override,normal,clear,none,feeder,nominal,day,slot-A,on-window,etaOnTime,true,ais_feed,berth-admission/current,1.0,71,base-eta
0,71,true,true,true,true,human_override,normal,clear,none,feeder,nominal,day,slot-A,on-window,weatherSafe,true,human_dispatcher,berth-admission/current,1.0,71,human-override
0,71,true,true,true,true,human_override,normal,clear,none,feeder,nominal,day,slot-A,on-window,weatherSafe,false,approved_weather_feed,berth-admission/current,1.0,71,feed-conflict
0,72,false,true,true,true,authority_conflict,normal,clear,none,feeder,nominal,day,slot-A,on-window,craneOK,true,crane_maintenance,berth-admission/current,1.0,72,base-crane
0,72,false,true,true,true,authority_conflict,normal,clear,none,feeder,nominal,day,slot-A,on-window,etaOnTime,true,ais_feed,berth-admission/current,1.0,72,base-eta
0,72,false,true,true,true,authority_conflict,normal,clear,none,feeder,nominal,day,slot-A,on-window,weatherSafe,true,port_safety,berth-admission/current,1.0,72,base-weather
0,72,false,true,true,true,authority_conflict,normal,clear,none,feeder,nominal,day,slot-A,on-window,ready,false,harbor_master,berth-admission/current,1.0,72,authoritative-local
0,72,false,true,true,true,authority_conflict,normal,clear,none,feeder,nominal,day,slot-A,on-window,ready,true,strategic_plan,berth-admission/planning,1.0,72,lower-plan
0,73,true,true,false,true,freshness_conflict,normal,clear,none,feeder,nominal,day,slot-A,on-window,ready,true,harbor_master,berth-admission/current,1.0,73,base-ready
0,73,true,true,false,true,freshness_conflict,normal,clear,none,feeder,nominal,day,slot-A,on-window,craneOK,true,crane_maintenance,berth-admission/current,1.0,73,base-crane
0,73,true,true,false,true,freshness_conflict,normal,clear,none,feeder,nominal,day,slot-A,on-window,weatherSafe,true,port_safety,berth-admission/current,1.0,73,base-weather
0,73,true,true,false,true,freshness_conflict,normal,clear,none,feeder,nominal,day,slot-A,on-window,etaOnTime,false,ais_feed,berth-admission/current,1.0,73,fresh-ais
0,73,true,true,false,true,freshness_conflict,normal,clear,none,feeder,nominal,day,slot-A,on-window,etaOnTime,true,ais_feed,berth-admission/current,1.0,68,stale-ais
0,74,true,true,true,true,context_conflict,normal,clear,none,feeder,nominal,day,slot-A,on-window,craneOK,true,crane_maintenance,berth-admission/current,1.0,74,base-crane
0,74,true,true,true,true,context_conflict,normal,clear,none,feeder,nominal,day,slot-A,on-window,etaOnTime,true,ais_feed,berth-admission/current,1.0,74,base-eta
0,74,true,true,true,true,context_conflict,normal,clear,none,feeder,nominal,day,slot-A,on-window,weatherSafe,true,port_safety,berth-admission/current,1.0,74,base-weather
0,74,true,true,true,true,context_conflict,normal,clear,none,feeder,nominal,day,slot-A,on-window,ready,true,terminal_ops,berth-admission/current,1.0,74,current-ops
0,74,true,true,true,true,context_conflict,normal,clear,none,feeder,nominal,day,slot-A,on-window,ready,false,terminal_ops,berth-admission/planning,1.0,75,planning-context
0,75,true,true,true,true,human_override,normal,clear,none,feeder,nominal,day,slot-A,on-window,ready,true,harbor_master,berth-admission/current,1.0,75,base-ready
0,75,true,true,true,true,human_override,normal,clear,none,feeder,nominal,day,slot-A,on-window,craneOK,true,crane_maintenance,berth-admission/current,1.0,75,base-crane
0,75,true,true,true,true,human_override,normal,clear,none,feeder,nominal,day,slot-A,on-window,etaOnTime,true,ais_feed,berth-admission/current,1.0,75,base-eta
0,75,true,true,true,true,human_override,normal,clear,none,feeder,nominal,day,slot-A,on-window,weatherSafe,true,human_dispatcher,berth-admission/current,1.0,75,human-override
0,75,true,true,true,true,human_override,normal,clear,none,feeder,nominal,day,slot-A,on-window,weatherSafe,false,approved_weather_feed,berth-admission/current,1.0,75,feed-conflict
0,76,false,true,true,true,authority_conflict,normal,clear,none,feeder,nominal,day,slot-A,on-window,craneOK,true,crane_maintenance,berth-admission/current,1.0,76,base-crane
0,76,false,true,true,true,authority_conflict,normal,clear,none,feeder,nominal,day,slot-A,on-window,etaOnTime,true,ais_feed,berth-admission/current,1.0,76,base-eta
0,76,false,true,true,true,authority_conflict,normal,clear,none,feeder,nominal,day,slot-A,on-window,weatherSafe,true,port_safety,berth-admission/current,1.0,76,base-weather
0,76,false,true,true,true,authority_conflict,normal,clear,none,feeder,nominal,day,slot-A,on-window,ready,false,harbor_master,berth-admission/current,1.0,76,authoritative-local
0,76,false,true,true,true,authority_conflict,normal,clear,none,feeder,nominal,day,slot-A,on-window,ready,true,strategic_plan,berth-admission/planning,1.0,76,lower-plan
0,77,true,true,false,true,freshness_conflict,normal,clear,none,feeder,nominal,day,slot-A,on-window,ready,true,harbor_master,berth-admission/current,1.0,77,base-ready
0,77,true,true,false,true,freshness_conflict,normal,clear,none,feeder,nominal,day,slot-A,on-window,craneOK,true,crane_maintenance,berth-admission/current,1.0,77,base-crane
0,77,true,true,false,true,freshness_conflict,normal,clear,none,feeder,nominal,day,slot-A,on-window,weatherSafe,true,port_safety,berth-admission/current,1.0,77,base-weather
0,77,true,true,false,true,freshness_conflict,normal,clear,none,feeder,nominal,day,slot-A,on-window,etaOnTime,false,ais_feed,berth-admission/current,1.0,77,fresh-ais
0,77,true,true,false,true,freshness_conflict,normal,clear,none,feeder,nominal,day,slot-A,on-window,etaOnTime,true,ais_feed,berth-admission/current,1.0,72,stale-ais
0,78,false,true,true,true,context_conflict,normal,clear,none,feeder,nominal,day,slot-A,on-window,craneOK,true,crane_maintenance,berth-admission/current,1.0,78,base-crane
0,78,false,true,true,true,context_conflict,normal,clear,none,feeder,nominal,day,slot-A,on-window,etaOnTime,true,ais_feed,berth-admission/current,1.0,78,base-eta
0,78,false,true,true,true,context_conflict,normal,clear,none,feeder,nominal,day,slot-A,on-window,weatherSafe,true,port_safety,berth-admission/current,1.0,78,base-weather
0,78,false,true,true,true,context_conflict,normal,clear,none,feeder,nominal,day,slot-A,on-window,ready,false,terminal_ops,berth-admission/current,1.0,78,current-ops
0,78,false,true,true,true,context_conflict,normal,clear,none,feeder,nominal,day,slot-A,on-window,ready,true,terminal_ops,berth-admission/planning,1.0,79,planning-context
0,79,true,true,true,false,human_override,normal,clear,none,feeder,nominal,day,slot-A,on-window,ready,true,harbor_master,berth-admission/current,1.0,79,base-ready
0,79,true,true,true,false,human_override,normal,clear,none,feeder,nominal,day,slot-A,on-window,craneOK,true,crane_maintenance,berth-admission/current,1.0,79,base-crane
0,79,true,true,true,false,human_override,normal,clear,none,feeder,nominal,day,slot-A,on-window,etaOnTime,true,ais_feed,berth-admission/current,1.0,79,base-eta
0,79,true,true,true,false,human_override,normal,clear,none,feeder,nominal,day,slot-A,on-window,weatherSafe,false,human_dispatcher,berth-admission/current,1.0,79,human-override
0,79,true,true,true,false,human_override,normal,clear,none,feeder,nominal,day,slot-A,on-window,weatherSafe,true,approved_weather_feed,berth-admission/current,1.0,79,feed-conflict
1,0,true,true,true,true,authority_conflict,normal,clear,none,feeder,nominal,day,slot-A,on-window,craneOK,true,crane_maintenance,berth-admission/current,1.0,0,base-crane
1,0,true,true,true,true,authority_conflict,normal,clear,none,feeder,nominal,day,slot-A,on-window,etaOnTime,true,ais_feed,berth-admission/current,1.0,0,base-eta
1,0,true,true,true,true,authority_conflict,normal,clear,none,feeder,nominal,day,slot-A,on-window,weatherSafe,true,port_safety,berth-admission/current,1.0,0,base-weather
1,0,true,true,true,true,authority_conflict,normal,clear,none,feeder,nominal,day,slot-A,on-window,ready,true,harbor_master,berth-admission/current,1.0,0,authoritative-local
1,0,true,true,true,true,authority_conflict,normal,clear,none,feeder,nominal,day,slot-A,on-window,ready,false,strategic_plan,berth-admission/planning,1.0,0,lower-plan
1,1,true,true,false,true,freshness_conflict,normal,clear,none,feeder,nominal,day,slot-A,on-window,ready,true,harbor_master,berth-admission/current,1.0,1,base-ready
1,1,true,true,false,true,freshness_conflict,normal,clear,none,feeder,nominal,day,slot-A,on-window,craneOK,true,crane_maintenance,berth-admission/current,1.0,1,base-crane
1,1,true,true,false,true,freshness_conflict,normal,clear,none,feeder,nominal,day,slot-A,on-window,weatherSafe,true,port_safety,berth-admission/current,1.0,1,base-weather
1,1,true,true,false,true,freshness_conflict,normal,clear,none,feeder,nominal,day,slot-A,on-window,etaOnTime,false,ais_feed,berth-admission/current,1.0,1,fresh-ais
1,1,true,true,false,true,freshness_conflict,normal,clear,none,feeder,nominal,day,slot-A,on-window,etaOnTime,true,ais_feed,berth-admission/current,1.0,-4,stale-ais
1,2,false,true,true,true,context_conflict,normal,clear,none,feeder,nominal,day,slot-A,on-window,craneOK,true,crane_maintenance,berth-admission/current,1.0,2,base-crane
1,2,false,true,true,true,context_conflict,normal,clear,none,feeder,nominal,day,slot-A,on-window,etaOnTime,true,ais_feed,berth-admission/current,1.0,2,base-eta
1,2,false,true,true,true,context_conflict,normal,clear,none,feeder,nominal,day,slot-A,on-window,weatherSafe,true,port_safety,berth-admission/current,1.0,2,base-weather
1,2,false,true,true,true,context_conflict,normal,clear,none,feeder,nominal,day,slot-A,on-window,ready,false,terminal_ops,berth-admission/current,1.0,2,current-ops
1,2,false,true,true,true,context_conflict,normal,clear,none,feeder,nominal,day,slot-A,on-window,ready,true,terminal_ops,berth-admission/planning,1.0,3,planning-context
1,3,true,true,true,true,human_override,normal,clear,none,feeder,nominal,day,slot-A,on-window,ready,true,harbor_master,berth-admission/current,1.0,3,base-ready
1,3,true,true,true,true,human_override,normal,clear,none,feeder,nominal,day,slot-A,on-window,craneOK,true,crane_maintenance,berth-admission/current,1.0,3,base-crane
1,3,true,true,true,true,human_override,normal,clear,none,feeder,nominal,day,slot-A,on-window,etaOnTime,true,ais_feed,berth-admission/current,1.0,3,base-eta
1,3,true,true,true,true,human_override,normal,clear,none,feeder,nominal,day,slot-A,on-window,weatherSafe,true,human_dispatcher,berth-admission/current,1.0,3,human-override
1,3,true,true,true,true,human_override,normal,clear,none,feeder,nominal,day,slot-A,on-window,weatherSafe,false,approved_weather_feed,berth-admission/current,1.0,3,feed-conflict
1,4,true,true,true,true,authority_conflict,normal,clear,none,feeder,nominal,day,slot-A,on-window,craneOK,true,crane_maintenance,berth-admission/current,1.0,4,base-crane
1,4,true,true,true,true,authority_conflict,normal,clear,none,feeder,nominal,day,slot-A,on-window,etaOnTime,true,ais_feed,berth-admission/current,1.0,4,base-eta
1,4,true,true,true,true,authority_conflict,normal,clear,none,feeder,nominal,day,slot-A,on-window,weatherSafe,true,port_safety,berth-admission/current,1.0,4,base-weather
1,4,true,true,true,true,authority_conflict,normal,clear,none,feeder,nominal,day,slot-A,on-window,ready,true,harbor_master,berth-admission/current,1.0,4,authoritative-local
1,4,true,true,true,true,authority_conflict,normal,clear,none,feeder,nominal,day,slot-A,on-window,ready,false,strategic_plan,berth-admission/planning,1.0,4,lower-plan
1,5,true,true,true,true,freshness_conflict,normal,clear,none,feeder,nominal,day,slot-A,on-window,ready,true,harbor_master,berth-admission/current,1.0,5,base-ready
1,5,true,true,true,true,freshness_conflict,normal,clear,none,feeder,nominal,day,slot-A,on-window,craneOK,true,crane_maintenance,berth-admission/current,1.0,5,base-crane
1,5,true,true,true,true,freshness_conflict,normal,clear,none,feeder,nominal,day,slot-A,on-window,weatherSafe,true,port_safety,berth-admission/current,1.0,5,base-weather
1,5,true,true,true,true,freshness_conflict,normal,clear,none,feeder,nominal,day,slot-A,on-window,etaOnTime,true,ais_feed,berth-admission/current,1.0,5,fresh-ais
1,5,true,true,true,true,freshness_conflict,normal,clear,none,feeder,nominal,day,slot-A,on-window,etaOnTime,false,ais_feed,berth-admission/current,1.0,0,stale-ais
1,6,false,true,true,true,context_conflict,normal,clear,none,feeder,nominal,day,slot-A,on-window,craneOK,true,crane_maintenance,berth-admission/current,1.0,6,base-crane
1,6,false,true,true,true,context_conflict,normal,clear,none,feeder,nominal,day,slot-A,on-window,etaOnTime,true,ais_feed,berth-admission/current,1.0,6,base-eta
1,6,false,true,true,true,context_conflict,normal,clear,none,feeder,nominal,day,slot-A,on-window,weatherSafe,true,port_safety,berth-admission/current,1.0,6,base-weather
1,6,false,true,true,true,context_conflict,normal,clear,none,feeder,nominal,day,slot-A,on-window,ready,false,terminal_ops,berth-admission/current,1.0,6,current-ops
1,6,false,true,true,true,context_conflict,normal,clear,none,feeder,nominal,day,slot-A,on-window,ready,true,terminal_ops,berth-admission/planning,1.0,7,planning-context
1,7,true,true,true,false,human_override,normal,clear,none,feeder,nominal,day,slot-A,on-window,ready,true,harbor_master,berth-admission/current,1.0,7,base-ready
1,7,true,true,true,false,human_override,normal,clear,none,feeder,nominal,day,slot-A,on-window,craneOK,true,crane_maintenance,berth-admission/current,1.0,7,base-crane
1,7,true,true,true,false,human_override,normal,clear,none,feeder,nominal,day,slot-A,on-window,etaOnTime,true,ais_feed,berth-admission/current,1.0,7,base-eta
1,7,true,true,true,false,human_override,normal,clear,none,feeder,nominal,day,slot-A,on-window,weatherSafe,false,human_dispatcher,berth-admission/current,1.0,7,human-override
1,7,true,true,true,false,human_override,normal,clear,none,feeder,nominal,day,slot-A,on-window,weatherSafe,true,approved_weather_feed,berth-admission/current,1.0,7,feed-conflict
1,8,true,true,true,true,authority_conflict,normal,clear,none,feeder,nominal,day,slot-A,on-window,craneOK,true,crane_maintenance,berth-admission/current,1.0,8,base-crane
1,8,true,true,true,true,authority_conflict,normal,clear,none,feeder,nominal,day,slot-A,on-window,etaOnTime,true,ais_feed,berth-admission/current,1.0,8,base-eta
1,8,true,true,true,true,authority_conflict,normal,clear,none,feeder,nominal,day,slot-A,on-window,weatherSafe,true,port_safety,berth-admission/current,1.0,8,base-weather
1,8,true,true,true,true,authority_conflict,normal,clear,none,feeder,nominal,day,slot-A,on-window,ready,true,harbor_master,berth-admission/current,1.0,8,authoritative-local
1,8,true,true,true,true,authority_conflict,normal,clear,none,feeder,nominal,day,slot-A,on-window,ready,false,strategic_plan,berth-admission/planning,1.0,8,lower-plan
1,9,true,true,true,true,freshness_conflict,normal,clear,none,feeder,nominal,day,slot-A,on-window,ready,true,harbor_master,berth-admission/current,1.0,9,base-ready
1,9,true,true,true,true,freshness_conflict,normal,clear,none,feeder,nominal,day,slot-A,on-window,craneOK,true,crane_maintenance,berth-admission/current,1.0,9,base-crane
1,9,true,true,true,true,freshness_conflict,normal,clear,none,feeder,nominal,day,slot-A,on-window,weatherSafe,true,port_safety,berth-admission/current,1.0,9,base-weather
1,9,true,true,true,true,freshness_conflict,normal,clear,none,feeder,nominal,day,slot-A,on-window,etaOnTime,true,ais_feed,berth-admission/current,1.0,9,fresh-ais
1,9,true,true,true,true,freshness_conflict,normal,clear,none,feeder,nominal,day,slot-A,on-window,etaOnTime,false,ais_feed,berth-admission/current,1.0,4,stale-ais
1,10,false,true,true,true,context_conflict,normal,clear,none,feeder,nominal,day,slot-A,on-window,craneOK,true,crane_maintenance,berth-admission/current,1.0,10,base-crane
1,10,false,true,true,true,context_conflict,normal,clear,none,feeder,nominal,day,slot-A,on-window,etaOnTime,true,ais_feed,berth-admission/current,1.0,10,base-eta
1,10,false,true,true,true,context_conflict,normal,clear,none,feeder,nominal,day,slot-A,on-window,weatherSafe,true,port_safety,berth-admission/current,1.0,10,base-weather
1,10,false,true,true,true,context_conflict,normal,clear,none,feeder,nominal,day,slot-A,on-window,ready,false,terminal_ops,berth-admission/current,1.0,10,current-ops
1,10,false,true,true,true,context_conflict,normal,clear,none,feeder,nominal,day,slot-A,on-window,ready,true,terminal_ops,berth-admission/planning,1.0,11,planning-context
1,11,true,true,true,true,human_override,normal,clear,none,feeder,nominal,day,slot-A,on-window,ready,true,harbor_master,berth-admission/current,1.0,11,base-ready
1,11,true,true,true,true,human_override,normal,clear,none,feeder,nominal,day,slot-A,on-window,craneOK,true,crane_maintenance,berth-admission/current,1.0,11,base-crane
1,11,true,true,true,true,human_override,normal,clear,none,feeder,nominal,day,slot-A,on-window,etaOnTime,true,ais_feed,berth-admission/current,1.0,11,base-eta
1,11,true,true,true,true,human_override,normal,clear,none,feeder,nominal,day,slot-A,on-window,weatherSafe,true,human_dispatcher,berth-admission/current,1.0,11,human-override
1,11,true,true,true,true,human_override,normal,clear,none,feeder,nominal,day,slot-A,on-window,weatherSafe,false,approved_weather_feed,berth-admission/current,1.0,11,feed-conflict
1,12,false,true,true,true,authority_conflict,normal,clear,none,feeder,nominal,day,slot-A,on-window,craneOK,true,crane_maintenance,berth-admission/current,1.0,12,base-crane
1,12,false,true,true,true,authority_conflict,normal,clear,none,feeder,nominal,day,slot-A,on-window,etaOnTime,true,ais_feed,berth-admission/current,1.0,12,base-eta
1,12,false,true,true,true,authority_conflict,normal,clear,none,feeder,nominal,day,slot-A,on-window,weatherSafe,true,port_safety,berth-admission/current,1.0,12,base-weather
1,12,false,true,true,true,authority_conflict,normal,clear,none,feeder,nominal,day,slot-A,on-window,ready,false,harbor_master,berth-admission/current,1.0,12,authoritative-local
1,12,false,true,true,true,authority_conflict,normal,clear,none,feeder,nominal,day,slot-A,on-window,ready,true,strategic_plan,berth-admission/planning,1.0,12,lower-plan
1,13,true,true,true,true,freshness_conflict,normal,clear,none,feeder,nominal,day,slot-A,on-window,ready,true,harbor_master,berth-admission/current,1.0,13,base-ready
1,13,true,true,true,true,freshness_conflict,normal,clear,none,feeder,nominal,day,slot-A,on-window,craneOK,true,crane_maintenance,berth-admission/current,1.0,13,base-crane
1,13,true,true,true,true,freshness_conflict,normal,clear,none,feeder,nominal,day,slot-A,on-window,weatherSafe,true,port_safety,berth-admission/current,1.0,13,base-weather
1,13,true,true,true,true,freshness_conflict,normal,clear,none,feeder,nominal,day,slot-A,on-window,etaOnTime,true,ais_feed,berth-admission/current,1.0,13,fresh-ais
1,13,true,true,true,true,freshness_conflict,normal,clear,none,feeder,nominal,day,slot-A,on-window,etaOnTime,false,ais_feed,berth-admission/current,1.0,8,stale-ais
1,14,true,true,true,true,context_conflict,normal,clear,none,feeder,nominal,day,slot-A,on-window,craneOK,true,crane_maintenance,berth-admission/current,1.0,14,base-crane
1,14,true,true,true,true,context_conflict,normal,clear,none,feeder,nominal,day,slot-A,on-window,etaOnTime,true,ais_feed,berth-admission/current,1.0,14,base-eta
1,14,true,true,true,true,context_conflict,normal,clear,none,feeder,nominal,day,slot-A,on-window,weatherSafe,true,port_safety,berth-admission/current,1.0,14,base-weather
1,14,true,true,true,true,context_conflict,normal,clear,none,feeder,nominal,day,slot-A,on-window,ready,true,terminal_ops,berth-admission/current,1.0,14,current-ops
1,14,true,true,true,true,context_conflict,normal,clear,none,feeder,nominal,day,slot-A,on-window,ready,false,terminal_ops,berth-admission/planning,1.0,15,planning-context
1,15,true,true,true,false,human_override,normal,clear,none,feeder,nominal,day,slot-A,on-window,ready,true,harbor_master,berth-admission/current,1.0,15,base-ready
1,15,true,true,true,false,human_override,normal,clear,none,feeder,nominal,day,slot-A,on-window,craneOK,true,crane_maintenance,berth-admission/current,1.0,15,base-crane
1,15,true,true,true,false,human_override,normal,clear,none,feeder,nominal,day,slot-A,on-window,etaOnTime,true,ais_feed,berth-admission/current,1.0,15,base-eta
1,15,true,true,true,false,human_override,normal,clear,none,feeder,nominal,day,slot-A,on-window,weatherSafe,false,human_dispatcher,berth-admission/current,1.0,15,human-override
1,15,true,true,true,false,human_override,normal,clear,none,feeder,nominal,day,slot-A,on-window,weatherSafe,true,approved_weather_feed,berth-admission/current,1.0,15,feed-conflict
1,16,true,true,true,true,authority_conflict,normal,clear,none,feeder,nominal,day,slot-A,on-window,craneOK,true,crane_maintenance,berth-admission/current,1.0,16,base-crane
1,16,true,true,true,true,authority_conflict,normal,clear,none,feeder,nominal,day,slot-A,on-window,etaOnTime,true,ais_feed,berth-admission/current,1.0,16,base-eta
1,16,true,true,true,true,authority_conflict,normal,clear,none,feeder,nominal,day,slot-A,on-window,weatherSafe,true,port_safety,berth-admission/current,1.0,16,base-weather
1,16,true,true,true,true,authority_conflict,normal,clear,none,feeder,nominal,day,slot-A,on-window,ready,true,harbor_master,berth-admission/current,1.0,16,authoritative-local
1,16,true,true,true,true,authority_conflict,normal,clear,none,feeder,nominal,day,slot-A,on-window,ready,false,strategic_plan,berth-admission/planning,1.0,16,lower-plan
1,17,true,true,false,true,freshness_conflict,normal,clear,none,feeder,nominal,day,slot-A,on-window,ready,true,harbor_master,berth-admission/current,1.0,17,base-ready
1,17,true,true,false,true,freshness_conflict,normal,clear,none,feeder,nominal,day,slot-A,on-window,craneOK,true,crane_maintenance,berth-admission/current,1.0,17,base-crane
1,17,true,true,false,true,freshness_conflict,normal,clear,none,feeder,nominal,day,slot-A,on-window,weatherSafe,true,port_safety,berth-admission/current,1.0,17,base-weather
1,17,true,true,false,true,freshness_conflict,normal,clear,none,feeder,nominal,day,slot-A,on-window,etaOnTime,false,ais_feed,berth-admission/current,1.0,17,fresh-ais
1,17,true,true,false,true,freshness_conflict,normal,clear,none,feeder,nominal,day,slot-A,on-window,etaOnTime,true,ais_feed,berth-admission/current,1.0,12,stale-ais
1,18,false,true,true,true,context_conflict,normal,clear,none,feeder,nominal,day,slot-A,on-window,craneOK,true,crane_maintenance,berth-admission/current,1.0,18,base-crane
1,18,false,true,true,true,context_conflict,normal,clear,none,feeder,nominal,day,slot-A,on-window,etaOnTime,true,ais_feed,berth-admission/current,1.0,18,base-eta
1,18,false,true,true,true,context_conflict,normal,clear,none,feeder,nominal,day,slot-A,on-window,weatherSafe,true,port_safety,berth-admission/current,1.0,18,base-weather
1,18,false,true,true,true,context_conflict,normal,clear,none,feeder,nominal,day,slot-A,on-window,ready,false,terminal_ops,berth-admission/current,1.0,18,current-ops
1,18,false,true,true,true,context_conflict,normal,clear,none,feeder,nominal,day,slot-A,on-window,ready,true,terminal_ops,berth-admission/planning,1.0,19,planning-context
1,19,true,true,true,true,human_override,normal,clear,none,feeder,nominal,day,slot-A,on-window,ready,true,harbor_master,berth-admission/current,1.0,19,base-ready
1,19,true,true,true,true,human_override,normal,clear,none,feeder,nominal,day,slot-A,on-window,craneOK,true,crane_maintenance,berth-admission/current,1.0,19,base-crane
1,19,true,true,true,true,human_override,normal,clear,none,feeder,nominal,day,slot-A,on-window,etaOnTime,true,ais_feed,berth-admission/current,1.0,19,base-eta
1,19,true,true,true,true,human_override,normal,clear,none,feeder,nominal,day,slot-A,on-window,weatherSafe,true,human_dispatcher,berth-admission/current,1.0,19,human-override
1,19,true,true,true,true,human_override,normal,clear,none,feeder,nominal,day,slot-A,on-window,weatherSafe,false,approved_weather_feed,berth-admission/current,1.0,19,feed-conflict
1,20,true,true,true,true,authority_conflict,normal,clear,none,feeder,nominal,day,slot-A,on-window,craneOK,true,crane_maintenance,berth-admission/current,1.0,20,base-crane
1,20,true,true,true,true,authority_conflict,normal,clear,none,feeder,nominal,day,slot-A,on-window,etaOnTime,true,ais_feed,berth-admission/current,1.0,20,base-eta
1,20,true,true,true,true,authority_conflict,normal,clear,none,feeder,nominal,day,slot-A,on-window,weatherSafe,true,port_safety,berth-admission/current,1.0,20,base-weather
1,20,true,true,true,true,authority_conflict,normal,clear,none,feeder,nominal,day,slot-A,on-window,ready,true,harbor_master,berth-admission/current,1.0,20,authoritative-local
1,20,true,true,true,true,authority_conflict,normal,clear,none,feeder,nominal,day,slot-A,on-window,ready,false,strategic_plan,berth-admission/planning,1.0,20,lower-plan
1,21,true,true,false,true,freshness_conflict,normal,clear,none,feeder,nominal,day,slot-A,on-window,ready,true,harbor_master,berth-admission/current,1.0,21,base-ready
1,21,true,true,false,true,freshness_conflict,normal,clear,none,feeder,nominal,day,slot-A,on-window,craneOK,true,crane_maintenance,berth-admission/current,1.0,21,base-crane
1,21,true,true,false,true,freshness_conflict,normal,clear,none,feeder,nominal,day,slot-A,on-window,weatherSafe,true,port_safety,berth-admission/current,1.0,21,base-weather
1,21,true,true,false,true,freshness_conflict,normal,clear,none,feeder,nominal,day,slot-A,on-window,etaOnTime,false,ais_feed,berth-admission/current,1.0,21,fresh-ais
1,21,true,true,false,true,freshness_conflict,normal,clear,none,feeder,nominal,day,slot-A,on-window,etaOnTime,true,ais_feed,berth-admission/current,1.0,16,stale-ais
1,22,false,true,true,true,context_conflict,normal,clear,none,feeder,nominal,day,slot-A,on-window,craneOK,true,crane_maintenance,berth-admission/current,1.0,22,base-crane
1,22,false,true,true,true,context_conflict,normal,clear,none,feeder,nominal,day,slot-A,on-window,etaOnTime,true,ais_feed,berth-admission/current,1.0,22,base-eta
1,22,false,true,true,true,context_conflict,normal,clear,none,feeder,nominal,day,slot-A,on-window,weatherSafe,true,port_safety,berth-admission/current,1.0,22,base-weather
1,22,false,true,true,true,context_conflict,normal,clear,none,feeder,nominal,day,slot-A,on-window,ready,false,terminal_ops,berth-admission/current,1.0,22,current-ops
1,22,false,true,true,true,context_conflict,normal,clear,none,feeder,nominal,day,slot-A,on-window,ready,true,terminal_ops,berth-admission/planning,1.0,23,planning-context
1,23,true,true,true,true,human_override,normal,clear,none,feeder,nominal,day,slot-A,on-window,ready,true,harbor_master,berth-admission/current,1.0,23,base-ready
1,23,true,true,true,true,human_override,normal,clear,none,feeder,nominal,day,slot-A,on-window,craneOK,true,crane_maintenance,berth-admission/current,1.0,23,base-crane
1,23,true,true,true,true,human_override,normal,clear,none,feeder,nominal,day,slot-A,on-window,etaOnTime,true,ais_feed,berth-admission/current,1.0,23,base-eta
1,23,true,true,true,true,human_override,normal,clear,none,feeder,nominal,day,slot-A,on-window,weatherSafe,true,human_dispatcher,berth-admission/current,1.0,23,human-override
1,23,true,true,true,true,human_override,normal,clear,none,feeder,nominal,day,slot-A,on-window,weatherSafe,false,approved_weather_feed,berth-admission/current,1.0,23,feed-conflict
1,24,true,true,true,true,authority_conflict,normal,clear,none,feeder,nominal,day,slot-A,on-window,craneOK,true,crane_maintenance,berth-admission/current,1.0,24,base-crane
1,24,true,true,true,true,authority_conflict,normal,clear,none,feeder,nominal,day,slot-A,on-window,etaOnTime,true,ais_feed,berth-admission/current,1.0,24,base-eta
1,24,true,true,true,true,authority_conflict,normal,clear,none,feeder,nominal,day,slot-A,on-window,weatherSafe,true,port_safety,berth-admission/current,1.0,24,base-weather
1,24,true,true,true,true,authority_conflict,normal,clear,none,feeder,nominal,day,slot-A,on-window,ready,true,harbor_master,berth-admission/current,1.0,24,authoritative-local
1,24,true,true,true,true,authority_conflict,normal,clear,none,feeder,nominal,day,slot-A,on-window,ready,false,strategic_plan,berth-admission/planning,1.0,24,lower-plan
1,25,true,true,true,true,freshness_conflict,normal,clear,none,feeder,nominal,day,slot-A,on-window,ready,true,harbor_master,berth-admission/current,1.0,25,base-ready
1,25,true,true,true,true,freshness_conflict,normal,clear,none,feeder,nominal,day,slot-A,on-window,craneOK,true,crane_maintenance,berth-admission/current,1.0,25,base-crane
1,25,true,true,true,true,freshness_conflict,normal,clear,none,feeder,nominal,day,slot-A,on-window,weatherSafe,true,port_safety,berth-admission/current,1.0,25,base-weather
1,25,true,true,true,true,freshness_conflict,normal,clear,none,feeder,nominal,day,slot-A,on-window,etaOnTime,true,ais_feed,berth-admission/current,1.0,25,fresh-ais
1,25,true,true,true,true,freshness_conflict,normal,clear,none,feeder,nominal,day,slot-A,on-window,etaOnTime,false,ais_feed,berth-admission/current,1.0,20,stale-ais
1,26,true,true,true,true,context_conflict,normal,clear,none,feeder,nominal,day,slot-A,on-window,craneOK,true,crane_maintenance,berth-admission/current,1.0,26,base-crane
1,26,true,true,true,true,context_conflict,normal,clear,none,feeder,nominal,day,slot-A,on-window,etaOnTime,true,ais_feed,berth-admission/current,1.0,26,base-eta
1,26,true,true,true,true,context_conflict,normal,clear,none,feeder,nominal,day,slot-A,on-window,weatherSafe,true,port_safety,berth-admission/current,1.0,26,base-weather
1,26,true,true,true,true,context_conflict,normal,clear,none,feeder,nominal,day,slot-A,on-window,ready,true,terminal_ops,berth-admission/current,1.0,26,current-ops
1,26,true,true,true,true,context_conflict,normal,clear,none,feeder,nominal,day,slot-A,on-window,ready,false,terminal_ops,berth-admission/planning,1.0,27,planning-context
1,27,true,true,true,true,human_override,normal,clear,none,feeder,nominal,day,slot-A,on-window,ready,true,harbor_master,berth-admission/current,1.0,27,base-ready
1,27,true,true,true,true,human_override,normal,clear,none,feeder,nominal,day,slot-A,on-window,craneOK,true,crane_maintenance,berth-admission/current,1.0,27,base-crane
1,27,true,true,true,true,human_override,normal,clear,none,feeder,nominal,day,slot-A,on-window,etaOnTime,true,ais_feed,berth-admission/current,1.0,27,base-eta
1,27,true,true,true,true,human_override,normal,clear,none,feeder,nominal,day,slot-A,on-window,weatherSafe,true,human_dispatcher,berth-admission/current,1.0,27,human-override
1,27,true,true,true,true,human_override,normal,clear,none,feeder,nominal,day,slot-A,on-window,weatherSafe,false,approved_weather_feed,berth-admission/current,1.0,27,feed-conflict
1,28,true,true,true,true,authority_conflict,normal,clear,none,feeder,nominal,day,slot-A,on-window,craneOK,true,crane_maintenance,berth-admission/current,1.0,28,base-crane
1,28,true,true,true,true,authority_conflict,normal,clear,none,feeder,nominal,day,slot-A,on-window,etaOnTime,true,ais_feed,berth-admission/current,1.0,28,base-eta
1,28,true,true,true,true,authority_conflict,normal,clear,none,feeder,nominal,day,slot-A,on-window,weatherSafe,true,port_safety,berth-admission/current,1.0,28,base-weather
1,28,true,true,true,true,authority_conflict,normal,clear,none,feeder,nominal,day,slot-A,on-window,ready,true,harbor_master,berth-admission/current,1.0,28,authoritative-local
1,28,true,true,true,true,authority_conflict,normal,clear,none,feeder,nominal,day,slot-A,on-window,ready,false,strategic_plan,berth-admission/planning,1.0,28,lower-plan
1,29,true,true,true,true,freshness_conflict,normal,clear,none,feeder,nominal,day,slot-A,on-window,ready,true,harbor_master,berth-admission/current,1.0,29,base-ready
1,29,true,true,true,true,freshness_conflict,normal,clear,none,feeder,nominal,day,slot-A,on-window,craneOK,true,crane_maintenance,berth-admission/current,1.0,29,base-crane
1,29,true,true,true,true,freshness_conflict,normal,clear,none,feeder,nominal,day,slot-A,on-window,weatherSafe,true,port_safety,berth-admission/current,1.0,29,base-weather
1,29,true,true,true,true,freshness_conflict,normal,clear,none,feeder,nominal,day,slot-A,on-window,etaOnTime,true,ais_feed,berth-admission/current,1.0,29,fresh-ais
1,29,true,true,true,true,freshness_conflict,normal,clear,none,feeder,nominal,day,slot-A,on-window,etaOnTime,false,ais_feed,berth-admission/current,1.0,24,stale-ais
1,30,true,true,true,true,context_conflict,normal,clear,none,feeder,nominal,day,slot-A,on-window,craneOK,true,crane_maintenance,berth-admission/current,1.0,30,base-crane
1,30,true,true,true,true,context_conflict,normal,clear,none,feeder,nominal,day,slot-A,on-window,etaOnTime,true,ais_feed,berth-admission/current,1.0,30,base-eta
1,30,true,true,true,true,context_conflict,normal,clear,none,feeder,nominal,day,slot-A,on-window,weatherSafe,true,port_safety,berth-admission/current,1.0,30,base-weather
1,30,true,true,true,true,context_conflict,normal,clear,none,feeder,nominal,day,slot-A,on-window,ready,true,terminal_ops,berth-admission/current,1.0,30,current-ops
1,30,true,true,true,true,context_conflict,normal,clear,none,feeder,nominal,day,slot-A,on-window,ready,false,terminal_ops,berth-admission/planning,1.0,31,planning-context
1,31,true,true,true,true,human_override,normal,clear,none,feeder,nominal,day,slot-A,on-window,ready,true,harbor_master,berth-admission/current,1.0,31,base-ready
1,31,true,true,true,true,human_override,normal,clear,none,feeder,nominal,day,slot-A,on-window,craneOK,true,crane_maintenance,berth-admission/current,1.0,31,base-crane
1,31,true,true,true,true,human_override,normal,clear,none,feeder,nominal,day,slot-A,on-window,etaOnTime,true,ais_feed,berth-admission/current,1.0,31,base-eta
1,31,true,true,true,true,human_override,normal,clear,none,feeder,nominal,day,slot-A,on-window,weatherSafe,true,human_dispatcher,berth-admission/current,1.0,31,human-override
1,31,true,true,true,true,human_override,normal,clear,none,feeder,nominal,day,slot-A,on-window,weatherSafe,false,approved_weather_feed,berth-admission/current,1.0,31,feed-conflict
1,32,true,true,true,true,authority_conflict,normal,clear,none,feeder,nominal,day,slot-A,on-window,craneOK,true,crane_maintenance,berth-admission/current,1.0,32,base-crane
1,32,true,true,true,true,authority_conflict,normal,clear,none,feeder,nominal,day,slot-A,on-window,etaOnTime,true,ais_feed,berth-admission/current,1.0,32,base-eta
1,32,true,true,true,true,authority_conflict,normal,clear,none,feeder,nominal,day,slot-A,on-window,weatherSafe,true,port_safety,berth-admission/current,1.0,32,base-weather
1,32,true,true,true,true,authority_conflict,normal,clear,none,feeder,nominal,day,slot-A,on-window,ready,true,harbor_master,berth-admission/current,1.0,32,authoritative-local
1,32,true,true,true,true,authority_conflict,normal,clear,none,feeder,nominal,day,slot-A,on-window,ready,false,strategic_plan,berth-admission/planning,1.0,32,lower-plan
1,33,true,true,true,true,freshness_conflict,normal,clear,none,feeder,nominal,day,slot-A,on-window,ready,true,harbor_master,berth-admission/current,1.0,33,base-ready
1,33,true,true,true,true,freshness_conflict,normal,clear,none,feeder,nominal,day,slot-A,on-window,craneOK,true,crane_maintenance,berth-admission/current,1.0,33,base-crane
1,33,true,true,true,true,freshness_conflict,normal,clear,none,feeder,nominal,day,slot-A,on-window,weatherSafe,true,port_safety,berth-admission/current,1.0,33,base-weather
1,33,true,true,true,true,freshness_conflict,normal,clear,none,feeder,nominal,day,slot-A,on-window,etaOnTime,true,ais_feed,berth-admission/current,1.0,33,fresh-ais
1,33,true,true,true,true,freshness_conflict,normal,clear,none,feeder,nominal,day,slot-A,on-window,etaOnTime,false,ais_feed,berth-admission/current,1.0,28,stale-ais
1,34,true,true,true,true,context_conflict,normal,clear,none,feeder,nominal,day,slot-A,on-window,craneOK,true,crane_maintenance,berth-admission/current,1.0,34,base-crane
1,34,true,true,true,true,context_conflict,normal,clear,none,feeder,nominal,day,slot-A,on-window,etaOnTime,true,ais_feed,berth-admission/current,1.0,34,base-eta
1,34,true,true,true,true,context_conflict,normal,clear,none,feeder,nominal,day,slot-A,on-window,weatherSafe,true,port_safety,berth-admission/current,1.0,34,base-weather
1,34,true,true,true,true,context_conflict,normal,clear,none,feeder,nominal,day,slot-A,on-window,ready,true,terminal_ops,berth-admission/current,1.0,34,current-ops
1,34,true,true,true,true,context_conflict,normal,clear,none,feeder,nominal,day,slot-A,on-window,ready,false,terminal_ops,berth-admission/planning,1.0,35,planning-context
1,35,true,true,true,true,human_override,normal,clear,none,feeder,nominal,day,slot-A,on-window,ready,true,harbor_master,berth-admission/current,1.0,35,base-ready
1,35,true,true,true,true,human_override,normal,clear,none,feeder,nominal,day,slot-A,on-window,craneOK,true,crane_maintenance,berth-admission/current,1.0,35,base-crane
1,35,true,true,true,true,human_override,normal,clear,none,feeder,nominal,day,slot-A,on-window,etaOnTime,true,ais_feed,berth-admission/current,1.0,35,base-eta
1,35,true,true,true,true,human_override,normal,clear,none,feeder,nominal,day,slot-A,on-window,weatherSafe,true,human_dispatcher,berth-admission/current,1.0,35,human-override
1,35,true,true,true,true,human_override,normal,clear,none,feeder,nominal,day,slot-A,on-window,weatherSafe,false,approved_weather_feed,berth-admission/current,1.0,35,feed-conflict
1,36,false,true,true,true,authority_conflict,normal,clear,none,feeder,nominal,day,slot-A,on-window,craneOK,true,crane_maintenance,berth-admission/current,1.0,36,base-crane
1,36,false,true,true,true,authority_conflict,normal,clear,none,feeder,nominal,day,slot-A,on-window,etaOnTime,true,ais_feed,berth-admission/current,1.0,36,base-eta
1,36,false,true,true,true,authority_conflict,normal,clear,none,feeder,nominal,day,slot-A,on-window,weatherSafe,true,port_safety,berth-admission/current,1.0,36,base-weather
1,36,false,true,true,true,authority_conflict,normal,clear,none,feeder,nominal,day,slot-A,on-window,ready,false,harbor_master,berth-admission/current,1.0,36,authoritative-local
1,36,false,true,true,true,authority_conflict,normal,clear,none,feeder,nominal,day,slot-A,on-window,ready,true,strategic_plan,berth-admission/planning,1.0,36,lower-plan
1,37,true,true,false,true,freshness_conflict,normal,clear,none,feeder,nominal,day,slot-A,on-window,ready,true,harbor_master,berth-admission/current,1.0,37,base-ready
1,37,true,true,false,true,freshness_conflict,normal,clear,none,feeder,nominal,day,slot-A,on-window,craneOK,true,crane_maintenance,berth-admission/current,1.0,37,base-crane
1,37,true,true,false,true,freshness_conflict,normal,clear,none,feeder,nominal,day,slot-A,on-window,weatherSafe,true,port_safety,berth-admission/current,1.0,37,base-weather
1,37,true,true,false,true,freshness_conflict,normal,clear,none,feeder,nominal,day,slot-A,on-window,etaOnTime,false,ais_feed,berth-admission/current,1.0,37,fresh-ais
1,37,true,true,false,true,freshness_conflict,normal,clear,none,feeder,nominal,day,slot-A,on-window,etaOnTime,true,ais_feed,berth-admission/current,1.0,32,stale-ais
1,38,false,true,true,true,context_conflict,normal,clear,none,feeder,nominal,day,slot-A,on-window,craneOK,true,crane_maintenance,berth-admission/current,1.0,38,base-crane
1,38,false,true,true,true,context_conflict,normal,clear,none,feeder,nominal,day,slot-A,on-window,etaOnTime,true,ais_feed,berth-admission/current,1.0,38,base-eta
1,38,false,true,true,true,context_conflict,normal,clear,none,feeder,nominal,day,slot-A,on-window,weatherSafe,true,port_safety,berth-admission/current,1.0,38,base-weather
1,38,false,true,true,true,context_conflict,normal,clear,none,feeder,nominal,day,slot-A,on-window,ready,false,terminal_ops,berth-admission/current,1.0,38,current-ops
1,38,false,true,true,true,context_conflict,normal,clear,none,feeder,nominal,day,slot-A,on-window,ready,true,terminal_ops,berth-admission/planning,1.0,39,planning-context
1,39,true,true,true,true,human_override,normal,clear,none,feeder,nominal,day,slot-A,on-window,ready,true,harbor_master,berth-admission/current,1.0,39,base-ready
1,39,true,true,true,true,human_override,normal,clear,none,feeder,nominal,day,slot-A,on-window,craneOK,true,crane_maintenance,berth-admission/current,1.0,39,base-crane
1,39,true,true,true,true,human_override,normal,clear,none,feeder,nominal,day,slot-A,on-window,etaOnTime,true,ais_feed,berth-admission/current,1.0,39,base-eta
1,39,true,true,true,true,human_override,normal,clear,none,feeder,nominal,day,slot-A,on-window,weatherSafe,true,human_dispatcher,berth-admission/current,1.0,39,human-override
1,39,true,true,true,true,human_override,normal,clear,none,feeder,nominal,day,slot-A,on-window,weatherSafe,false,approved_weather_feed,berth-admission/current,1.0,39,feed-conflict
1,40,false,true,true,true,authority_conflict,normal,clear,none,feeder,nominal,day,slot-A,on-window,craneOK,true,crane_maintenance,berth-admission/current,1.0,40,base-crane
1,40,false,true,true,true,authority_conflict,normal,clear,none,feeder,nominal,day,slot-A,on-window,etaOnTime,true,ais_feed,berth-admission/current,1.0,40,base-eta
1,40,false,true,true,true,authority_conflict,normal,clear,none,feeder,nominal,day,slot-A,on-window,weatherSafe,true,port_safety,berth-admission/current,1.0,40,base-weather
1,40,false,true,true,true,authority_conflict,normal,clear,none,feeder,nominal,day,slot-A,on-window,ready,false,harbor_master,berth-admission/current,1.0,40,authoritative-local
1,40,false,true,true,true,authority_conflict,normal,clear,none,feeder,nominal,day,slot-A,on-window,ready,true,strategic_plan,berth-admission/planning,1.0,40,lower-plan
1,41,true,true,false,true,freshness_conflict,normal,clear,none,feeder,nominal,day,slot-A,on-window,ready,true,harbor_master,berth-admission/current,1.0,41,base-ready
1,41,true,true,false,true,freshness_conflict,normal,clear,none,feeder,nominal,day,slot-A,on-window,craneOK,true,crane_maintenance,berth-admission/current,1.0,41,base-crane
1,41,true,true,false,true,freshness_conflict,normal,clear,none,feeder,nominal,day,slot-A,on-window,weatherSafe,true,port_safety,berth-admission/current,1.0,41,base-weather
1,41,true,true,false,true,freshness_conflict,normal,clear,none,feeder,nominal,day,slot-A,on-window,etaOnTime,false,ais_feed,berth-admission/current,1.0,41,fresh-ais
1,41,true,true,false,true,freshness_conflict,normal,clear,none,feeder,nominal,day,slot-A,on-window,etaOnTime,true,ais_feed,berth-admission/current,1.0,36,stale-ais
1,42,true,true,true,true,context_conflict,normal,clear,none,feeder,nominal,day,slot-A,on-window,craneOK,true,crane_maintenance,berth-admission/current,1.0,42,base-crane
1,42,true,true,true,true,context_conflict,normal,clear,none,feeder,nominal,day,slot-A,on-window,etaOnTime,true,ais_feed,berth-admission/current,1.0,42,base-eta
1,42,true,true,true,true,context_conflict,normal,clear,none,feeder,nominal,day,slot-A,on-window,weatherSafe,true,port_safety,berth-admission/current,1.0,42,base-weather
1,42,true,true,true,true,context_conflict,normal,clear,none,feeder,nominal,day,slot-A,on-window,ready,true,terminal_ops,berth-admission/current,1.0,42,current-ops
1,42,true,true,true,true,context_conflict,normal,clear,none,feeder,nominal,day,slot-A,on-window,ready,false,terminal_ops,berth-admission/planning,1.0,43,planning-context
1,43,true,true,true,true,human_override,normal,clear,none,feeder,nominal,day,slot-A,on-window,ready,true,harbor_master,berth-admission/current,1.0,43,base-ready
1,43,true,true,true,true,human_override,normal,clear,none,feeder,nominal,day,slot-A,on-window,craneOK,true,crane_maintenance,berth-admission/current,1.0,43,base-crane
1,43,true,true,true,true,human_override,normal,clear,none,feeder,nominal,day,slot-A,on-window,etaOnTime,true,ais_feed,berth-admission/current,1.0,43,base-eta
1,43,true,true,true,true,human_override,normal,clear,none,feeder,nominal,day,slot-A,on-window,weatherSafe,true,human_dispatcher,berth-admission/current,1.0,43,human-override
1,43,true,true,true,true,human_override,normal,clear,none,feeder,nominal,day,slot-A,on-window,weatherSafe,false,approved_weather_feed,berth-admission/current,1.0,43,feed-conflict
1,44,false,true,true,true,authority_conflict,normal,clear,none,feeder,nominal,day,slot-A,on-window,craneOK,true,crane_maintenance,berth-admission/current,1.0,44,base-crane
1,44,false,true,true,true,authority_conflict,normal,clear,none,feeder,nominal,day,slot-A,on-window,etaOnTime,true,ais_feed,berth-admission/current,1.0,44,base-eta
1,44,false,true,true,true,authority_conflict,normal,clear,none,feeder,nominal,day,slot-A,on-window,weatherSafe,true,port_safety,berth-admission/current,1.0,44,base-weather
1,44,false,true,true,true,authority_conflict,normal,clear,none,feeder,nominal,day,slot-A,on-window,ready,false,harbor_master,berth-admission/current,1.0,44,authoritative-local
1,44,false,true,true,true,authority_conflict,normal,clear,none,feeder,nominal,day,slot-A,on-window,ready,true,strategic_plan,berth-admission/planning,1.0,44,lower-plan
1,45,true,true,false,true,freshness_conflict,normal,clear,none,feeder,nominal,day,slot-A,on-window,ready,true,harbor_master,berth-admission/current,1.0,45,base-ready
1,45,true,true,false,true,freshness_conflict,normal,clear,none,feeder,nominal,day,slot-A,on-window,craneOK,true,crane_maintenance,berth-admission/current,1.0,45,base-crane
1,45,true,true,false,true,freshness_conflict,normal,clear,none,feeder,nominal,day,slot-A,on-window,weatherSafe,true,port_safety,berth-admission/current,1.0,45,base-weather
1,45,true,true,false,true,freshness_conflict,normal,clear,none,feeder,nominal,day,slot-A,on-window,etaOnTime,false,ais_feed,berth-admission/current,1.0,45,fresh-ais
1,45,true,true,false,true,freshness_conflict,normal,clear,none,feeder,nominal,day,slot-A,on-window,etaOnTime,true,ais_feed,berth-admission/current,1.0,40,stale-ais
1,46,false,true,true,true,context_conflict,normal,clear,none,feeder,nominal,day,slot-A,on-window,craneOK,true,crane_maintenance,berth-admission/current,1.0,46,base-crane
1,46,false,true,true,true,context_conflict,normal,clear,none,feeder,nominal,day,slot-A,on-window,etaOnTime,true,ais_feed,berth-admission/current,1.0,46,base-eta
1,46,false,true,true,true,context_conflict,normal,clear,none,feeder,nominal,day,slot-A,on-window,weatherSafe,true,port_safety,berth-admission/current,1.0,46,base-weather
1,46,false,true,true,true,context_conflict,normal,clear,none,feeder,nominal,day,slot-A,on-window,ready,false,terminal_ops,berth-admission/current,1.0,46,current-ops
1,46,false,true,true,true,context_conflict,normal,clear,none,feeder,nominal,day,slot-A,on-window,ready,true,terminal_ops,berth-admission/planning,1.0,47,planning-context
1,47,true,true,true,true,human_override,normal,clear,none,feeder,nominal,day,slot-A,on-window,ready,true,harbor_master,berth-admission/current,1.0,47,base-ready
1,47,true,true,true,true,human_override,normal,clear,none,feeder,nominal,day,slot-A,on-window,craneOK,true,crane_maintenance,berth-admission/current,1.0,47,base-crane
1,47,true,true,true,true,human_override,normal,clear,none,feeder,nominal,day,slot-A,on-window,etaOnTime,true,ais_feed,berth-admission/current,1.0,47,base-eta
1,47,true,true,true,true,human_override,normal,clear,none,feeder,nominal,day,slot-A,on-window,weatherSafe,true,human_dispatcher,berth-admission/current,1.0,47,human-override
1,47,true,true,true,true,human_override,normal,clear,none,feeder,nominal,day,slot-A,on-window,weatherSafe,false,approved_weather_feed,berth-admission/current,1.0,47,feed-conflict
1,48,false,true,true,true,authority_conflict,normal,clear,none,feeder,nominal,day,slot-A,on-window,craneOK,true,crane_maintenance,berth-admission/current,1.0,48,base-crane
1,48,false,true,true,true,authority_conflict,normal,clear,none,feeder,nominal,day,slot-A,on-window,etaOnTime,true,ais_feed,berth-admission/current,1.0,48,base-eta
1,48,false,true,true,true,authority_conflict,normal,clear,none,feeder,nominal,day,slot-A,on-window,weatherSafe,true,port_safety,berth-admission/current,1.0,48,base-weather
1,48,false,true,true,true,authority_conflict,normal,clear,none,feeder,nominal,day,slot-A,on-window,ready,false,harbor_master,berth-admission/current,1.0,48,authoritative-local
1,48,false,true,true,true,authority_conflict,normal,clear,none,feeder,nominal,day,slot-A,on-window,ready,true,strategic_plan,berth-admission/planning,1.0,48,lower-plan
1,49,true,true,false,true,freshness_conflict,normal,clear,none,feeder,nominal,day,slot-A,on-window,ready,true,harbor_master,berth-admission/current,1.0,49,base-ready
1,49,true,true,false,true,freshness_conflict,normal,clear,none,feeder,nominal,day,slot-A,on-window,craneOK,true,crane_maintenance,berth-admission/current,1.0,49,base-crane
1,49,true,true,false,true,freshness_conflict,normal,clear,none,feeder,nominal,day,slot-A,on-window,weatherSafe,true,port_safety,berth-admission/current,1.0,49,base-weather
1,49,true,true,false,true,freshness_conflict,normal,clear,none,feeder,nominal,day,slot-A,on-window,etaOnTime,false,ais_feed,berth-admission/current,1.0,49,fresh-ais
1,49,true,true,false,true,freshness_conflict,normal,clear,none,feeder,nominal,day,slot-A,on-window,etaOnTime,true,ais_feed,berth-admission/current,1.0,44,stale-ais
1,50,true,true,true,true,context_conflict,normal,clear,none,feeder,nominal,day,slot-A,on-window,craneOK,true,crane_maintenance,berth-admission/current,1.0,50,base-crane
1,50,true,true,true,true,context_conflict,normal,clear,none,feeder,nominal,day,slot-A,on-window,etaOnTime,true,ais_feed,berth-admission/current,1.0,50,base-eta
1,50,true,true,true,true,context_conflict,normal,clear,none,feeder,nominal,day,slot-A,on-window,weatherSafe,true,port_safety,berth-admission/current,1.0,50,base-weather
1,50,true,true,true,true,context_conflict,normal,clear,none,feeder,nominal,day,slot-A,on-window,ready,true,terminal_ops,berth-admission/current,1.0,50,current-ops
1,50,true,true,true,true,context_conflict,normal,clear,none,feeder,nominal,day,slot-A,on-window,ready,false,terminal_ops,berth-admission/planning,1.0,51,planning-context
1,51,true,true,true,false,human_override,normal,clear,none,feeder,nominal,day,slot-A,on-window,ready,true,harbor_master,berth-admission/current,1.0,51,base-ready
1,51,true,true,true,false,human_override,normal,clear,none,feeder,nominal,day,slot-A,on-window,craneOK,true,crane_maintenance,berth-admission/current,1.0,51,base-crane
1,51,true,true,true,false,human_override,normal,clear,none,feeder,nominal,day,slot-A,on-window,etaOnTime,true,ais_feed,berth-admission/current,1.0,51,base-eta
1,51,true,true,true,false,human_override,normal,clear,none,feeder,nominal,day,slot-A,on-window,weatherSafe,false,human_dispatcher,berth-admission/current,1.0,51,human-override
1,51,true,true,true,false,human_override,normal,clear,none,feeder,nominal,day,slot-A,on-window,weatherSafe,true,approved_weather_feed,berth-admission/current,1.0,51,feed-conflict
1,52,false,true,true,true,authority_conflict,normal,clear,none,feeder,nominal,day,slot-A,on-window,craneOK,true,crane_maintenance,berth-admission/current,1.0,52,base-crane
1,52,false,true,true,true,authority_conflict,normal,clear,none,feeder,nominal,day,slot-A,on-window,etaOnTime,true,ais_feed,berth-admission/current,1.0,52,base-eta
1,52,false,true,true,true,authority_conflict,normal,clear,none,feeder,nominal,day,slot-A,on-window,weatherSafe,true,port_safety,berth-admission/current,1.0,52,base-weather
1,52,false,true,true,true,authority_conflict,normal,clear,none,feeder,nominal,day,slot-A,on-window,ready,false,harbor_master,berth-admission/current,1.0,52,authoritative-local
1,52,false,true,true,true,authority_conflict,normal,clear,none,feeder,nominal,day,slot-A,on-window,ready,true,strategic_plan,berth-admission/planning,1.0,52,lower-plan
1,53,true,true,false,true,freshness_conflict,normal,clear,none,feeder,nominal,day,slot-A,on-window,ready,true,harbor_master,berth-admission/current,1.0,53,base-ready
1,53,true,true,false,true,freshness_conflict,normal,clear,none,feeder,nominal,day,slot-A,on-window,craneOK,true,crane_maintenance,berth-admission/current,1.0,53,base-crane
1,53,true,true,false,true,freshness_conflict,normal,clear,none,feeder,nominal,day,slot-A,on-window,weatherSafe,true,port_safety,berth-admission/current,1.0,53,base-weather
1,53,true,true,false,true,freshness_conflict,normal,clear,none,feeder,nominal,day,slot-A,on-window,etaOnTime,false,ais_feed,berth-admission/current,1.0,53,fresh-ais
1,53,true,true,false,true,freshness_conflict,normal,clear,none,feeder,nominal,day,slot-A,on-window,etaOnTime,true,ais_feed,berth-admission/current,1.0,48,stale-ais
1,54,false,true,true,true,context_conflict,normal,clear,none,feeder,nominal,day,slot-A,on-window,craneOK,true,crane_maintenance,berth-admission/current,1.0,54,base-crane
1,54,false,true,true,true,context_conflict,normal,clear,none,feeder,nominal,day,slot-A,on-window,etaOnTime,true,ais_feed,berth-admission/current,1.0,54,base-eta
1,54,false,true,true,true,context_conflict,normal,clear,none,feeder,nominal,day,slot-A,on-window,weatherSafe,true,port_safety,berth-admission/current,1.0,54,base-weather
1,54,false,true,true,true,context_conflict,normal,clear,none,feeder,nominal,day,slot-A,on-window,ready,false,terminal_ops,berth-admission/current,1.0,54,current-ops
1,54,false,true,true,true,context_conflict,normal,clear,none,feeder,nominal,day,slot-A,on-window,ready,true,terminal_ops,berth-admission/planning,1.0,55,planning-context
1,55,true,true,true,false,human_override,normal,clear,none,feeder,nominal,day,slot-A,on-window,ready,true,harbor_master,berth-admission/current,1.0,55,base-ready
1,55,true,true,true,false,human_override,normal,clear,none,feeder,nominal,day,slot-A,on-window,craneOK,true,crane_maintenance,berth-admission/current,1.0,55,base-crane
1,55,true,true,true,false,human_override,normal,clear,none,feeder,nominal,day,slot-A,on-window,etaOnTime,true,ais_feed,berth-admission/current,1.0,55,base-eta
1,55,true,true,true,false,human_override,normal,clear,none,feeder,nominal,day,slot-A,on-window,weatherSafe,false,human_dispatcher,berth-admission/current,1.0,55,human-override
1,55,true,true,true,false,human_override,normal,clear,none,feeder,nominal,day,slot-A,on-window,weatherSafe,true,approved_weather_feed,berth-admission/current,1.0,55,feed-conflict
1,56,true,true,true,true,authority_conflict,normal,clear,none,feeder,nominal,day,slot-A,on-window,craneOK,true,crane_maintenance,berth-admission/current,1.0,56,base-crane
1,56,true,true,true,true,authority_conflict,normal,clear,none,feeder,nominal,day,slot-A,on-window,etaOnTime,true,ais_feed,berth-admission/current,1.0,56,base-eta
1,56,true,true,true,true,authority_conflict,normal,clear,none,feeder,nominal,day,slot-A,on-window,weatherSafe,true,port_safety,berth-admission/current,1.0,56,base-weather
1,56,true,true,true,true,authority_conflict,normal,clear,none,feeder,nominal,day,slot-A,on-window,ready,true,harbor_master,berth-admission/current,1.0,56,authoritative-local
1,56,true,true,true,true,authority_conflict,normal,clear,none,feeder,nominal,day,slot-A,on-window,ready,false,strategic_plan,berth-admission/planning,1.0,56,lower-plan
1,57,true,true,true,true,freshness_conflict,normal,clear,none,feeder,nominal,day,slot-A,on-window,ready,true,harbor_master,berth-admission/current,1.0,57,base-ready
1,57,true,true,true,true,freshness_conflict,normal,clear,none,feeder,nominal,day,slot-A,on-window,craneOK,true,crane_maintenance,berth-admission/current,1.0,57,base-crane
1,57,true,true,true,true,freshness_conflict,normal,clear,none,feeder,nominal,day,slot-A,on-window,weatherSafe,true,port_safety,berth-admission/current,1.0,57,base-weather
1,57,true,true,true,true,freshness_conflict,normal,clear,none,feeder,nominal,day,slot-A,on-window,etaOnTime,true,ais_feed,berth-admission/current,1.0,57,fresh-ais
1,57,true,true,true,true,freshness_conflict,normal,clear,none,feeder,nominal,day,slot-A,on-window,etaOnTime,false,ais_feed,berth-admission/current,1.0,52,stale-ais
1,58,false,true,true,true,context_conflict,normal,clear,none,feeder,nominal,day,slot-A,on-window,craneOK,true,crane_maintenance,berth-admission/current,1.0,58,base-crane
1,58,false,true,true,true,context_conflict,normal,clear,none,feeder,nominal,day,slot-A,on-window,etaOnTime,true,ais_feed,berth-admission/current,1.0,58,base-eta
1,58,false,true,true,true,context_conflict,normal,clear,none,feeder,nominal,day,slot-A,on-window,weatherSafe,true,port_safety,berth-admission/current,1.0,58,base-weather
1,58,false,true,true,true,context_conflict,normal,clear,none,feeder,nominal,day,slot-A,on-window,ready,false,terminal_ops,berth-admission/current,1.0,58,current-ops
1,58,false,true,true,true,context_conflict,normal,clear,none,feeder,nominal,day,slot-A,on-window,ready,true,terminal_ops,berth-admission/planning,1.0,59,planning-context
1,59,true,true,true,true,human_override,normal,clear,none,feeder,nominal,day,slot-A,on-window,ready,true,harbor_master,berth-admission/current,1.0,59,base-ready
1,59,true,true,true,true,human_override,normal,clear,none,feeder,nominal,day,slot-A,on-window,craneOK,true,crane_maintenance,berth-admission/current,1.0,59,base-crane
1,59,true,true,true,true,human_override,normal,clear,none,feeder,nominal,day,slot-A,on-window,etaOnTime,true,ais_feed,berth-admission/current,1.0,59,base-eta
1,59,true,true,true,true,human_override,normal,clear,none,feeder,nominal,day,slot-A,on-window,weatherSafe,true,human_dispatcher,berth-admission/current,1.0,59,human-override
1,59,true,true,true,true,human_override,normal,clear,none,feeder,nominal,day,slot-A,on-window,weatherSafe,false,approved_weather_feed,berth-admission/current,1.0,59,feed-conflict
1,60,true,true,true,true,authority_conflict,normal,clear,none,feeder,nominal,day,slot-A,on-window,craneOK,true,crane_maintenance,berth-admission/current,1.0,60,base-crane
1,60,true,true,true,true,authority_conflict,normal,clear,none,feeder,nominal,day,slot-A,on-window,etaOnTime,true,ais_feed,berth-admission/current,1.0,60,base-eta
1,60,true,true,true,true,authority_conflict,normal,clear,none,feeder,nominal,day,slot-A,on-window,weatherSafe,true,port_safety,berth-admission/current,1.0,60,base-weather
1,60,true,true,true,true,authority_conflict,normal,clear,none,feeder,nominal,day,slot-A,on-window,ready,true,harbor_master,berth-admission/current,1.0,60,authoritative-local
1,60,true,true,true,true,authority_conflict,normal,clear,none,feeder,nominal,day,slot-A,on-window,ready,false,strategic_plan,berth-admission/planning,1.0,60,lower-plan
1,61,true,true,false,true,freshness_conflict,normal,clear,none,feeder,nominal,day,slot-A,on-window,ready,true,harbor_master,berth-admission/current,1.0,61,base-ready
1,61,true,true,false,true,freshness_conflict,normal,clear,none,feeder,nominal,day,slot-A,on-window,craneOK,true,crane_maintenance,berth-admission/current,1.0,61,base-crane
1,61,true,true,false,true,freshness_conflict,normal,clear,none,feeder,nominal,day,slot-A,on-window,weatherSafe,true,port_safety,berth-admission/current,1.0,61,base-weather
1,61,true,true,false,true,freshness_conflict,normal,clear,none,feeder,nominal,day,slot-A,on-window,etaOnTime,false,ais_feed,berth-admission/current,1.0,61,fresh-ais
1,61,true,true,false,true,freshness_conflict,normal,clear,none,feeder,nominal,day,slot-A,on-window,etaOnTime,true,ais_feed,berth-admission/current,1.0,56,stale-ais
1,62,false,true,true,true,context_conflict,normal,clear,none,feeder,nominal,day,slot-A,on-window,craneOK,true,crane_maintenance,berth-admission/current,1.0,62,base-crane
1,62,false,true,true,true,context_conflict,normal,clear,none,feeder,nominal,day,slot-A,on-window,etaOnTime,true,ais_feed,berth-admission/current,1.0,62,base-eta
1,62,false,true,true,true,context_conflict,normal,clear,none,feeder,nominal,day,slot-A,on-window,weatherSafe,true,port_safety,berth-admission/current,1.0,62,base-weather
1,62,false,true,true,true,context_conflict,normal,clear,none,feeder,nominal,day,slot-A,on-window,ready,false,terminal_ops,berth-admission/current,1.0,62,current-ops
1,62,false,true,true,true,context_conflict,normal,clear,none,feeder,nominal,day,slot-A,on-window,ready,true,terminal_ops,berth-admission/planning,1.0,63,planning-context
1,63,true,true,true,false,human_override,normal,clear,none,feeder,nominal,day,slot-A,on-window,ready,true,harbor_master,berth-admission/current,1.0,63,base-ready
1,63,true,true,true,false,human_override,normal,clear,none,feeder,nominal,day,slot-A,on-window,craneOK,true,crane_maintenance,berth-admission/current,1.0,63,base-crane
1,63,true,true,true,false,human_override,normal,clear,none,feeder,nominal,day,slot-A,on-window,etaOnTime,true,ais_feed,berth-admission/current,1.0,63,base-eta
1,63,true,true,true,false,human_override,normal,clear,none,feeder,nominal,day,slot-A,on-window,weatherSafe,false,human_dispatcher,berth-admission/current,1.0,63,human-override
1,63,true,true,true,false,human_override,normal,clear,none,feeder,nominal,day,slot-A,on-window,weatherSafe,true,approved_weather_feed,berth-admission/current,1.0,63,feed-conflict
1,64,true,true,true,true,authority_conflict,normal,clear,none,feeder,nominal,day,slot-A,on-window,craneOK,true,crane_maintenance,berth-admission/current,1.0,64,base-crane
1,64,true,true,true,true,authority_conflict,normal,clear,none,feeder,nominal,day,slot-A,on-window,etaOnTime,true,ais_feed,berth-admission/current,1.0,64,base-eta
1,64,true,true,true,true,authority_conflict,normal,clear,none,feeder,nominal,day,slot-A,on-window,weatherSafe,true,port_safety,berth-admission/current,1.0,64,base-weather
1,64,true,true,true,true,authority_conflict,normal,clear,none,feeder,nominal,day,slot-A,on-window,ready,true,harbor_master,berth-admission/current,1.0,64,authoritative-local
1,64,true,true,true,true,authority_conflict,normal,clear,none,feeder,nominal,day,slot-A,on-window,ready,false,strategic_plan,berth-admission/planning,1.0,64,lower-plan
1,65,true,true,true,true,freshness_conflict,normal,clear,none,feeder,nominal,day,slot-A,on-window,ready,true,harbor_master,berth-admission/current,1.0,65,base-ready
1,65,true,true,true,true,freshness_conflict,normal,clear,none,feeder,nominal,day,slot-A,on-window,craneOK,true,crane_maintenance,berth-admission/current,1.0,65,base-crane
1,65,true,true,true,true,freshness_conflict,normal,clear,none,feeder,nominal,day,slot-A,on-window,weatherSafe,true,port_safety,berth-admission/current,1.0,65,base-weather
1,65,true,true,true,true,freshness_conflict,normal,clear,none,feeder,nominal,day,slot-A,on-window,etaOnTime,true,ais_feed,berth-admission/current,1.0,65,fresh-ais
1,65,true,true,true,true,freshness_conflict,normal,clear,none,feeder,nominal,day,slot-A,on-window,etaOnTime,false,ais_feed,berth-admission/current,1.0,60,stale-ais
1,66,false,true,true,true,context_conflict,normal,clear,none,feeder,nominal,day,slot-A,on-window,craneOK,true,crane_maintenance,berth-admission/current,1.0,66,base-crane
1,66,false,true,true,true,context_conflict,normal,clear,none,feeder,nominal,day,slot-A,on-window,etaOnTime,true,ais_feed,berth-admission/current,1.0,66,base-eta
1,66,false,true,true,true,context_conflict,normal,clear,none,feeder,nominal,day,slot-A,on-window,weatherSafe,true,port_safety,berth-admission/current,1.0,66,base-weather
1,66,false,true,true,true,context_conflict,normal,clear,none,feeder,nominal,day,slot-A,on-window,ready,false,terminal_ops,berth-admission/current,1.0,66,current-ops
1,66,false,true,true,true,context_conflict,normal,clear,none,feeder,nominal,day,slot-A,on-window,ready,true,terminal_ops,berth-admission/planning,1.0,67,planning-context
1,67,true,true,true,false,human_override,normal,clear,none,feeder,nominal,day,slot-A,on-window,ready,true,harbor_master,berth-admission/current,1.0,67,base-ready
1,67,true,true,true,false,human_override,normal,clear,none,feeder,nominal,day,slot-A,on-window,craneOK,true,crane_maintenance,berth-admission/current,1.0,67,base-crane
1,67,true,true,true,false,human_override,normal,clear,none,feeder,nominal,day,slot-A,on-window,etaOnTime,true,ais_feed,berth-admission/current,1.0,67,base-eta
1,67,true,true,true,false,human_override,normal,clear,none,feeder,nominal,day,slot-A,on-window,weatherSafe,false,human_dispatcher,berth-admission/current,1.0,67,human-override
1,67,true,true,true,false,human_override,normal,clear,none,feeder,nominal,day,slot-A,on-window,weatherSafe,true,approved_weather_feed,berth-admission/current,1.0,67,feed-conflict
1,68,false,true,true,true,authority_conflict,normal,clear,none,feeder,nominal,day,slot-A,on-window,craneOK,true,crane_maintenance,berth-admission/current,1.0,68,base-crane
1,68,false,true,true,true,authority_conflict,normal,clear,none,feeder,nominal,day,slot-A,on-window,etaOnTime,true,ais_feed,berth-admission/current,1.0,68,base-eta
1,68,false,true,true,true,authority_conflict,normal,clear,none,feeder,nominal,day,slot-A,on-window,weatherSafe,true,port_safety,berth-admission/current,1.0,68,base-weather
1,68,false,true,true,true,authority_conflict,normal,clear,none,feeder,nominal,day,slot-A,on-window,ready,false,harbor_master,berth-admission/current,1.0,68,authoritative-local
1,68,false,true,true,true,authority_conflict,normal,clear,none,feeder,nominal,day,slot-A,on-window,ready,true,strategic_plan,berth-admission/planning,1.0,68,lower-plan
1,69,true,true,true,true,freshness_conflict,normal,clear,none,feeder,nominal,day,slot-A,on-window,ready,true,harbor_master,berth-admission/current,1.0,69,base-ready
1,69,true,true,true,true,freshness_conflict,normal,clear,none,feeder,nominal,day,slot-A,on-window,craneOK,true,crane_maintenance,berth-admission/current,1.0,69,base-crane
1,69,true,true,true,true,freshness_conflict,normal,clear,none,feeder,nominal,day,slot-A,on-window,weatherSafe,true,port_safety,berth-admission/current,1.0,69,base-weather
1,69,true,true,true,true,freshness_conflict,normal,clear,none,feeder,nominal,day,slot-A,on-window,etaOnTime,true,ais_feed,berth-admission/current,1.0,69,fresh-ais
1,69,true,true,true,true,freshness_conflict,normal,clear,none,feeder,nominal,day,slot-A,on-window,etaOnTime,false,ais_feed,berth-admission/current,1.0,64,stale-ais
1,70,true,true,true,true,context_conflict,normal,clear,none,feeder,nominal,day,slot-A,on-window,craneOK,true,crane_maintenance,berth-admission/current,1.0,70,base-crane
1,70,true,true,true,true,context_conflict,normal,clear,none,feeder,nominal,day,slot-A,on-window,etaOnTime,true,ais_feed,berth-admission/current,1.0,70,base-eta
1,70,true,true,true,true,context_conflict,normal,clear,none,feeder,nominal,day,slot-A,on-window,weatherSafe,true,port_safety,berth-admission/current,1.0,70,base-weather
1,70,true,true,true,true,context_conflict,normal,clear,none,feeder,nominal,day,slot-A,on-window,ready,true,terminal_ops,berth-admission/current,1.0,70,current-ops
1,70,true,true,true,true,context_conflict,normal,clear,none,feeder,nominal,day,slot-A,on-window,ready,false,terminal_ops,berth-admission/planning,1.0,71,planning-context
1,71,true,true,true,true,human_override,normal,clear,none,feeder,nominal,day,slot-A,on-window,ready,true,harbor_master,berth-admission/current,1.0,71,base-ready
1,71,true,true,true,true,human_override,normal,clear,none,feeder,nominal,day,slot-A,on-window,craneOK,true,crane_maintenance,berth-admission/current,1.0,71,base-crane
1,71,true,true,true,true,human_override,normal,clear,none,feeder,nominal,day,slot-A,on-window,etaOnTime,true,ais_feed,berth-admission/current,1.0,71,base-eta
1,71,true,true,true,true,human_override,normal,clear,none,feeder,nominal,day,slot-A,on-window,weatherSafe,true,human_dispatcher,berth-admission/current,1.0,71,human-override
1,71,true,true,true,true,human_override,normal,clear,none,feeder,nominal,day,slot-A,on-window,weatherSafe,false,approved_weather_feed,berth-admission/current,1.0,71,feed-conflict
1,72,true,true,true,true,authority_conflict,normal,clear,none,feeder,nominal,day,slot-A,on-window,craneOK,true,crane_maintenance,berth-admission/current,1.0,72,base-crane
1,72,true,true,true,true,authority_conflict,normal,clear,none,feeder,nominal,day,slot-A,on-window,etaOnTime,true,ais_feed,berth-admission/current,1.0,72,base-eta
1,72,true,true,true,true,authority_conflict,normal,clear,none,feeder,nominal,day,slot-A,on-window,weatherSafe,true,port_safety,berth-admission/current,1.0,72,base-weather
1,72,true,true,true,true,authority_conflict,normal,clear,none,feeder,nominal,day,slot-A,on-window,ready,true,harbor_master,berth-admission/current,1.0,72,authoritative-local
1,72,true,true,true,true,authority_conflict,normal,clear,none,feeder,nominal,day,slot-A,on-window,ready,false,strategic_plan,berth-admission/planning,1.0,72,lower-plan
1,73,true,true,false,true,freshness_conflict,normal,clear,none,feeder,nominal,day,slot-A,on-window,ready,true,harbor_master,berth-admission/current,1.0,73,base-ready
1,73,true,true,false,true,freshness_conflict,normal,clear,none,feeder,nominal,day,slot-A,on-window,craneOK,true,crane_maintenance,berth-admission/current,1.0,73,base-crane
1,73,true,true,false,true,freshness_conflict,normal,clear,none,feeder,nominal,day,slot-A,on-window,weatherSafe,true,port_safety,berth-admission/current,1.0,73,base-weather
1,73,true,true,false,true,freshness_conflict,normal,clear,none,feeder,nominal,day,slot-A,on-window,etaOnTime,false,ais_feed,berth-admission/current,1.0,73,fresh-ais
1,73,true,true,false,true,freshness_conflict,normal,clear,none,feeder,nominal,day,slot-A,on-window,etaOnTime,true,ais_feed,berth-admission/current,1.0,68,stale-ais
1,74,false,true,true,true,context_conflict,normal,clear,none,feeder,nominal,day,slot-A,on-window,craneOK,true,crane_maintenance,berth-admission/current,1.0,74,base-crane
1,74,false,true,true,true,context_conflict,normal,clear,none,feeder,nominal,day,slot-A,on-window,etaOnTime,true,ais_feed,berth-admission/current,1.0,74,base-eta
1,74,false,true,true,true,context_conflict,normal,clear,none,feeder,nominal,day,slot-A,on-window,weatherSafe,true,port_safety,berth-admission/current,1.0,74,base-weather
1,74,false,true,true,true,context_conflict,normal,clear,none,feeder,nominal,day,slot-A,on-window,ready,false,terminal_ops,berth-admission/current,1.0,74,current-ops
1,74,false,true,true,true,context_conflict,normal,clear,none,feeder,nominal,day,slot-A,on-window,ready,true,terminal_ops,berth-admission/planning,1.0,75,planning-context
1,75,true,true,true,false,human_override,normal,clear,none,feeder,nominal,day,slot-A,on-window,ready,true,harbor_master,berth-admission/current,1.0,75,base-ready
1,75,true,true,true,false,human_override,normal,clear,none,feeder,nominal,day,slot-A,on-window,craneOK,true,crane_maintenance,berth-admission/current,1.0,75,base-crane
1,75,true,true,true,false,human_override,normal,clear,none,feeder,nominal,day,slot-A,on-window,etaOnTime,true,ais_feed,berth-admission/current,1.0,75,base-eta
1,75,true,true,true,false,human_override,normal,clear,none,feeder,nominal,day,slot-A,on-window,weatherSafe,false,human_dispatcher,berth-admission/current,1.0,75,human-override
1,75,true,true,true,false,human_override,normal,clear,none,feeder,nominal,day,slot-A,on-window,weatherSafe,true,approved_weather_feed,berth-admission/current,1.0,75,feed-conflict
1,76,true,true,true,true,authority_conflict,normal,clear,none,feeder,nominal,day,slot-A,on-window,craneOK,true,crane_maintenance,berth-admission/current,1.0,76,base-crane
1,76,true,true,true,true,authority_conflict,normal,clear,none,feeder,nominal,day,slot-A,on-window,etaOnTime,true,ais_feed,berth-admission/current,1.0,76,base-eta
1,76,true,true,true,true,authority_conflict,normal,clear,none,feeder,nominal,day,slot-A,on-window,weatherSafe,true,port_safety,berth-admission/current,1.0,76,base-weather
1,76,true,true,true,true,authority_conflict,normal,clear,none,feeder,nominal,day,slot-A,on-window,ready,true,harbor_master,berth-admission/current,1.0,76,authoritative-local
1,76,true,true,true,true,authority_conflict,normal,clear,none,feeder,nominal,day,slot-A,on-window,ready,false,strategic_plan,berth-admission/planning,1.0,76,lower-plan
1,77,true,true,true,true,freshness_conflict,normal,clear,none,feeder,nominal,day,slot-A,on-window,ready,true,harbor_master,berth-admission/current,1.0,77,base-ready
1,77,true,true,true,true,freshness_conflict,normal,clear,none,feeder,nominal,day,slot-A,on-window,craneOK,true,crane_maintenance,berth-admission/current,1.0,77,base-crane
1,77,true,true,true,true,freshness_conflict,normal,clear,none,feeder,nominal,day,slot-A,on-window,weatherSafe,true,port_safety,berth-admission/current,1.0,77,base-weather
1,77,true,true,true,true,freshness_conflict,normal,clear,none,feeder,nominal,day,slot-A,on-window,etaOnTime,true,ais_feed,berth-admission/current,1.0,77,fresh-ais
1,77,true,true,true,true,freshness_conflict,normal,clear,none,feeder,nominal,day,slot-A,on-window,etaOnTime,false,ais_feed,berth-admission/current,1.0,72,stale-ais
1,78,false,true,true,true,context_conflict,normal,clear,none,feeder,nominal,day,slot-A,on-window,craneOK,true,crane_maintenance,berth-admission/current,1.0,78,base-crane
1,78,false,true,true,true,context_conflict,normal,clear,none,feeder,nominal,day,slot-A,on-window,etaOnTime,true,ais_feed,berth-admission/current,1.0,78,base-eta
1,78,false,true,true,true,context_conflict,normal,clear,none,feeder,nominal,day,slot-A,on-window,weatherSafe,true,port_safety,berth-admission/current,1.0,78,base-weather
1,78,false,true,true,true,context_conflict,normal,clear,none,feeder,nominal,day,slot-A,on-window,ready,false,terminal_ops,berth-admission/current,1.0,78,current-ops
1,78,false,true,true,true,context_conflict,normal,clear,none,feeder,nominal,day,slot-A,on-window,ready,true,terminal_ops,berth-admission/planning,1.0,79,planning-context
1,79,true,true,true,false,human_override,normal,clear,none,feeder,nominal,day,slot-A,on-window,ready,true,harbor_master,berth-admission/current,1.0,79,base-ready
1,79,true,true,true,false,human_override,normal,clear,none,feeder,nominal,day,slot-A,on-window,craneOK,true,crane_maintenance,berth-admission/current,1.0,79,base-crane
1,79,true,true,true,false,human_override,normal,clear,none,feeder,nominal,day,slot-A,on-window,etaOnTime,true,ais_feed,berth-admission/current,1.0,79,base-eta
1,79,true,true,true,false,human_override,normal,clear,none,feeder,nominal,day,slot-A,on-window,weatherSafe,false,human_dispatcher,berth-admission/current,1.0,79,human-override
1,79,true,true,true,false,human_override,normal,clear,none,feeder,nominal,day,slot-A,on-window,weatherSafe,true,approved_weather_feed,berth-admission/current,1.0,79,feed-conflict
2,0,false,true,true,true,authority_conflict,normal,clear,none,feeder,nominal,day,slot-A,on-window,craneOK,true,crane_maintenance,berth-admission/current,1.0,0,base-crane
2,0,false,true,true,true,authority_conflict,normal,clear,none,feeder,nominal,day,slot-A,on-window,etaOnTime,true,ais_feed,berth-admission/current,1.0,0,base-eta
2,0,false,true,true,true,authority_conflict,normal,clear,none,feeder,nominal,day,slot-A,on-window,weatherSafe,true,port_safety,berth-admission/current,1.0,0,base-weather
2,0,false,true,true,true,authority_conflict,normal,clear,none,feeder,nominal,day,slot-A,on-window,ready,false,harbor_master,berth-admission/current,1.0,0,authoritative-local
2,0,false,true,true,true,authority_conflict,normal,clear,none,feeder,nominal,day,slot-A,on-window,ready,true,strategic_plan,berth-admission/planning,1.0,0,lower-plan
2,1,true,true,false,true,freshness_conflict,normal,clear,none,feeder,nominal,day,slot-A,on-window,ready,true,harbor_master,berth-admission/current,1.0,1,base-ready
2,1,true,true,false,true,freshness_conflict,normal,clear,none,feeder,nominal,day,slot-A,on-window,craneOK,true,crane_maintenance,berth-admission/current,1.0,1,base-crane
2,1,true,true,false,true,freshness_conflict,normal,clear,none,feeder,nominal,day,slot-A,on-window,weatherSafe,true,port_safety,berth-admission/current,1.0,1,base-weather
2,1,true,true,false,true,freshness_conflict,normal,clear,none,feeder,nominal,day,slot-A,on-window,etaOnTime,false,ais_feed,berth-admission/current,1.0,1,fresh-ais
2,1,true,true,false,true,freshness_conflict,normal,clear,none,feeder,nominal,day,slot-A,on-window,etaOnTime,true,ais_feed,berth-admission/current,1.0,-4,stale-ais
2,2,true,true,true,true,context_conflict,normal,clear,none,feeder,nominal,day,slot-A,on-window,craneOK,true,crane_maintenance,berth-admission/current,1.0,2,base-crane
2,2,true,true,true,true,context_conflict,normal,clear,none,feeder,nominal,day,slot-A,on-window,etaOnTime,true,ais_feed,berth-admission/current,1.0,2,base-eta
2,2,true,true,true,true,context_conflict,normal,clear,none,feeder,nominal,day,slot-A,on-window,weatherSafe,true,port_safety,berth-admission/current,1.0,2,base-weather
2,2,true,true,true,true,context_conflict,normal,clear,none,feeder,nominal,day,slot-A,on-window,ready,true,terminal_ops,berth-admission/current,1.0,2,current-ops
2,2,true,true,true,true,context_conflict,normal,clear,none,feeder,nominal,day,slot-A,on-window,ready,false,terminal_ops,berth-admission/planning,1.0,3,planning-context
2,3,true,true,true,true,human_override,normal,clear,none,feeder,nominal,day,slot-A,on-window,ready,true,harbor_master,berth-admission/current,1.0,3,base-ready
2,3,true,true,true,true,human_override,normal,clear,none,feeder,nominal,day,slot-A,on-window,craneOK,true,crane_maintenance,berth-admission/current,1.0,3,base-crane
2,3,true,true,true,true,human_override,normal,clear,none,feeder,nominal,day,slot-A,on-window,etaOnTime,true,ais_feed,berth-admission/current,1.0,3,base-eta
2,3,true,true,true,true,human_override,normal,clear,none,feeder,nominal,day,slot-A,on-window,weatherSafe,true,human_dispatcher,berth-admission/current,1.0,3,human-override
2,3,true,true,true,true,human_override,normal,clear,none,feeder,nominal,day,slot-A,on-window,weatherSafe,false,approved_weather_feed,berth-admission/current,1.0,3,feed-conflict
2,4,false,true,true,true,authority_conflict,normal,clear,none,feeder,nominal,day,slot-A,on-window,craneOK,true,crane_maintenance,berth-admission/current,1.0,4,base-crane
2,4,false,true,true,true,authority_conflict,normal,clear,none,feeder,nominal,day,slot-A,on-window,etaOnTime,true,ais_feed,berth-admission/current,1.0,4,base-eta
2,4,false,true,true,true,authority_conflict,normal,clear,none,feeder,nominal,day,slot-A,on-window,weatherSafe,true,port_safety,berth-admission/current,1.0,4,base-weather
2,4,false,true,true,true,authority_conflict,normal,clear,none,feeder,nominal,day,slot-A,on-window,ready,false,harbor_master,berth-admission/current,1.0,4,authoritative-local
2,4,false,true,true,true,authority_conflict,normal,clear,none,feeder,nominal,day,slot-A,on-window,ready,true,strategic_plan,berth-admission/planning,1.0,4,lower-plan
2,5,true,true,false,true,freshness_conflict,normal,clear,none,feeder,nominal,day,slot-A,on-window,ready,true,harbor_master,berth-admission/current,1.0,5,base-ready
2,5,true,true,false,true,freshness_conflict,normal,clear,none,feeder,nominal,day,slot-A,on-window,craneOK,true,crane_maintenance,berth-admission/current,1.0,5,base-crane
2,5,true,true,false,true,freshness_conflict,normal,clear,none,feeder,nominal,day,slot-A,on-window,weatherSafe,true,port_safety,berth-admission/current,1.0,5,base-weather
2,5,true,true,false,true,freshness_conflict,normal,clear,none,feeder,nominal,day,slot-A,on-window,etaOnTime,false,ais_feed,berth-admission/current,1.0,5,fresh-ais
2,5,true,true,false,true,freshness_conflict,normal,clear,none,feeder,nominal,day,slot-A,on-window,etaOnTime,true,ais_feed,berth-admission/current,1.0,0,stale-ais
2,6,false,true,true,true,context_conflict,normal,clear,none,feeder,nominal,day,slot-A,on-window,craneOK,true,crane_maintenance,berth-admission/current,1.0,6,base-crane
2,6,false,true,true,true,context_conflict,normal,clear,none,feeder,nominal,day,slot-A,on-window,etaOnTime,true,ais_feed,berth-admission/current,1.0,6,base-eta
2,6,false,true,true,true,context_conflict,normal,clear,none,feeder,nominal,day,slot-A,on-window,weatherSafe,true,port_safety,berth-admission/current,1.0,6,base-weather
2,6,false,true,true,true,context_conflict,normal,clear,none,feeder,nominal,day,slot-A,on-window,ready,false,terminal_ops,berth-admission/current,1.0,6,current-ops
2,6,false,true,true,true,context_conflict,normal,clear,none,feeder,nominal,day,slot-A,on-window,ready,true,terminal_ops,berth-admission/planning,1.0,7,planning-context
2,7,true,true,true,true,human_override,normal,clear,none,feeder,nominal,day,slot-A,on-window,ready,true,harbor_master,berth-admission/current,1.0,7,base-ready
2,7,true,true,true,true,human_override,normal,clear,none,feeder,nominal,day,slot-A,on-window,craneOK,true,crane_maintenance,berth-admission/current,1.0,7,base-crane
2,7,true,true,true,true,human_override,normal,clear,none,feeder,nominal,day,slot-A,on-window,etaOnTime,true,ais_feed,berth-admission/current,1.0,7,base-eta
2,7,true,true,true,true,human_override,normal,clear,none,feeder,nominal,day,slot-A,on-window,weatherSafe,true,human_dispatcher,berth-admission/current,1.0,7,human-override
2,7,true,true,true,true,human_override,normal,clear,none,feeder,nominal,day,slot-A,on-window,weatherSafe,false,approved_weather_feed,berth-admission/current,1.0,7,feed-conflict
2,8,false,true,true,true,authority_conflict,normal,clear,none,feeder,nominal,day,slot-A,on-window,craneOK,true,crane_maintenance,berth-admission/current,1.0,8,base-crane
2,8,false,true,true,true,authority_conflict,normal,clear,none,feeder,nominal,day,slot-A,on-window,etaOnTime,true,ais_feed,berth-admission/current,1.0,8,base-eta
2,8,false,true,true,true,authority_conflict,normal,clear,none,feeder,nominal,day,slot-A,on-window,weatherSafe,true,port_safety,berth-admission/current,1.0,8,base-weather
2,8,false,true,true,true,authority_conflict,normal,clear,none,feeder,nominal,day,slot-A,on-window,ready,false,harbor_master,berth-admission/current,1.0,8,authoritative-local
2,8,false,true,true,true,authority_conflict,normal,clear,none,feeder,nominal,day,slot-A,on-window,ready,true,strategic_plan,berth-admission/planning,1.0,8,lower-plan
2,9,true,true,false,true,freshness_conflict,normal,clear,none,feeder,nominal,day,slot-A,on-window,ready,true,harbor_master,berth-admission/current,1.0,9,base-ready
2,9,true,true,false,true,freshness_conflict,normal,clear,none,feeder,nominal,day,slot-A,on-window,craneOK,true,crane_maintenance,berth-admission/current,1.0,9,base-crane
2,9,true,true,false,true,freshness_conflict,normal,clear,none,feeder,nominal,day,slot-A,on-window,weatherSafe,true,port_safety,berth-admission/current,1.0,9,base-weather
2,9,true,true,false,true,freshness_conflict,normal,clear,none,feeder,nominal,day,slot-A,on-window,etaOnTime,false,ais_feed,berth-admission/current,1.0,9,fresh-ais
2,9,true,true,false,true,freshness_conflict,normal,clear,none,feeder,nominal,day,slot-A,on-window,etaOnTime,true,ais_feed,berth-admission/current,1.0,4,stale-ais
2,10,false,true,true,true,context_conflict,normal,clear,none,feeder,nominal,day,slot-A,on-window,craneOK,true,crane_maintenance,berth-admission/current,1.0,10,base-crane
2,10,false,true,true,true,context_conflict,normal,clear,none,feeder,nominal,day,slot-A,on-window,etaOnTime,true,ais_feed,berth-admission/current,1.0,10,base-eta
2,10,false,true,true,true,context_conflict,normal,clear,none,feeder,nominal,day,slot-A,on-window,weatherSafe,true,port_safety,berth-admission/current,1.0,10,base-weather
2,10,false,true,true,true,context_conflict,normal,clear,none,feeder,nominal,day,slot-A,on-window,ready,false,terminal_ops,berth-admission/current,1.0,10,current-ops
2,10,false,true,true,true,context_conflict,normal,clear,none,feeder,nominal,day,slot-A,on-window,ready,true,terminal_ops,berth-admission/planning,1.0,11,planning-context
2,11,true,true,true,true,human_override,normal,clear,none,feeder,nominal,day,slot-A,on-window,ready,true,harbor_master,berth-admission/current,1.0,11,base-ready
2,11,true,true,true,true,human_override,normal,clear,none,feeder,nominal,day,slot-A,on-window,craneOK,true,crane_maintenance,berth-admission/current,1.0,11,base-crane
2,11,true,true,true,true,human_override,normal,clear,none,feeder,nominal,day,slot-A,on-window,etaOnTime,true,ais_feed,berth-admission/current,1.0,11,base-eta
2,11,true,true,true,true,human_override,normal,clear,none,feeder,nominal,day,slot-A,on-window,weatherSafe,true,human_dispatcher,berth-admission/current,1.0,11,human-override
2,11,true,true,true,true,human_override,normal,clear,none,feeder,nominal,day,slot-A,on-window,weatherSafe,false,approved_weather_feed,berth-admission/current,1.0,11,feed-conflict
2,12,true,true,true,true,authority_conflict,normal,clear,none,feeder,nominal,day,slot-A,on-window,craneOK,true,crane_maintenance,berth-admission/current,1.0,12,base-crane
2,12,true,true,true,true,authority_conflict,normal,clear,none,feeder,nominal,day,slot-A,on-window,etaOnTime,true,ais_feed,berth-admission/current,1.0,12,base-eta
2,12,true,true,true,true,authority_conflict,normal,clear,none,feeder,nominal,day,slot-A,on-window,weatherSafe,true,port_safety,berth-admission/current,1.0,12,base-weather
2,12,true,true,true,true,authority_conflict,normal,clear,none,feeder,nominal,day,slot-A,on-window,ready,true,harbor_master,berth-admission/current,1.0,12,authoritative-local
2,12,true,true,true,true,authority_conflict,normal,clear,none,feeder,nominal,day,slot-A,on-window,ready,false,strategic_plan,berth-admission/planning,1.0,12,lower-plan
2,13,true,true,true,true,freshness_conflict,normal,clear,none,feeder,nominal,day,slot-A,on-window,ready,true,harbor_master,berth-admission/current,1.0,13,base-ready
2,13,true,true,true,true,freshness_conflict,normal,clear,none,feeder,nominal,day,slot-A,on-window,craneOK,true,crane_maintenance,berth-admission/current,1.0,13,base-crane
2,13,true,true,true,true,freshness_conflict,normal,clear,none,feeder,nominal,day,slot-A,on-window,weatherSafe,true,port_safety,berth-admission/current,1.0,13,base-weather
2,13,true,true,true,true,freshness_conflict,normal,clear,none,feeder,nominal,day,slot-A,on-window,etaOnTime,true,ais_feed,berth-admission/current,1.0,13,fresh-ais
2,13,true,true,true,true,freshness_conflict,normal,clear,none,feeder,nominal,day,slot-A,on-window,etaOnTime,false,ais_feed,berth-admission/current,1.0,8,stale-ais
2,14,false,true,true,true,context_conflict,normal,clear,none,feeder,nominal,day,slot-A,on-window,craneOK,true,crane_maintenance,berth-admission/current,1.0,14,base-crane
2,14,false,true,true,true,context_conflict,normal,clear,none,feeder,nominal,day,slot-A,on-window,etaOnTime,true,ais_feed,berth-admission/current,1.0,14,base-eta
2,14,false,true,true,true,context_conflict,normal,clear,none,feeder,nominal,day,slot-A,on-window,weatherSafe,true,port_safety,berth-admission/current,1.0,14,base-weather
2,14,false,true,true,true,context_conflict,normal,clear,none,feeder,nominal,day,slot-A,on-window,ready,false,terminal_ops,berth-admission/current,1.0,14,current-ops
2,14,false,true,true,true,context_conflict,normal,clear,none,feeder,nominal,day,slot-A,on-window,ready,true,terminal_ops,berth-admission/planning,1.0,15,planning-context
2,15,true,true,true,false,human_override,normal,clear,none,feeder,nominal,day,slot-A,on-window,ready,true,harbor_master,berth-admission/current,1.0,15,base-ready
2,15,true,true,true,false,human_override,normal,clear,none,feeder,nominal,day,slot-A,on-window,craneOK,true,crane_maintenance,berth-admission/current,1.0,15,base-crane
2,15,true,true,true,false,human_override,normal,clear,none,feeder,nominal,day,slot-A,on-window,etaOnTime,true,ais_feed,berth-admission/current,1.0,15,base-eta
2,15,true,true,true,false,human_override,normal,clear,none,feeder,nominal,day,slot-A,on-window,weatherSafe,false,human_dispatcher,berth-admission/current,1.0,15,human-override
2,15,true,true,true,false,human_override,normal,clear,none,feeder,nominal,day,slot-A,on-window,weatherSafe,true,approved_weather_feed,berth-admission/current,1.0,15,feed-conflict
2,16,false,true,true,true,authority_conflict,normal,clear,none,feeder,nominal,day,slot-A,on-window,craneOK,true,crane_maintenance,berth-admission/current,1.0,16,base-crane
2,16,false,true,true,true,authority_conflict,normal,clear,none,feeder,nominal,day,slot-A,on-window,etaOnTime,true,ais_feed,berth-admission/current,1.0,16,base-eta
2,16,false,true,true,true,authority_conflict,normal,clear,none,feeder,nominal,day,slot-A,on-window,weatherSafe,true,port_safety,berth-admission/current,1.0,16,base-weather
2,16,false,true,true,true,authority_conflict,normal,clear,none,feeder,nominal,day,slot-A,on-window,ready,false,harbor_master,berth-admission/current,1.0,16,authoritative-local
2,16,false,true,true,true,authority_conflict,normal,clear,none,feeder,nominal,day,slot-A,on-window,ready,true,strategic_plan,berth-admission/planning,1.0,16,lower-plan
2,17,true,true,false,true,freshness_conflict,normal,clear,none,feeder,nominal,day,slot-A,on-window,ready,true,harbor_master,berth-admission/current,1.0,17,base-ready
2,17,true,true,false,true,freshness_conflict,normal,clear,none,feeder,nominal,day,slot-A,on-window,craneOK,true,crane_maintenance,berth-admission/current,1.0,17,base-crane
2,17,true,true,false,true,freshness_conflict,normal,clear,none,feeder,nominal,day,slot-A,on-window,weatherSafe,true,port_safety,berth-admission/current,1.0,17,base-weather
2,17,true,true,false,true,freshness_conflict,normal,clear,none,feeder,nominal,day,slot-A,on-window,etaOnTime,false,ais_feed,berth-admission/current,1.0,17,fresh-ais
2,17,true,true,false,true,freshness_conflict,normal,clear,none,feeder,nominal,day,slot-A,on-window,etaOnTime,true,ais_feed,berth-admission/current,1.0,12,stale-ais
2,18,true,true,true,true,context_conflict,normal,clear,none,feeder,nominal,day,slot-A,on-window,craneOK,true,crane_maintenance,berth-admission/current,1.0,18,base-crane
2,18,true,true,true,true,context_conflict,normal,clear,none,feeder,nominal,day,slot-A,on-window,etaOnTime,true,ais_feed,berth-admission/current,1.0,18,base-eta
2,18,true,true,true,true,context_conflict,normal,clear,none,feeder,nominal,day,slot-A,on-window,weatherSafe,true,port_safety,berth-admission/current,1.0,18,base-weather
2,18,true,true,true,true,context_conflict,normal,clear,none,feeder,nominal,day,slot-A,on-window,ready,true,terminal_ops,berth-admission/current,1.0,18,current-ops
2,18,true,true,true,true,context_conflict,normal,clear,none,feeder,nominal,day,slot-A,on-window,ready,false,terminal_ops,berth-admission/planning,1.0,19,planning-context
2,19,true,true,true,true,human_override,normal,clear,none,feeder,nominal,day,slot-A,on-window,ready,true,harbor_master,berth-admission/current,1.0,19,base-ready
2,19,true,true,true,true,human_override,normal,clear,none,feeder,nominal,day,slot-A,on-window,craneOK,true,crane_maintenance,berth-admission/current,1.0,19,base-crane
2,19,true,true,true,true,human_override,normal,clear,none,feeder,nominal,day,slot-A,on-window,etaOnTime,true,ais_feed,berth-admission/current,1.0,19,base-eta
2,19,true,true,true,true,human_override,normal,clear,none,feeder,nominal,day,slot-A,on-window,weatherSafe,true,human_dispatcher,berth-admission/current,1.0,19,human-override
2,19,true,true,true,true,human_override,normal,clear,none,feeder,nominal,day,slot-A,on-window,weatherSafe,false,approved_weather_feed,berth-admission/current,1.0,19,feed-conflict
2,20,true,true,true,true,authority_conflict,normal,clear,none,feeder,nominal,day,slot-A,on-window,craneOK,true,crane_maintenance,berth-admission/current,1.0,20,base-crane
2,20,true,true,true,true,authority_conflict,normal,clear,none,feeder,nominal,day,slot-A,on-window,etaOnTime,true,ais_feed,berth-admission/current,1.0,20,base-eta
2,20,true,true,true,true,authority_conflict,normal,clear,none,feeder,nominal,day,slot-A,on-window,weatherSafe,true,port_safety,berth-admission/current,1.0,20,base-weather
2,20,true,true,true,true,authority_conflict,normal,clear,none,feeder,nominal,day,slot-A,on-window,ready,true,harbor_master,berth-admission/current,1.0,20,authoritative-local
2,20,true,true,true,true,authority_conflict,normal,clear,none,feeder,nominal,day,slot-A,on-window,ready,false,strategic_plan,berth-admission/planning,1.0,20,lower-plan
2,21,true,true,true,true,freshness_conflict,normal,clear,none,feeder,nominal,day,slot-A,on-window,ready,true,harbor_master,berth-admission/current,1.0,21,base-ready
2,21,true,true,true,true,freshness_conflict,normal,clear,none,feeder,nominal,day,slot-A,on-window,craneOK,true,crane_maintenance,berth-admission/current,1.0,21,base-crane
2,21,true,true,true,true,freshness_conflict,normal,clear,none,feeder,nominal,day,slot-A,on-window,weatherSafe,true,port_safety,berth-admission/current,1.0,21,base-weather
2,21,true,true,true,true,freshness_conflict,normal,clear,none,feeder,nominal,day,slot-A,on-window,etaOnTime,true,ais_feed,berth-admission/current,1.0,21,fresh-ais
2,21,true,true,true,true,freshness_conflict,normal,clear,none,feeder,nominal,day,slot-A,on-window,etaOnTime,false,ais_feed,berth-admission/current,1.0,16,stale-ais
2,22,true,true,true,true,context_conflict,normal,clear,none,feeder,nominal,day,slot-A,on-window,craneOK,true,crane_maintenance,berth-admission/current,1.0,22,base-crane
2,22,true,true,true,true,context_conflict,normal,clear,none,feeder,nominal,day,slot-A,on-window,etaOnTime,true,ais_feed,berth-admission/current,1.0,22,base-eta
2,22,true,true,true,true,context_conflict,normal,clear,none,feeder,nominal,day,slot-A,on-window,weatherSafe,true,port_safety,berth-admission/current,1.0,22,base-weather
2,22,true,true,true,true,context_conflict,normal,clear,none,feeder,nominal,day,slot-A,on-window,ready,true,terminal_ops,berth-admission/current,1.0,22,current-ops
2,22,true,true,true,true,context_conflict,normal,clear,none,feeder,nominal,day,slot-A,on-window,ready,false,terminal_ops,berth-admission/planning,1.0,23,planning-context
2,23,true,true,true,true,human_override,normal,clear,none,feeder,nominal,day,slot-A,on-window,ready,true,harbor_master,berth-admission/current,1.0,23,base-ready
2,23,true,true,true,true,human_override,normal,clear,none,feeder,nominal,day,slot-A,on-window,craneOK,true,crane_maintenance,berth-admission/current,1.0,23,base-crane
2,23,true,true,true,true,human_override,normal,clear,none,feeder,nominal,day,slot-A,on-window,etaOnTime,true,ais_feed,berth-admission/current,1.0,23,base-eta
2,23,true,true,true,true,human_override,normal,clear,none,feeder,nominal,day,slot-A,on-window,weatherSafe,true,human_dispatcher,berth-admission/current,1.0,23,human-override
2,23,true,true,true,true,human_override,normal,clear,none,feeder,nominal,day,slot-A,on-window,weatherSafe,false,approved_weather_feed,berth-admission/current,1.0,23,feed-conflict
2,24,true,true,true,true,authority_conflict,normal,clear,none,feeder,nominal,day,slot-A,on-window,craneOK,true,crane_maintenance,berth-admission/current,1.0,24,base-crane
2,24,true,true,true,true,authority_conflict,normal,clear,none,feeder,nominal,day,slot-A,on-window,etaOnTime,true,ais_feed,berth-admission/current,1.0,24,base-eta
2,24,true,true,true,true,authority_conflict,normal,clear,none,feeder,nominal,day,slot-A,on-window,weatherSafe,true,port_safety,berth-admission/current,1.0,24,base-weather
2,24,true,true,true,true,authority_conflict,normal,clear,none,feeder,nominal,day,slot-A,on-window,ready,true,harbor_master,berth-admission/current,1.0,24,authoritative-local
2,24,true,true,true,true,authority_conflict,normal,clear,none,feeder,nominal,day,slot-A,on-window,ready,false,strategic_plan,berth-admission/planning,1.0,24,lower-plan
2,25,true,true,false,true,freshness_conflict,normal,clear,none,feeder,nominal,day,slot-A,on-window,ready,true,harbor_master,berth-admission/current,1.0,25,base-ready
2,25,true,true,false,true,freshness_conflict,normal,clear,none,feeder,nominal,day,slot-A,on-window,craneOK,true,crane_maintenance,berth-admission/current,1.0,25,base-crane
2,25,true,true,false,true,freshness_conflict,normal,clear,none,feeder,nominal,day,slot-A,on-window,weatherSafe,true,port_safety,berth-admission/current,1.0,25,base-weather
2,25,true,true,false,true,freshness_conflict,normal,clear,none,feeder,nominal,day,slot-A,on-window,etaOnTime,false,ais_feed,berth-admission/current,1.0,25,fresh-ais
2,25,true,true,false,true,freshness_conflict,normal,clear,none,feeder,nominal,day,slot-A,on-window,etaOnTime,true,ais_feed,berth-admission/current,1.0,20,stale-ais
2,26,false,true,true,true,context_conflict,normal,clear,none,feeder,nominal,day,slot-A,on-window,craneOK,true,crane_maintenance,berth-admission/current,1.0,26,base-crane
2,26,false,true,true,true,context_conflict,normal,clear,none,feeder,nominal,day,slot-A,on-window,etaOnTime,true,ais_feed,berth-admission/current,1.0,26,base-eta
2,26,false,true,true,true,context_conflict,normal,clear,none,feeder,nominal,day,slot-A,on-window,weatherSafe,true,port_safety,berth-admission/current,1.0,26,base-weather
2,26,false,true,true,true,context_conflict,normal,clear,none,feeder,nominal,day,slot-A,on-window,ready,false,terminal_ops,berth-admission/current,1.0,26,current-ops
2,26,false,true,true,true,context_conflict,normal,clear,none,feeder,nominal,day,slot-A,on-window,ready,true,terminal_ops,berth-admission/planning,1.0,27,planning-context
2,27,true,true,true,false,human_override,normal,clear,none,feeder,nominal,day,slot-A,on-window,ready,true,harbor_master,berth-admission/current,1.0,27,base-ready
2,27,true,true,true,false,human_override,normal,clear,none,feeder,nominal,day,slot-A,on-window,craneOK,true,crane_maintenance,berth-admission/current,1.0,27,base-crane
2,27,true,true,true,false,human_override,normal,clear,none,feeder,nominal,day,slot-A,on-window,etaOnTime,true,ais_feed,berth-admission/current,1.0,27,base-eta
2,27,true,true,true,false,human_override,normal,clear,none,feeder,nominal,day,slot-A,on-window,weatherSafe,false,human_dispatcher,berth-admission/current,1.0,27,human-override
2,27,true,true,true,false,human_override,normal,clear,none,feeder,nominal,day,slot-A,on-window,weatherSafe,true,approved_weather_feed,berth-admission/current,1.0,27,feed-conflict
2,28,true,true,true,true,authority_conflict,normal,clear,none,feeder,nominal,day,slot-A,on-window,craneOK,true,crane_maintenance,berth-admission/current,1.0,28,base-crane
2,28,true,true,true,true,authority_conflict,normal,clear,none,feeder,nominal,day,slot-A,on-window,etaOnTime,true,ais_feed,berth-admission/current,1.0,28,base-eta
2,28,true,true,true,true,authority_conflict,normal,clear,none,feeder,nominal,day,slot-A,on-window,weatherSafe,true,port_safety,berth-admission/current,1.0,28,base-weather
2,28,true,true,true,true,authority_conflict,normal,clear,none,feeder,nominal,day,slot-A,on-window,ready,true,harbor_master,berth-admission/current,1.0,28,authoritative-local
2,28,true,true,true,true,authority_conflict,normal,clear,none,feeder,nominal,day,slot-A,on-window,ready,false,strategic_plan,berth-admission/planning,1.0,28,lower-plan
2,29,true,true,true,true,freshness_conflict,normal,clear,none,feeder,nominal,day,slot-A,on-window,ready,true,harbor_master,berth-admission/current,1.0,29,base-ready
2,29,true,true,true,true,freshness_conflict,normal,clear,none,feeder,nominal,day,slot-A,on-window,craneOK,true,crane_maintenance,berth-admission/current,1.0,29,base-crane
2,29,true,true,true,true,freshness_conflict,normal,clear,none,feeder,nominal,day,slot-A,on-window,weatherSafe,true,port_safety,berth-admission/current,1.0,29,base-weather
2,29,true,true,true,true,freshness_conflict,normal,clear,none,feeder,nominal,day,slot-A,on-window,etaOnTime,true,ais_feed,berth-admission/current,1.0,29,fresh-ais
2,29,true,true,true,true,freshness_conflict,normal,clear,none,feeder,nominal,day,slot-A,on-window,etaOnTime,false,ais_feed,berth-admission/current,1.0,24,stale-ais
2,30,true,true,true,true,context_conflict,normal,clear,none,feeder,nominal,day,slot-A,on-window,craneOK,true,crane_maintenance,berth-admission/current,1.0,30,base-crane
2,30,true,true,true,true,context_conflict,normal,clear,none,feeder,nominal,day,slot-A,on-window,etaOnTime,true,ais_feed,berth-admission/current,1.0,30,base-eta
2,30,true,true,true,true,context_conflict,normal,clear,none,feeder,nominal,day,slot-A,on-window,weatherSafe,true,port_safety,berth-admission/current,1.0,30,base-weather
2,30,true,true,true,true,context_conflict,normal,clear,none,feeder,nominal,day,slot-A,on-window,ready,true,terminal_ops,berth-admission/current,1.0,30,current-ops
2,30,true,true,true,true,context_conflict,normal,clear,none,feeder,nominal,day,slot-A,on-window,ready,false,terminal_ops,berth-admission/planning,1.0,31,planning-context
2,31,true,true,true,true,human_override,normal,clear,none,feeder,nominal,day,slot-A,on-window,ready,true,harbor_master,berth-admission/current,1.0,31,base-ready
2,31,true,true,true,true,human_override,normal,clear,none,feeder,nominal,day,slot-A,on-window,craneOK,true,crane_maintenance,berth-admission/current,1.0,31,base-crane
2,31,true,true,true,true,human_override,normal,clear,none,feeder,nominal,day,slot-A,on-window,etaOnTime,true,ais_feed,berth-admission/current,1.0,31,base-eta
2,31,true,true,true,true,human_override,normal,clear,none,feeder,nominal,day,slot-A,on-window,weatherSafe,true,human_dispatcher,berth-admission/current,1.0,31,human-override
2,31,true,true,true,true,human_override,normal,clear,none,feeder,nominal,day,slot-A,on-window,weatherSafe,false,approved_weather_feed,berth-admission/current,1.0,31,feed-conflict
2,32,false,true,true,true,authority_conflict,normal,clear,none,feeder,nominal,day,slot-A,on-window,craneOK,true,crane_maintenance,berth-admission/current,1.0,32,base-crane
2,32,false,true,true,true,authority_conflict,normal,clear,none,feeder,nominal,day,slot-A,on-window,etaOnTime,true,ais_feed,berth-admission/current,1.0,32,base-eta
2,32,false,true,true,true,authority_conflict,normal,clear,none,feeder,nominal,day,slot-A,on-window,weatherSafe,true,port_safety,berth-admission/current,1.0,32,base-weather
2,32,false,true,true,true,authority_conflict,normal,clear,none,feeder,nominal,day,slot-A,on-window,ready,false,harbor_master,berth-admission/current,1.0,32,authoritative-local
2,32,false,true,true,true,authority_conflict,normal,clear,none,feeder,nominal,day,slot-A,on-window,ready,true,strategic_plan,berth-admission/planning,1.0,32,lower-plan
2,33,true,true,false,true,freshness_conflict,normal,clear,none,feeder,nominal,day,slot-A,on-window,ready,true,harbor_master,berth-admission/current,1.0,33,base-ready
2,33,true,true,false,true,freshness_conflict,normal,clear,none,feeder,nominal,day,slot-A,on-window,craneOK,true,crane_maintenance,berth-admission/current,1.0,33,base-crane
2,33,true,true,false,true,freshness_conflict,normal,clear,none,feeder,nominal,day,slot-A,on-window,weatherSafe,true,port_safety,berth-admission/current,1.0,33,base-weather
2,33,true,true,false,true,freshness_conflict,normal,clear,none,feeder,nominal,day,slot-A,on-window,etaOnTime,false,ais_feed,berth-admission/current,1.0,33,fresh-ais
2,33,true,true,false,true,freshness_conflict,normal,clear,none,feeder,nominal,day,slot-A,on-window,etaOnTime,true,ais_feed,berth-admission/current,1.0,28,stale-ais
2,34,false,true,true,true,context_conflict,normal,clear,none,feeder,nominal,day,slot-A,on-window,craneOK,true,crane_maintenance,berth-admission/current,1.0,34,base-crane
2,34,false,true,true,true,context_conflict,normal,clear,none,feeder,nominal,day,slot-A,on-window,etaOnTime,true,ais_feed,berth-admission/current,1.0,34,base-eta
2,34,false,true,true,true,context_conflict,normal,clear,none,feeder,nominal,day,slot-A,on-window,weatherSafe,true,port_safety,berth-admission/current,1.0,34,base-weather
2,34,false,true,true,true,context_conflict,normal,clear,none,feeder,nominal,day,slot-A,on-window,ready,false,terminal_ops,berth-admission/current,1.0,34,current-ops
2,34,false,true,true,true,context_conflict,normal,clear,none,feeder,nominal,day,slot-A,on-window,ready,true,terminal_ops,berth-admission/planning,1.0,35,planning-context
2,35,true,true,true,true,human_override,normal,clear,none,feeder,nominal,day,slot-A,on-window,ready,true,harbor_master,berth-admission/current,1.0,35,base-ready
2,35,true,true,true,true,human_override,normal,clear,none,feeder,nominal,day,slot-A,on-window,craneOK,true,crane_maintenance,berth-admission/current,1.0,35,base-crane
2,35,true,true,true,true,human_override,normal,clear,none,feeder,nominal,day,slot-A,on-window,etaOnTime,true,ais_feed,berth-admission/current,1.0,35,base-eta
2,35,true,true,true,true,human_override,normal,clear,none,feeder,nominal,day,slot-A,on-window,weatherSafe,true,human_dispatcher,berth-admission/current,1.0,35,human-override
2,35,true,true,true,true,human_override,normal,clear,none,feeder,nominal,day,slot-A,on-window,weatherSafe,false,approved_weather_feed,berth-admission/current,1.0,35,feed-conflict
2,36,false,true,true,true,authority_conflict,normal,clear,none,feeder,nominal,day,slot-A,on-window,craneOK,true,crane_maintenance,berth-admission/current,1.0,36,base-crane
2,36,false,true,true,true,authority_conflict,normal,clear,none,feeder,nominal,day,slot-A,on-window,etaOnTime,true,ais_feed,berth-admission/current,1.0,36,base-eta
2,36,false,true,true,true,authority_conflict,normal,clear,none,feeder,nominal,day,slot-A,on-window,weatherSafe,true,port_safety,berth-admission/current,1.0,36,base-weather
2,36,false,true,true,true,authority_conflict,normal,clear,none,feeder,nominal,day,slot-A,on-window,ready,false,harbor_master,berth-admission/current,1.0,36,authoritative-local
2,36,false,true,true,true,authority_conflict,normal,clear,none,feeder,nominal,day,slot-A,on-window,ready,true,strategic_plan,berth-admission/planning,1.0,36,lower-plan
2,37,true,true,false,true,freshness_conflict,normal,clear,none,feeder,nominal,day,slot-A,on-window,ready,true,harbor_master,berth-admission/current,1.0,37,base-ready
2,37,true,true,false,true,freshness_conflict,normal,clear,none,feeder,nominal,day,slot-A,on-window,craneOK,true,crane_maintenance,berth-admission/current,1.0,37,base-crane
2,37,true,true,false,true,freshness_conflict,normal,clear,none,feeder,nominal,day,slot-A,on-window,weatherSafe,true,port_safety,berth-admission/current,1.0,37,base-weather
2,37,true,true,false,true,freshness_conflict,normal,clear,none,feeder,nominal,day,slot-A,on-window,etaOnTime,false,ais_feed,berth-admission/current,1.0,37,fresh-ais
2,37,true,true,false,true,freshness_conflict,normal,clear,none,feeder,nominal,day,slot-A,on-window,etaOnTime,true,ais_feed,berth-admission/current,1.0,32,stale-ais
2,38,false,true,true,true,context_conflict,normal,clear,none,feeder,nominal,day,slot-A,on-window,craneOK,true,crane_maintenance,berth-admission/current,1.0,38,base-crane
2,38,false,true,true,true,context_conflict,normal,clear,none,feeder,nominal,day,slot-A,on-window,etaOnTime,true,ais_feed,berth-admission/current,1.0,38,base-eta
2,38,false,true,true,true,context_conflict,normal,clear,none,feeder,nominal,day,slot-A,on-window,weatherSafe,true,port_safety,berth-admission/current,1.0,38,base-weather
2,38,false,true,true,true,context_conflict,normal,clear,none,feeder,nominal,day,slot-A,on-window,ready,false,terminal_ops,berth-admission/current,1.0,38,current-ops
2,38,false,true,true,true,context_conflict,normal,clear,none,feeder,nominal,day,slot-A,on-window,ready,true,terminal_ops,berth-admission/planning,1.0,39,planning-context
2,39,true,true,true,false,human_override,normal,clear,none,feeder,nominal,day,slot-A,on-window,ready,true,harbor_master,berth-admission/current,1.0,39,base-ready
2,39,true,true,true,false,human_override,normal,clear,none,feeder,nominal,day,slot-A,on-window,craneOK,true,crane_maintenance,berth-admission/current,1.0,39,base-crane
2,39,true,true,true,false,human_override,normal,clear,none,feeder,nominal,day,slot-A,on-window,etaOnTime,true,ais_feed,berth-admission/current,1.0,39,base-eta
2,39,true,true,true,false,human_override,normal,clear,none,feeder,nominal,day,slot-A,on-window,weatherSafe,false,human_dispatcher,berth-admission/current,1.0,39,human-override
2,39,true,true,true,false,human_override,normal,clear,none,feeder,nominal,day,slot-A,on-window,weatherSafe,true,approved_weather_feed,berth-admission/current,1.0,39,feed-conflict
2,40,false,true,true,true,authority_conflict,normal,clear,none,feeder,nominal,day,slot-A,on-window,craneOK,true,crane_maintenance,berth-admission/current,1.0,40,base-crane
2,40,false,true,true,true,authority_conflict,normal,clear,none,feeder,nominal,day,slot-A,on-window,etaOnTime,true,ais_feed,berth-admission/current,1.0,40,base-eta
2,40,false,true,true,true,authority_conflict,normal,clear,none,feeder,nominal,day,slot-A,on-window,weatherSafe,true,port_safety,berth-admission/current,1.0,40,base-weather
2,40,false,true,true,true,authority_conflict,normal,clear,none,feeder,nominal,day,slot-A,on-window,ready,false,harbor_master,berth-admission/current,1.0,40,authoritative-local
2,40,false,true,true,true,authority_conflict,normal,clear,none,feeder,nominal,day,slot-A,on-window,ready,true,strategic_plan,berth-admission/planning,1.0,40,lower-plan
2,41,true,true,false,true,freshness_conflict,normal,clear,none,feeder,nominal,day,slot-A,on-window,ready,true,harbor_master,berth-admission/current,1.0,41,base-ready
2,41,true,true,false,true,freshness_conflict,normal,clear,none,feeder,nominal,day,slot-A,on-window,craneOK,true,crane_maintenance,berth-admission/current,1.0,41,base-crane
2,41,true,true,false,true,freshness_conflict,normal,clear,none,feeder,nominal,day,slot-A,on-window,weatherSafe,true,port_safety,berth-admission/current,1.0,41,base-weather
2,41,true,true,false,true,freshness_conflict,normal,clear,none,feeder,nominal,day,slot-A,on-window,etaOnTime,false,ais_feed,berth-admission/current,1.0,41,fresh-ais
2,41,true,true,false,true,freshness_conflict,normal,clear,none,feeder,nominal,day,slot-A,on-window,etaOnTime,true,ais_feed,berth-admission/current,1.0,36,stale-ais
2,42,true,true,true,true,context_conflict,normal,clear,none,feeder,nominal,day,slot-A,on-window,craneOK,true,crane_maintenance,berth-admission/current,1.0,42,base-crane
2,42,true,true,true,true,context_conflict,normal,clear,none,feeder,nominal,day,slot-A,on-window,etaOnTime,true,ais_feed,berth-admission/current,1.0,42,base-eta
2,42,true,true,true,true,context_conflict,normal,clear,none,feeder,nominal,day,slot-A,on-window,weatherSafe,true,port_safety,berth-admission/current,1.0,42,base-weather
2,42,true,true,true,true,context_conflict,normal,clear,none,feeder,nominal,day,slot-A,on-window,ready,true,terminal_ops,berth-admission/current,1.0,42,current-ops
2,42,true,true,true,true,context_conflict,normal,clear,none,feeder,nominal,day,slot-A,on-window,ready,false,terminal_ops,berth-admission/planning,1.0,43,planning-context
2,43,true,true,true,false,human_override,normal,clear,none,feeder,nominal,day,slot-A,on-window,ready,true,harbor_master,berth-admission/current,1.0,43,base-ready
2,43,true,true,true,false,human_override,normal,clear,none,feeder,nominal,day,slot-A,on-window,craneOK,true,crane_maintenance,berth-admission/current,1.0,43,base-crane
2,43,true,true,true,false,human_override,normal,clear,none,feeder,nominal,day,slot-A,on-window,etaOnTime,true,ais_feed,berth-admission/current,1.0,43,base-eta
2,43,true,true,true,false,human_override,normal,clear,none,feeder,nominal,day,slot-A,on-window,weatherSafe,false,human_dispatcher,berth-admission/current,1.0,43,human-override
2,43,true,true,true,false,human_override,normal,clear,none,feeder,nominal,day,slot-A,on-window,weatherSafe,true,approved_weather_feed,berth-admission/current,1.0,43,feed-conflict
2,44,false,true,true,true,authority_conflict,normal,clear,none,feeder,nominal,day,slot-A,on-window,craneOK,true,crane_maintenance,berth-admission/current,1.0,44,base-crane
2,44,false,true,true,true,authority_conflict,normal,clear,none,feeder,nominal,day,slot-A,on-window,etaOnTime,true,ais_feed,berth-admission/current,1.0,44,base-eta
2,44,false,true,true,true,authority_conflict,normal,clear,none,feeder,nominal,day,slot-A,on-window,weatherSafe,true,port_safety,berth-admission/current,1.0,44,base-weather
2,44,false,true,true,true,authority_conflict,normal,clear,none,feeder,nominal,day,slot-A,on-window,ready,false,harbor_master,berth-admission/current,1.0,44,authoritative-local
2,44,false,true,true,true,authority_conflict,normal,clear,none,feeder,nominal,day,slot-A,on-window,ready,true,strategic_plan,berth-admission/planning,1.0,44,lower-plan
2,45,true,true,true,true,freshness_conflict,normal,clear,none,feeder,nominal,day,slot-A,on-window,ready,true,harbor_master,berth-admission/current,1.0,45,base-ready
2,45,true,true,true,true,freshness_conflict,normal,clear,none,feeder,nominal,day,slot-A,on-window,craneOK,true,crane_maintenance,berth-admission/current,1.0,45,base-crane
2,45,true,true,true,true,freshness_conflict,normal,clear,none,feeder,nominal,day,slot-A,on-window,weatherSafe,true,port_safety,berth-admission/current,1.0,45,base-weather
2,45,true,true,true,true,freshness_conflict,normal,clear,none,feeder,nominal,day,slot-A,on-window,etaOnTime,true,ais_feed,berth-admission/current,1.0,45,fresh-ais
2,45,true,true,true,true,freshness_conflict,normal,clear,none,feeder,nominal,day,slot-A,on-window,etaOnTime,false,ais_feed,berth-admission/current,1.0,40,stale-ais
2,46,false,true,true,true,context_conflict,normal,clear,none,feeder,nominal,day,slot-A,on-window,craneOK,true,crane_maintenance,berth-admission/current,1.0,46,base-crane
2,46,false,true,true,true,context_conflict,normal,clear,none,feeder,nominal,day,slot-A,on-window,etaOnTime,true,ais_feed,berth-admission/current,1.0,46,base-eta
2,46,false,true,true,true,context_conflict,normal,clear,none,feeder,nominal,day,slot-A,on-window,weatherSafe,true,port_safety,berth-admission/current,1.0,46,base-weather
2,46,false,true,true,true,context_conflict,normal,clear,none,feeder,nominal,day,slot-A,on-window,ready,false,terminal_ops,berth-admission/current,1.0,46,current-ops
2,46,false,true,true,true,context_conflict,normal,clear,none,feeder,nominal,day,slot-A,on-window,ready,true,terminal_ops,berth-admission/planning,1.0,47,planning-context
2,47,true,true,true,false,human_override,normal,clear,none,feeder,nominal,day,slot-A,on-window,ready,true,harbor_master,berth-admission/current,1.0,47,base-ready
2,47,true,true,true,false,human_override,normal,clear,none,feeder,nominal,day,slot-A,on-window,craneOK,true,crane_maintenance,berth-admission/current,1.0,47,base-crane
2,47,true,true,true,false,human_override,normal,clear,none,feeder,nominal,day,slot-A,on-window,etaOnTime,true,ais_feed,berth-admission/current,1.0,47,base-eta
2,47,true,true,true,false,human_override,normal,clear,none,feeder,nominal,day,slot-A,on-window,weatherSafe,false,human_dispatcher,berth-admission/current,1.0,47,human-override
2,47,true,true,true,false,human_override,normal,clear,none,feeder,nominal,day,slot-A,on-window,weatherSafe,true,approved_weather_feed,berth-admission/current,1.0,47,feed-conflict
2,48,true,true,true,true,authority_conflict,normal,clear,none,feeder,nominal,day,slot-A,on-window,craneOK,true,crane_maintenance,berth-admission/current,1.0,48,base-crane
2,48,true,true,true,true,authority_conflict,normal,clear,none,feeder,nominal,day,slot-A,on-window,etaOnTime,true,ais_feed,berth-admission/current,1.0,48,base-eta
2,48,true,true,true,true,authority_conflict,normal,clear,none,feeder,nominal,day,slot-A,on-window,weatherSafe,true,port_safety,berth-admission/current,1.0,48,base-weather
2,48,true,true,true,true,authority_conflict,normal,clear,none,feeder,nominal,day,slot-A,on-window,ready,true,harbor_master,berth-admission/current,1.0,48,authoritative-local
2,48,true,true,true,true,authority_conflict,normal,clear,none,feeder,nominal,day,slot-A,on-window,ready,false,strategic_plan,berth-admission/planning,1.0,48,lower-plan
2,49,true,true,false,true,freshness_conflict,normal,clear,none,feeder,nominal,day,slot-A,on-window,ready,true,harbor_master,berth-admission/current,1.0,49,base-ready
2,49,true,true,false,true,freshness_conflict,normal,clear,none,feeder,nominal,day,slot-A,on-window,craneOK,true,crane_maintenance,berth-admission/current,1.0,49,base-crane
2,49,true,true,false,true,freshness_conflict,normal,clear,none,feeder,nominal,day,slot-A,on-window,weatherSafe,true,port_safety,berth-admission/current,1.0,49,base-weather
2,49,true,true,false,true,freshness_conflict,normal,clear,none,feeder,nominal,day,slot-A,on-window,etaOnTime,false,ais_feed,berth-admission/current,1.0,49,fresh-ais
2,49,true,true,false,true,freshness_conflict,normal,clear,none,feeder,nominal,day,slot-A,on-window,etaOnTime,true,ais_feed,berth-admission/current,1.0,44,stale-ais
2,50,true,true,true,true,context_conflict,normal,clear,none,feeder,nominal,day,slot-A,on-window,craneOK,true,crane_maintenance,berth-admission/current,1.0,50,base-crane
2,50,true,true,true,true,context_conflict,normal,clear,none,feeder,nominal,day,slot-A,on-window,etaOnTime,true,ais_feed,berth-admission/current,1.0,50,base-eta
2,50,true,true,true,true,context_conflict,normal,clear,none,feeder,nominal,day,slot-A,on-window,weatherSafe,true,port_safety,berth-admission/current,1.0,50,base-weather
2,50,true,true,true,true,context_conflict,normal,clear,none,feeder,nominal,day,slot-A,on-window,ready,true,terminal_ops,berth-admission/current,1.0,50,current-ops
2,50,true,true,true,true,context_conflict,normal,clear,none,feeder,nominal,day,slot-A,on-window,ready,false,terminal_ops,berth-admission/planning,1.0,51,planning-context
2,51,true,true,true,false,human_override,normal,clear,none,feeder,nominal,day,slot-A,on-window,ready,true,harbor_master,berth-admission/current,1.0,51,base-ready
2,51,true,true,true,false,human_override,normal,clear,none,feeder,nominal,day,slot-A,on-window,craneOK,true,crane_maintenance,berth-admission/current,1.0,51,base-crane
2,51,true,true,true,false,human_override,normal,clear,none,feeder,nominal,day,slot-A,on-window,etaOnTime,true,ais_feed,berth-admission/current,1.0,51,base-eta
2,51,true,true,true,false,human_override,normal,clear,none,feeder,nominal,day,slot-A,on-window,weatherSafe,false,human_dispatcher,berth-admission/current,1.0,51,human-override
2,51,true,true,true,false,human_override,normal,clear,none,feeder,nominal,day,slot-A,on-window,weatherSafe,true,approved_weather_feed,berth-admission/current,1.0,51,feed-conflict
2,52,false,true,true,true,authority_conflict,normal,clear,none,feeder,nominal,day,slot-A,on-window,craneOK,true,crane_maintenance,berth-admission/current,1.0,52,base-crane
2,52,false,true,true,true,authority_conflict,normal,clear,none,feeder,nominal,day,slot-A,on-window,etaOnTime,true,ais_feed,berth-admission/current,1.0,52,base-eta
2,52,false,true,true,true,authority_conflict,normal,clear,none,feeder,nominal,day,slot-A,on-window,weatherSafe,true,port_safety,berth-admission/current,1.0,52,base-weather
2,52,false,true,true,true,authority_conflict,normal,clear,none,feeder,nominal,day,slot-A,on-window,ready,false,harbor_master,berth-admission/current,1.0,52,authoritative-local
2,52,false,true,true,true,authority_conflict,normal,clear,none,feeder,nominal,day,slot-A,on-window,ready,true,strategic_plan,berth-admission/planning,1.0,52,lower-plan
2,53,true,true,false,true,freshness_conflict,normal,clear,none,feeder,nominal,day,slot-A,on-window,ready,true,harbor_master,berth-admission/current,1.0,53,base-ready
2,53,true,true,false,true,freshness_conflict,normal,clear,none,feeder,nominal,day,slot-A,on-window,craneOK,true,crane_maintenance,berth-admission/current,1.0,53,base-crane
2,53,true,true,false,true,freshness_conflict,normal,clear,none,feeder,nominal,day,slot-A,on-window,weatherSafe,true,port_safety,berth-admission/current,1.0,53,base-weather
2,53,true,true,false,true,freshness_conflict,normal,clear,none,feeder,nominal,day,slot-A,on-window,etaOnTime,false,ais_feed,berth-admission/current,1.0,53,fresh-ais
2,53,true,true,false,true,freshness_conflict,normal,clear,none,feeder,nominal,day,slot-A,on-window,etaOnTime,true,ais_feed,berth-admission/current,1.0,48,stale-ais
2,54,true,true,true,true,context_conflict,normal,clear,none,feeder,nominal,day,slot-A,on-window,craneOK,true,crane_maintenance,berth-admission/current,1.0,54,base-crane
2,54,true,true,true,true,context_conflict,normal,clear,none,feeder,nominal,day,slot-A,on-window,etaOnTime,true,ais_feed,berth-admission/current,1.0,54,base-eta
2,54,true,true,true,true,context_conflict,normal,clear,none,feeder,nominal,day,slot-A,on-window,weatherSafe,true,port_safety,berth-admission/current,1.0,54,base-weather
2,54,true,true,true,true,context_conflict,normal,clear,none,feeder,nominal,day,slot-A,on-window,ready,true,terminal_ops,berth-admission/current,1.0,54,current-ops
2,54,true,true,true,true,context_conflict,normal,clear,none,feeder,nominal,day,slot-A,on-window,ready,false,terminal_ops,berth-admission/planning,1.0,55,planning-context
2,55,true,true,true,false,human_override,normal,clear,none,feeder,nominal,day,slot-A,on-window,ready,true,harbor_master,berth-admission/current,1.0,55,base-ready
2,55,true,true,true,false,human_override,normal,clear,none,feeder,nominal,day,slot-A,on-window,craneOK,true,crane_maintenance,berth-admission/current,1.0,55,base-crane
2,55,true,true,true,false,human_override,normal,clear,none,feeder,nominal,day,slot-A,on-window,etaOnTime,true,ais_feed,berth-admission/current,1.0,55,base-eta
2,55,true,true,true,false,human_override,normal,clear,none,feeder,nominal,day,slot-A,on-window,weatherSafe,false,human_dispatcher,berth-admission/current,1.0,55,human-override
2,55,true,true,true,false,human_override,normal,clear,none,feeder,nominal,day,slot-A,on-window,weatherSafe,true,approved_weather_feed,berth-admission/current,1.0,55,feed-conflict
2,56,false,true,true,true,authority_conflict,normal,clear,none,feeder,nominal,day,slot-A,on-window,craneOK,true,crane_maintenance,berth-admission/current,1.0,56,base-crane
2,56,false,true,true,true,authority_conflict,normal,clear,none,feeder,nominal,day,slot-A,on-window,etaOnTime,true,ais_feed,berth-admission/current,1.0,56,base-eta
2,56,false,true,true,true,authority_conflict,normal,clear,none,feeder,nominal,day,slot-A,on-window,weatherSafe,true,port_safety,berth-admission/current,1.0,56,base-weather
2,56,false,true,true,true,authority_conflict,normal,clear,none,feeder,nominal,day,slot-A,on-window,ready,false,harbor_master,berth-admission/current,1.0,56,authoritative-local
2,56,false,true,true,true,authority_conflict,normal,clear,none,feeder,nominal,day,slot-A,on-window,ready,true,strategic_plan,berth-admission/planning,1.0,56,lower-plan
2,57,true,true,true,true,freshness_conflict,normal,clear,none,feeder,nominal,day,slot-A,on-window,ready,true,harbor_master,berth-admission/current,1.0,57,base-ready
2,57,true,true,true,true,freshness_conflict,normal,clear,none,feeder,nominal,day,slot-A,on-window,craneOK,true,crane_maintenance,berth-admission/current,1.0,57,base-crane
2,57,true,true,true,true,freshness_conflict,normal,clear,none,feeder,nominal,day,slot-A,on-window,weatherSafe,true,port_safety,berth-admission/current,1.0,57,base-weather
2,57,true,true,true,true,freshness_conflict,normal,clear,none,feeder,nominal,day,slot-A,on-window,etaOnTime,true,ais_feed,berth-admission/current,1.0,57,fresh-ais
2,57,true,true,true,true,freshness_conflict,normal,clear,none,feeder,nominal,day,slot-A,on-window,etaOnTime,false,ais_feed,berth-admission/current,1.0,52,stale-ais
2,58,false,true,true,true,context_conflict,normal,clear,none,feeder,nominal,day,slot-A,on-window,craneOK,true,crane_maintenance,berth-admission/current,1.0,58,base-crane
2,58,false,true,true,true,context_conflict,normal,clear,none,feeder,nominal,day,slot-A,on-window,etaOnTime,true,ais_feed,berth-admission/current,1.0,58,base-eta
2,58,false,true,true,true,context_conflict,normal,clear,none,feeder,nominal,day,slot-A,on-window,weatherSafe,true,port_safety,berth-admission/current,1.0,58,base-weather
2,58,false,true,true,true,context_conflict,normal,clear,none,feeder,nominal,day,slot-A,on-window,ready,false,terminal_ops,berth-admission/current,1.0,58,current-ops
2,58,false,true,true,true,context_conflict,normal,clear,none,feeder,nominal,day,slot-A,on-window,ready,true,terminal_ops,berth-admission/planning,1.0,59,planning-context
2,59,true,true,true,false,human_override,normal,clear,none,feeder,nominal,day,slot-A,on-window,ready,true,harbor_master,berth-admission/current,1.0,59,base-ready
2,59,true,true,true,false,human_override,normal,clear,none,feeder,nominal,day,slot-A,on-window,craneOK,true,crane_maintenance,berth-admission/current,1.0,59,base-crane
2,59,true,true,true,false,human_override,normal,clear,none,feeder,nominal,day,slot-A,on-window,etaOnTime,true,ais_feed,berth-admission/current,1.0,59,base-eta
2,59,true,true,true,false,human_override,normal,clear,none,feeder,nominal,day,slot-A,on-window,weatherSafe,false,human_dispatcher,berth-admission/current,1.0,59,human-override
2,59,true,true,true,false,human_override,normal,clear,none,feeder,nominal,day,slot-A,on-window,weatherSafe,true,approved_weather_feed,berth-admission/current,1.0,59,feed-conflict
2,60,false,true,true,true,authority_conflict,normal,clear,none,feeder,nominal,day,slot-A,on-window,craneOK,true,crane_maintenance,berth-admission/current,1.0,60,base-crane
2,60,false,true,true,true,authority_conflict,normal,clear,none,feeder,nominal,day,slot-A,on-window,etaOnTime,true,ais_feed,berth-admission/current,1.0,60,base-eta
2,60,false,true,true,true,authority_conflict,normal,clear,none,feeder,nominal,day,slot-A,on-window,weatherSafe,true,port_safety,berth-admission/current,1.0,60,base-weather
2,60,false,true,true,true,authority_conflict,normal,clear,none,feeder,nominal,day,slot-A,on-window,ready,false,harbor_master,berth-admission/current,1.0,60,authoritative-local
2,60,false,true,true,true,authority_conflict,normal,clear,none,feeder,nominal,day,slot-A,on-window,ready,true,strategic_plan,berth-admission/planning,1.0,60,lower-plan
2,61,true,true,true,true,freshness_conflict,normal,clear,none,feeder,nominal,day,slot-A,on-window,ready,true,harbor_master,berth-admission/current,1.0,61,base-ready
2,61,true,true,true,true,freshness_conflict,normal,clear,none,feeder,nominal,day,slot-A,on-window,craneOK,true,crane_maintenance,berth-admission/current,1.0,61,base-crane
2,61,true,true,true,true,freshness_conflict,normal,clear,none,feeder,nominal,day,slot-A,on-window,weatherSafe,true,port_safety,berth-admission/current,1.0,61,base-weather
2,61,true,true,true,true,freshness_conflict,normal,clear,none,feeder,nominal,day,slot-A,on-window,etaOnTime,true,ais_feed,berth-admission/current,1.0,61,fresh-ais
2,61,true,true,true,true,freshness_conflict,normal,clear,none,feeder,nominal,day,slot-A,on-window,etaOnTime,false,ais_feed,berth-admission/current,1.0,56,stale-ais
2,62,true,true,true,true,context_conflict,normal,clear,none,feeder,nominal,day,slot-A,on-window,craneOK,true,crane_maintenance,berth-admission/current,1.0,62,base-crane
2,62,true,true,true,true,context_conflict,normal,clear,none,feeder,nominal,day,slot-A,on-window,etaOnTime,true,ais_feed,berth-admission/current,1.0,62,base-eta
2,62,true,true,true,true,context_conflict,normal,clear,none,feeder,nominal,day,slot-A,on-window,weatherSafe,true,port_safety,berth-admission/current,1.0,62,base-weather
2,62,true,true,true,true,context_conflict,normal,clear,none,feeder,nominal,day,slot-A,on-window,ready,true,terminal_ops,berth-admission/current,1.0,62,current-ops
2,62,true,true,true,true,context_conflict,normal,clear,none,feeder,nominal,day,slot-A,on-window,ready,false,terminal_ops,berth-admission/planning,1.0,63,planning-context
2,63,true,true,true,true,human_override,normal,clear,none,feeder,nominal,day,slot-A,on-window,ready,true,harbor_master,berth-admission/current,1.0,63,base-ready
2,63,true,true,true,true,human_override,normal,clear,none,feeder,nominal,day,slot-A,on-window,craneOK,true,crane_maintenance,berth-admission/current,1.0,63,base-crane
2,63,true,true,true,true,human_override,normal,clear,none,feeder,nominal,day,slot-A,on-window,etaOnTime,true,ais_feed,berth-admission/current,1.0,63,base-eta
2,63,true,true,true,true,human_override,normal,clear,none,feeder,nominal,day,slot-A,on-window,weatherSafe,true,human_dispatcher,berth-admission/current,1.0,63,human-override
2,63,true,true,true,true,human_override,normal,clear,none,feeder,nominal,day,slot-A,on-window,weatherSafe,false,approved_weather_feed,berth-admission/current,1.0,63,feed-conflict
2,64,false,true,true,true,authority_conflict,normal,clear,none,feeder,nominal,day,slot-A,on-window,craneOK,true,crane_maintenance,berth-admission/current,1.0,64,base-crane
2,64,false,true,true,true,authority_conflict,normal,clear,none,feeder,nominal,day,slot-A,on-window,etaOnTime,true,ais_feed,berth-admission/current,1.0,64,base-eta
2,64,false,true,true,true,authority_conflict,normal,clear,none,feeder,nominal,day,slot-A,on-window,weatherSafe,true,port_safety,berth-admission/current,1.0,64,base-weather
2,64,false,true,true,true,authority_conflict,normal,clear,none,feeder,nominal,day,slot-A,on-window,ready,false,harbor_master,berth-admission/current,1.0,64,authoritative-local
2,64,false,true,true,true,authority_conflict,normal,clear,none,feeder,nominal,day,slot-A,on-window,ready,true,strategic_plan,berth-admission/planning,1.0,64,lower-plan
2,65,true,true,true,true,freshness_conflict,normal,clear,none,feeder,nominal,day,slot-A,on-window,ready,true,harbor_master,berth-admission/current,1.0,65,base-ready
2,65,true,true,true,true,freshness_conflict,normal,clear,none,feeder,nominal,day,slot-A,on-window,craneOK,true,crane_maintenance,berth-admission/current,1.0,65,base-crane
2,65,true,true,true,true,freshness_conflict,normal,clear,none,feeder,nominal,day,slot-A,on-window,weatherSafe,true,port_safety,berth-admission/current,1.0,65,base-weather
2,65,true,true,true,true,freshness_conflict,normal,clear,none,feeder,nominal,day,slot-A,on-window,etaOnTime,true,ais_feed,berth-admission/current,1.0,65,fresh-ais
2,65,true,true,true,true,freshness_conflict,normal,clear,none,feeder,nominal,day,slot-A,on-window,etaOnTime,false,ais_feed,berth-admission/current,1.0,60,stale-ais
2,66,false,true,true,true,context_conflict,normal,clear,none,feeder,nominal,day,slot-A,on-window,craneOK,true,crane_maintenance,berth-admission/current,1.0,66,base-crane
2,66,false,true,true,true,context_conflict,normal,clear,none,feeder,nominal,day,slot-A,on-window,etaOnTime,true,ais_feed,berth-admission/current,1.0,66,base-eta
2,66,false,true,true,true,context_conflict,normal,clear,none,feeder,nominal,day,slot-A,on-window,weatherSafe,true,port_safety,berth-admission/current,1.0,66,base-weather
2,66,false,true,true,true,context_conflict,normal,clear,none,feeder,nominal,day,slot-A,on-window,ready,false,terminal_ops,berth-admission/current,1.0,66,current-ops
2,66,false,true,true,true,context_conflict,normal,clear,none,feeder,nominal,day,slot-A,on-window,ready,true,terminal_ops,berth-admission/planning,1.0,67,planning-context
2,67,true,true,true,true,human_override,normal,clear,none,feeder,nominal,day,slot-A,on-window,ready,true,harbor_master,berth-admission/current,1.0,67,base-ready
2,67,true,true,true,true,human_override,normal,clear,none,feeder,nominal,day,slot-A,on-window,craneOK,true,crane_maintenance,berth-admission/current,1.0,67,base-crane
2,67,true,true,true,true,human_override,normal,clear,none,feeder,nominal,day,slot-A,on-window,etaOnTime,true,ais_feed,berth-admission/current,1.0,67,base-eta
2,67,true,true,true,true,human_override,normal,clear,none,feeder,nominal,day,slot-A,on-window,weatherSafe,true,human_dispatcher,berth-admission/current,1.0,67,human-override
2,67,true,true,true,true,human_override,normal,clear,none,feeder,nominal,day,slot-A,on-window,weatherSafe,false,approved_weather_feed,berth-admission/current,1.0,67,feed-conflict
2,68,false,true,true,true,authority_conflict,normal,clear,none,feeder,nominal,day,slot-A,on-window,craneOK,true,crane_maintenance,berth-admission/current,1.0,68,base-crane
2,68,false,true,true,true,authority_conflict,normal,clear,none,feeder,nominal,day,slot-A,on-window,etaOnTime,true,ais_feed,berth-admission/current,1.0,68,base-eta
2,68,false,true,true,true,authority_conflict,normal,clear,none,feeder,nominal,day,slot-A,on-window,weatherSafe,true,port_safety,berth-admission/current,1.0,68,base-weather
2,68,false,true,true,true,authority_conflict,normal,clear,none,feeder,nominal,day,slot-A,on-window,ready,false,harbor_master,berth-admission/current,1.0,68,authoritative-local
2,68,false,true,true,true,authority_conflict,normal,clear,none,feeder,nominal,day,slot-A,on-window,ready,true,strategic_plan,berth-admission/planning,1.0,68,lower-plan
2,69,true,true,true,true,freshness_conflict,normal,clear,none,feeder,nominal,day,slot-A,on-window,ready,true,harbor_master,berth-admission/current,1.0,69,base-ready
2,69,true,true,true,true,freshness_conflict,normal,clear,none,feeder,nominal,day,slot-A,on-window,craneOK,true,crane_maintenance,berth-admission/current,1.0,69,base-crane
2,69,true,true,true,true,freshness_conflict,normal,clear,none,feeder,nominal,day,slot-A,on-window,weatherSafe,true,port_safety,berth-admission/current,1.0,69,base-weather
2,69,true,true,true,true,freshness_conflict,normal,clear,none,feeder,nominal,day,slot-A,on-window,etaOnTime,true,ais_feed,berth-admission/current,1.0,69,fresh-ais
2,69,true,true,true,true,freshness_conflict,normal,clear,none,feeder,nominal,day,slot-A,on-window,etaOnTime,false,ais_feed,berth-admission/current,1.0,64,stale-ais
2,70,false,true,true,true,context_conflict,normal,clear,none,feeder,nominal,day,slot-A,on-window,craneOK,true,crane_maintenance,berth-admission/current,1.0,70,base-crane
2,70,false,true,true,true,context_conflict,normal,clear,none,feeder,nominal,day,slot-A,on-window,etaOnTime,true,ais_feed,berth-admission/current,1.0,70,base-eta
2,70,false,true,true,true,context_conflict,normal,clear,none,feeder,nominal,day,slot-A,on-window,weatherSafe,true,port_safety,berth-admission/current,1.0,70,base-weather
2,70,false,true,true,true,context_conflict,normal,clear,none,feeder,nominal,day,slot-A,on-window,ready,false,terminal_ops,berth-admission/current,1.0,70,current-ops
2,70,false,true,true,true,context_conflict,normal,clear,none,feeder,nominal,day,slot-A,on-window,ready,true,terminal_ops,berth-admission/planning,1.0,71,planning-context
2,71,true,true,true,false,human_override,normal,clear,none,feeder,nominal,day,slot-A,on-window,ready,true,harbor_master,berth-admission/current,1.0,71,base-ready
2,71,true,true,true,false,human_override,normal,clear,none,feeder,nominal,day,slot-A,on-window,craneOK,true,crane_maintenance,berth-admission/current,1.0,71,base-crane
2,71,true,true,true,false,human_override,normal,clear,none,feeder,nominal,day,slot-A,on-window,etaOnTime,true,ais_feed,berth-admission/current,1.0,71,base-eta
2,71,true,true,true,false,human_override,normal,clear,none,feeder,nominal,day,slot-A,on-window,weatherSafe,false,human_dispatcher,berth-admission/current,1.0,71,human-override
2,71,true,true,true,false,human_override,normal,clear,none,feeder,nominal,day,slot-A,on-window,weatherSafe,true,approved_weather_feed,berth-admission/current,1.0,71,feed-conflict
2,72,false,true,true,true,authority_conflict,normal,clear,none,feeder,nominal,day,slot-A,on-window,craneOK,true,crane_maintenance,berth-admission/current,1.0,72,base-crane
2,72,false,true,true,true,authority_conflict,normal,clear,none,feeder,nominal,day,slot-A,on-window,etaOnTime,true,ais_feed,berth-admission/current,1.0,72,base-eta
2,72,false,true,true,true,authority_conflict,normal,clear,none,feeder,nominal,day,slot-A,on-window,weatherSafe,true,port_safety,berth-admission/current,1.0,72,base-weather
2,72,false,true,true,true,authority_conflict,normal,clear,none,feeder,nominal,day,slot-A,on-window,ready,false,harbor_master,berth-admission/current,1.0,72,authoritative-local
2,72,false,true,true,true,authority_conflict,normal,clear,none,feeder,nominal,day,slot-A,on-window,ready,true,strategic_plan,berth-admission/planning,1.0,72,lower-plan
2,73,true,true,false,true,freshness_conflict,normal,clear,none,feeder,nominal,day,slot-A,on-window,ready,true,harbor_master,berth-admission/current,1.0,73,base-ready
2,73,true,true,false,true,freshness_conflict,normal,clear,none,feeder,nominal,day,slot-A,on-window,craneOK,true,crane_maintenance,berth-admission/current,1.0,73,base-crane
2,73,true,true,false,true,freshness_conflict,normal,clear,none,feeder,nominal,day,slot-A,on-window,weatherSafe,true,port_safety,berth-admission/current,1.0,73,base-weather
2,73,true,true,false,true,freshness_conflict,normal,clear,none,feeder,nominal,day,slot-A,on-window,etaOnTime,false,ais_feed,berth-admission/current,1.0,73,fresh-ais
2,73,true,true,false,true,freshness_conflict,normal,clear,none,feeder,nominal,day,slot-A,on-window,etaOnTime,true,ais_feed,berth-admission/current,1.0,68,stale-ais
2,74,false,true,true,true,context_conflict,normal,clear,none,feeder,nominal,day,slot-A,on-window,craneOK,true,crane_maintenance,berth-admission/current,1.0,74,base-crane
2,74,false,true,true,true,context_conflict,normal,clear,none,feeder,nominal,day,slot-A,on-window,etaOnTime,true,ais_feed,berth-admission/current,1.0,74,base-eta
2,74,false,true,true,true,context_conflict,normal,clear,none,feeder,nominal,day,slot-A,on-window,weatherSafe,true,port_safety,berth-admission/current,1.0,74,base-weather
2,74,false,true,true,true,context_conflict,normal,clear,none,feeder,nominal,day,slot-A,on-window,ready,false,terminal_ops,berth-admission/current,1.0,74,current-ops
2,74,false,true,true,true,context_conflict,normal,clear,none,feeder,nominal,day,slot-A,on-window,ready,true,terminal_ops,berth-admission/planning,1.0,75,planning-context
2,75,true,true,true,false,human_override,normal,clear,none,feeder,nominal,day,slot-A,on-window,ready,true,harbor_master,berth-admission/current,1.0,75,base-ready
2,75,true,true,true,false,human_override,normal,clear,none,feeder,nominal,day,slot-A,on-window,craneOK,true,crane_maintenance,berth-admission/current,1.0,75,base-crane
2,75,true,true,true,false,human_override,normal,clear,none,feeder,nominal,day,slot-A,on-window,etaOnTime,true,ais_feed,berth-admission/current,1.0,75,base-eta
2,75,true,true,true,false,human_override,normal,clear,none,feeder,nominal,day,slot-A,on-window,weatherSafe,false,human_dispatcher,berth-admission/current,1.0,75,human-override
2,75,true,true,true,false,human_override,normal,clear,none,feeder,nominal,day,slot-A,on-window,weatherSafe,true,approved_weather_feed,berth-admission/current,1.0,75,feed-conflict
2,76,true,true,true,true,authority_conflict,normal,clear,none,feeder,nominal,day,slot-A,on-window,craneOK,true,crane_maintenance,berth-admission/current,1.0,76,base-crane
2,76,true,true,true,true,authority_conflict,normal,clear,none,feeder,nominal,day,slot-A,on-window,etaOnTime,true,ais_feed,berth-admission/current,1.0,76,base-eta
2,76,true,true,true,true,authority_conflict,normal,clear,none,feeder,nominal,day,slot-A,on-window,weatherSafe,true,port_safety,berth-admission/current,1.0,76,base-weather
2,76,true,true,true,true,authority_conflict,normal,clear,none,feeder,nominal,day,slot-A,on-window,ready,true,harbor_master,berth-admission/current,1.0,76,authoritative-local
2,76,true,true,true,true,authority_conflict,normal,clear,none,feeder,nominal,day,slot-A,on-window,ready,false,strategic_plan,berth-admission/planning,1.0,76,lower-plan
2,77,true,true,true,true,freshness_conflict,normal,clear,none,feeder,nominal,day,slot-A,on-window,ready,true,harbor_master,berth-admission/current,1.0,77,base-ready
2,77,true,true,true,true,freshness_conflict,normal,clear,none,feeder,nominal,day,slot-A,on-window,craneOK,true,crane_maintenance,berth-admission/current,1.0,77,base-crane
2,77,true,true,true,true,freshness_conflict,normal,clear,none,feeder,nominal,day,slot-A,on-window,weatherSafe,true,port_safety,berth-admission/current,1.0,77,base-weather
2,77,true,true,true,true,freshness_conflict,normal,clear,none,feeder,nominal,day,slot-A,on-window,etaOnTime,true,ais_feed,berth-admission/current,1.0,77,fresh-ais
2,77,true,true,true,true,freshness_conflict,normal,clear,none,feeder,nominal,day,slot-A,on-window,etaOnTime,false,ais_feed,berth-admission/current,1.0,72,stale-ais
2,78,false,true,true,true,context_conflict,normal,clear,none,feeder,nominal,day,slot-A,on-window,craneOK,true,crane_maintenance,berth-admission/current,1.0,78,base-crane
2,78,false,true,true,true,context_conflict,normal,clear,none,feeder,nominal,day,slot-A,on-window,etaOnTime,true,ais_feed,berth-admission/current,1.0,78,base-eta
2,78,false,true,true,true,context_conflict,normal,clear,none,feeder,nominal,day,slot-A,on-window,weatherSafe,true,port_safety,berth-admission/current,1.0,78,base-weather
2,78,false,true,true,true,context_conflict,normal,clear,none,feeder,nominal,day,slot-A,on-window,ready,false,terminal_ops,berth-admission/current,1.0,78,current-ops
2,78,false,true,true,true,context_conflict,normal,clear,none,feeder,nominal,day,slot-A,on-window,ready,true,terminal_ops,berth-admission/planning,1.0,79,planning-context
2,79,true,true,true,false,human_override,normal,clear,none,feeder,nominal,day,slot-A,on-window,ready,true,harbor_master,berth-admission/current,1.0,79,base-ready
2,79,true,true,true,false,human_override,normal,clear,none,feeder,nominal,day,slot-A,on-window,craneOK,true,crane_maintenance,berth-admission/current,1.0,79,base-crane
2,79,true,true,true,false,human_override,normal,clear,none,feeder,nominal,day,slot-A,on-window,etaOnTime,true,ais_feed,berth-admission/current,1.0,79,base-eta
2,79,true,true,true,false,human_override,normal,clear,none,feeder,nominal,day,slot-A,on-window,weatherSafe,false,human_dispatcher,berth-admission/current,1.0,79,human-override
2,79,true,true,true,false,human_override,normal,clear,none,feeder,nominal,day,slot-A,on-window,weatherSafe,true,approved_weather_feed,berth-admission/current,1.0,79,feed-conflict
3,0,true,true,true,true,authority_conflict,normal,clear,none,feeder,nominal,day,slot-A,on-window,craneOK,true,crane_maintenance,berth-admission/current,1.0,0,base-crane
3,0,true,true,true,true,authority_conflict,normal,clear,none,feeder,nominal,day,slot-A,on-window,etaOnTime,true,ais_feed,berth-admission/current,1.0,0,base-eta
3,0,true,true,true,true,authority_conflict,normal,clear,none,feeder,nominal,day,slot-A,on-window,weatherSafe,true,port_safety,berth-admission/current,1.0,0,base-weather
3,0,true,true,true,true,authority_conflict,normal,clear,none,feeder,nominal,day,slot-A,on-window,ready,true,harbor_master,berth-admission/current,1.0,0,authoritative-local
3,0,true,true,true,true,authority_conflict,normal,clear,none,feeder,nominal,day,slot-A,on-window,ready,false,strategic_plan,berth-admission/planning,1.0,0,lower-plan
3,1,true,true,false,true,freshness_conflict,normal,clear,none,feeder,nominal,day,slot-A,on-window,ready,true,harbor_master,berth-admission/current,1.0,1,base-ready
3,1,true,true,false,true,freshness_conflict,normal,clear,none,feeder,nominal,day,slot-A,on-window,craneOK,true,crane_maintenance,berth-admission/current,1.0,1,base-crane
3,1,true,true,false,true,freshness_conflict,normal,clear,none,feeder,nominal,day,slot-A,on-window,weatherSafe,true,port_safety,berth-admission/current,1.0,1,base-weather
3,1,true,true,false,true,freshness_conflict,normal,clear,none,feeder,nominal,day,slot-A,on-window,etaOnTime,false,ais_feed,berth-admission/current,1.0,1,fresh-ais
3,1,true,true,false,true,freshness_conflict,normal,clear,none,feeder,nominal,day,slot-A,on-window,etaOnTime,true,ais_feed,berth-admission/current,1.0,-4,stale-ais
3,2,true,true,true,true,context_conflict,normal,clear,none,feeder,nominal,day,slot-A,on-window,craneOK,true,crane_maintenance,berth-admission/current,1.0,2,base-crane
3,2,true,true,true,true,context_conflict,normal,clear,none,feeder,nominal,day,slot-A,on-window,etaOnTime,true,ais_feed,berth-admission/current,1.0,2,base-eta
3,2,true,true,true,true,context_conflict,normal,clear,none,feeder,nominal,day,slot-A,on-window,weatherSafe,true,port_safety,berth-admission/current,1.0,2,base-weather
3,2,true,true,true,true,context_conflict,normal,clear,none,feeder,nominal,day,slot-A,on-window,ready,true,terminal_ops,berth-admission/current,1.0,2,current-ops
3,2,true,true,true,true,context_conflict,normal,clear,none,feeder,nominal,day,slot-A,on-window,ready,false,terminal_ops,berth-admission/planning,1.0,3,planning-context
3,3,true,true,true,false,human_override,normal,clear,none,feeder,nominal,day,slot-A,on-window,ready,true,harbor_master,berth-admission/current,1.0,3,base-ready
3,3,true,true,true,false,human_override,normal,clear,none,feeder,nominal,day,slot-A,on-window,craneOK,true,crane_maintenance,berth-admission/current,1.0,3,base-crane
3,3,true,true,true,false,human_override,normal,clear,none,feeder,nominal,day,slot-A,on-window,etaOnTime,true,ais_feed,berth-admission/current,1.0,3,base-eta
3,3,true,true,true,false,human_override,normal,clear,none,feeder,nominal,day,slot-A,on-window,weatherSafe,false,human_dispatcher,berth-admission/current,1.0,3,human-override
3,3,true,true,true,false,human_override,normal,clear,none,feeder,nominal,day,slot-A,on-window,weatherSafe,true,approved_weather_feed,berth-admission/current,1.0,3,feed-conflict
3,4,false,true,true,true,authority_conflict,normal,clear,none,feeder,nominal,day,slot-A,on-window,craneOK,true,crane_maintenance,berth-admission/current,1.0,4,base-crane
3,4,false,true,true,true,authority_conflict,normal,clear,none,feeder,nominal,day,slot-A,on-window,etaOnTime,true,ais_feed,berth-admission/current,1.0,4,base-eta
3,4,false,true,true,true,authority_conflict,normal,clear,none,feeder,nominal,day,slot-A,on-window,weatherSafe,true,port_safety,berth-admission/current,1.0,4,base-weather
3,4,false,true,true,true,authority_conflict,normal,clear,none,feeder,nominal,day,slot-A,on-window,ready,false,harbor_master,berth-admission/current,1.0,4,authoritative-local
3,4,false,true,true,true,authority_conflict,normal,clear,none,feeder,nominal,day,slot-A,on-window,ready,true,strategic_plan,berth-admission/planning,1.0,4,lower-plan
3,5,true,true,true,true,freshness_conflict,normal,clear,none,feeder,nominal,day,slot-A,on-window,ready,true,harbor_master,berth-admission/current,1.0,5,base-ready
3,5,true,true,true,true,freshness_conflict,normal,clear,none,feeder,nominal,day,slot-A,on-window,craneOK,true,crane_maintenance,berth-admission/current,1.0,5,base-crane
3,5,true,true,true,true,freshness_conflict,normal,clear,none,feeder,nominal,day,slot-A,on-window,weatherSafe,true,port_safety,berth-admission/current,1.0,5,base-weather
3,5,true,true,true,true,freshness_conflict,normal,clear,none,feeder,nominal,day,slot-A,on-window,etaOnTime,true,ais_feed,berth-admission/current,1.0,5,fresh-ais
3,5,true,true,true,true,freshness_conflict,normal,clear,none,feeder,nominal,day,slot-A,on-window,etaOnTime,false,ais_feed,berth-admission/current,1.0,0,stale-ais
3,6,true,true,true,true,context_conflict,normal,clear,none,feeder,nominal,day,slot-A,on-window,craneOK,true,crane_maintenance,berth-admission/current,1.0,6,base-crane
3,6,true,true,true,true,context_conflict,normal,clear,none,feeder,nominal,day,slot-A,on-window,etaOnTime,true,ais_feed,berth-admission/current,1.0,6,base-eta
3,6,true,true,true,true,context_conflict,normal,clear,none,feeder,nominal,day,slot-A,on-window,weatherSafe,true,port_safety,berth-admission/current,1.0,6,base-weather
3,6,true,true,true,true,context_conflict,normal,clear,none,feeder,nominal,day,slot-A,on-window,ready,true,terminal_ops,berth-admission/current,1.0,6,current-ops
3,6,true,true,true,true,context_conflict,normal,clear,none,feeder,nominal,day,slot-A,on-window,ready,false,terminal_ops,berth-admission/planning,1.0,7,planning-context
3,7,true,true,true,false,human_override,normal,clear,none,feeder,nominal,day,slot-A,on-window,ready,true,harbor_master,berth-admission/current,1.0,7,base-ready
3,7,true,true,true,false,human_override,normal,clear,none,feeder,nominal,day,slot-A,on-window,craneOK,true,crane_maintenance,berth-admission/current,1.0,7,base-crane
3,7,true,true,true,false,human_override,normal,clear,none,feeder,nominal,day,slot-A,on-window,etaOnTime,true,ais_feed,berth-admission/current,1.0,7,base-eta
3,7,true,true,true,false,human_override,normal,clear,none,feeder,nominal,day,slot-A,on-window,weatherSafe,false,human_dispatcher,berth-admission/current,1.0,7,human-override
3,7,true,true,true,false,human_override,normal,clear,none,feeder,nominal,day,slot-A,on-window,weatherSafe,true,approved_weather_feed,berth-admission/current,1.0,7,feed-conflict
3,8,true,true,true,true,authority_conflict,normal,clear,none,feeder,nominal,day,slot-A,on-window,craneOK,true,crane_maintenance,berth-admission/current,1.0,8,base-crane
3,8,true,true,true,true,authority_conflict,normal,clear,none,feeder,nominal,day,slot-A,on-window,etaOnTime,true,ais_feed,berth-admission/current,1.0,8,base-eta
3,8,true,true,true,true,authority_conflict,normal,clear,none,feeder,nominal,day,slot-A,on-window,weatherSafe,true,port_safety,berth-admission/current,1.0,8,base-weather
3,8,true,true,true,true,authority_conflict,normal,clear,none,feeder,nominal,day,slot-A,on-window,ready,true,harbor_master,berth-admission/current,1.0,8,authoritative-local
3,8,true,true,true,true,authority_conflict,normal,clear,none,feeder,nominal,day,slot-A,on-window,ready,false,strategic_plan,berth-admission/planning,1.0,8,lower-plan
3,9,true,true,true,true,freshness_conflict,normal,clear,none,feeder,nominal,day,slot-A,on-window,ready,true,harbor_master,berth-admission/current,1.0,9,base-ready
3,9,true,true,true,true,freshness_conflict,normal,clear,none,feeder,nominal,day,slot-A,on-window,craneOK,true,crane_maintenance,berth-admission/current,1.0,9,base-crane
3,9,true,true,true,true,freshness_conflict,normal,clear,none,feeder,nominal,day,slot-A,on-window,weatherSafe,true,port_safety,berth-admission/current,1.0,9,base-weather
3,9,true,true,true,true,freshness_conflict,normal,clear,none,feeder,nominal,day,slot-A,on-window,etaOnTime,true,ais_feed,berth-admission/current,1.0,9,fresh-ais
3,9,true,true,true,true,freshness_conflict,normal,clear,none,feeder,nominal,day,slot-A,on-window,etaOnTime,false,ais_feed,berth-admission/current,1.0,4,stale-ais
3,10,false,true,true,true,context_conflict,normal,clear,none,feeder,nominal,day,slot-A,on-window,craneOK,true,crane_maintenance,berth-admission/current,1.0,10,base-crane
3,10,false,true,true,true,context_conflict,normal,clear,none,feeder,nominal,day,slot-A,on-window,etaOnTime,true,ais_feed,berth-admission/current,1.0,10,base-eta
3,10,false,true,true,true,context_conflict,normal,clear,none,feeder,nominal,day,slot-A,on-window,weatherSafe,true,port_safety,berth-admission/current,1.0,10,base-weather
3,10,false,true,true,true,context_conflict,normal,clear,none,feeder,nominal,day,slot-A,on-window,ready,false,terminal_ops,berth-admission/current,1.0,10,current-ops
3,10,false,true,true,true,context_conflict,normal,clear,none,feeder,nominal,day,slot-A,on-window,ready,true,terminal_ops,berth-admission/planning,1.0,11,planning-context
3,11,true,true,true,true,human_override,normal,clear,none,feeder,nominal,day,slot-A,on-window,ready,true,harbor_master,berth-admission/current,1.0,11,base-ready
3,11,true,true,true,true,human_override,normal,clear,none,feeder,nominal,day,slot-A,on-window,craneOK,true,crane_maintenance,berth-admission/current,1.0,11,base-crane
3,11,true,true,true,true,human_override,normal,clear,none,feeder,nominal,day,slot-A,on-window,etaOnTime,true,ais_feed,berth-admission/current,1.0,11,base-eta
3,11,true,true,true,true,human_override,normal,clear,none,feeder,nominal,day,slot-A,on-window,weatherSafe,true,human_dispatcher,berth-admission/current,1.0,11,human-override
3,11,true,true,true,true,human_override,normal,clear,none,feeder,nominal,day,slot-A,on-window,weatherSafe,false,approved_weather_feed,berth-admission/current,1.0,11,feed-conflict
3,12,false,true,true,true,authority_conflict,normal,clear,none,feeder,nominal,day,slot-A,on-window,craneOK,true,crane_maintenance,berth-admission/current,1.0,12,base-crane
3,12,false,true,true,true,authority_conflict,normal,clear,none,feeder,nominal,day,slot-A,on-window,etaOnTime,true,ais_feed,berth-admission/current,1.0,12,base-eta
3,12,false,true,true,true,authority_conflict,normal,clear,none,feeder,nominal,day,slot-A,on-window,weatherSafe,true,port_safety,berth-admission/current,1.0,12,base-weather
3,12,false,true,true,true,authority_conflict,normal,clear,none,feeder,nominal,day,slot-A,on-window,ready,false,harbor_master,berth-admission/current,1.0,12,authoritative-local
3,12,false,true,true,true,authority_conflict,normal,clear,none,feeder,nominal,day,slot-A,on-window,ready,true,strategic_plan,berth-admission/planning,1.0,12,lower-plan
3,13,true,true,true,true,freshness_conflict,normal,clear,none,feeder,nominal,day,slot-A,on-window,ready,true,harbor_master,berth-admission/current,1.0,13,base-ready
3,13,true,true,true,true,freshness_conflict,normal,clear,none,feeder,nominal,day,slot-A,on-window,craneOK,true,crane_maintenance,berth-admission/current,1.0,13,base-crane
3,13,true,true,true,true,freshness_conflict,normal,clear,none,feeder,nominal,day,slot-A,on-window,weatherSafe,true,port_safety,berth-admission/current,1.0,13,base-weather
3,13,true,true,true,true,freshness_conflict,normal,clear,none,feeder,nominal,day,slot-A,on-window,etaOnTime,true,ais_feed,berth-admission/current,1.0,13,fresh-ais
3,13,true,true,true,true,freshness_conflict,normal,clear,none,feeder,nominal,day,slot-A,on-window,etaOnTime,false,ais_feed,berth-admission/current,1.0,8,stale-ais
3,14,false,true,true,true,context_conflict,normal,clear,none,feeder,nominal,day,slot-A,on-window,craneOK,true,crane_maintenance,berth-admission/current,1.0,14,base-crane
3,14,false,true,true,true,context_conflict,normal,clear,none,feeder,nominal,day,slot-A,on-window,etaOnTime,true,ais_feed,berth-admission/current,1.0,14,base-eta
3,14,false,true,true,true,context_conflict,normal,clear,none,feeder,nominal,day,slot-A,on-window,weatherSafe,true,port_safety,berth-admission/current,1.0,14,base-weather
3,14,false,true,true,true,context_conflict,normal,clear,none,feeder,nominal,day,slot-A,on-window,ready,false,terminal_ops,berth-admission/current,1.0,14,current-ops
3,14,false,true,true,true,context_conflict,normal,clear,none,feeder,nominal,day,slot-A,on-window,ready,true,terminal_ops,berth-admission/planning,1.0,15,planning-context
3,15,true,true,true,true,human_override,normal,clear,none,feeder,nominal,day,slot-A,on-window,ready,true,harbor_master,berth-admission/current,1.0,15,base-ready
3,15,true,true,true,true,human_override,normal,clear,none,feeder,nominal,day,slot-A,on-window,craneOK,true,crane_maintenance,berth-admission/current,1.0,15,base-crane
3,15,true,true,true,true,human_override,normal,clear,none,feeder,nominal,day,slot-A,on-window,etaOnTime,true,ais_feed,berth-admission/current,1.0,15,base-eta
3,15,true,true,true,true,human_override,normal,clear,none,feeder,nominal,day,slot-A,on-window,weatherSafe,true,human_dispatcher,berth-admission/current,1.0,15,human-override
3,15,true,true,true,true,human_override,normal,clear,none,feeder,nominal,day,slot-A,on-window,weatherSafe,false,approved_weather_feed,berth-admission/current,1.0,15,feed-conflict
3,16,false,true,true,true,authority_conflict,normal,clear,none,feeder,nominal,day,slot-A,on-window,craneOK,true,crane_maintenance,berth-admission/current,1.0,16,base-crane
3,16,false,true,true,true,authority_conflict,normal,clear,none,feeder,nominal,day,slot-A,on-window,etaOnTime,true,ais_feed,berth-admission/current,1.0,16,base-eta
3,16,false,true,true,true,authority_conflict,normal,clear,none,feeder,nominal,day,slot-A,on-window,weatherSafe,true,port_safety,berth-admission/current,1.0,16,base-weather
3,16,false,true,true,true,authority_conflict,normal,clear,none,feeder,nominal,day,slot-A,on-window,ready,false,harbor_master,berth-admission/current,1.0,16,authoritative-local
3,16,false,true,true,true,authority_conflict,normal,clear,none,feeder,nominal,day,slot-A,on-window,ready,true,strategic_plan,berth-admission/planning,1.0,16,lower-plan
3,17,true,true,false,true,freshness_conflict,normal,clear,none,feeder,nominal,day,slot-A,on-window,ready,true,harbor_master,berth-admission/current,1.0,17,base-ready
3,17,true,true,false,true,freshness_conflict,normal,clear,none,feeder,nominal,day,slot-A,on-window,craneOK,true,crane_maintenance,berth-admission/current,1.0,17,base-crane
3,17,true,true,false,true,freshness_conflict,normal,clear,none,feeder,nominal,day,slot-A,on-window,weatherSafe,true,port_safety,berth-admission/current,1.0,17,base-weather
3,17,true,true,false,true,freshness_conflict,normal,clear,none,feeder,nominal,day,slot-A,on-window,etaOnTime,false,ais_feed,berth-admission/current,1.0,17,fresh-ais
3,17,true,true,false,true,freshness_conflict,normal,clear,none,feeder,nominal,day,slot-A,on-window,etaOnTime,true,ais_feed,berth-admission/current,1.0,12,stale-ais
3,18,false,true,true,true,context_conflict,normal,clear,none,feeder,nominal,day,slot-A,on-window,craneOK,true,crane_maintenance,berth-admission/current,1.0,18,base-crane
3,18,false,true,true,true,context_conflict,normal,clear,none,feeder,nominal,day,slot-A,on-window,etaOnTime,true,ais_feed,berth-admission/current,1.0,18,base-eta
3,18,false,true,true,true,context_conflict,normal,clear,none,feeder,nominal,day,slot-A,on-window,weatherSafe,true,port_safety,berth-admission/current,1.0,18,base-weather
3,18,false,true,true,true,context_conflict,normal,clear,none,feeder,nominal,day,slot-A,on-window,ready,false,terminal_ops,berth-admission/current,1.0,18,current-ops
3,18,false,true,true,true,context_conflict,normal,clear,none,feeder,nominal,day,slot-A,on-window,ready,true,terminal_ops,berth-admission/planning,1.0,19,planning-context
3,19,true,true,true,false,human_override,normal,clear,none,feeder,nominal,day,slot-A,on-window,ready,true,harbor_master,berth-admission/current,1.0,19,base-ready
3,19,true,true,true,false,human_override,normal,clear,none,feeder,nominal,day,slot-A,on-window,craneOK,true,crane_maintenance,berth-admission/current,1.0,19,base-crane
3,19,true,true,true,false,human_override,normal,clear,none,feeder,nominal,day,slot-A,on-window,etaOnTime,true,ais_feed,berth-admission/current,1.0,19,base-eta
3,19,true,true,true,false,human_override,normal,clear,none,feeder,nominal,day,slot-A,on-window,weatherSafe,false,human_dispatcher,berth-admission/current,1.0,19,human-override
3,19,true,true,true,false,human_override,normal,clear,none,feeder,nominal,day,slot-A,on-window,weatherSafe,true,approved_weather_feed,berth-admission/current,1.0,19,feed-conflict
3,20,false,true,true,true,authority_conflict,normal,clear,none,feeder,nominal,day,slot-A,on-window,craneOK,true,crane_maintenance,berth-admission/current,1.0,20,base-crane
3,20,false,true,true,true,authority_conflict,normal,clear,none,feeder,nominal,day,slot-A,on-window,etaOnTime,true,ais_feed,berth-admission/current,1.0,20,base-eta
3,20,false,true,true,true,authority_conflict,normal,clear,none,feeder,nominal,day,slot-A,on-window,weatherSafe,true,port_safety,berth-admission/current,1.0,20,base-weather
3,20,false,true,true,true,authority_conflict,normal,clear,none,feeder,nominal,day,slot-A,on-window,ready,false,harbor_master,berth-admission/current,1.0,20,authoritative-local
3,20,false,true,true,true,authority_conflict,normal,clear,none,feeder,nominal,day,slot-A,on-window,ready,true,strategic_plan,berth-admission/planning,1.0,20,lower-plan
3,21,true,true,true,true,freshness_conflict,normal,clear,none,feeder,nominal,day,slot-A,on-window,ready,true,harbor_master,berth-admission/current,1.0,21,base-ready
3,21,true,true,true,true,freshness_conflict,normal,clear,none,feeder,nominal,day,slot-A,on-window,craneOK,true,crane_maintenance,berth-admission/current,1.0,21,base-crane
3,21,true,true,true,true,freshness_conflict,normal,clear,none,feeder,nominal,day,slot-A,on-window,weatherSafe,true,port_safety,berth-admission/current,1.0,21,base-weather
3,21,true,true,true,true,freshness_conflict,normal,clear,none,feeder,nominal,day,slot-A,on-window,etaOnTime,true,ais_feed,berth-admission/current,1.0,21,fresh-ais
3,21,true,true,true,true,freshness_conflict,normal,clear,none,feeder,nominal,day,slot-A,on-window,etaOnTime,false,ais_feed,berth-admission/current,1.0,16,stale-ais
3,22,false,true,true,true,context_conflict,normal,clear,none,feeder,nominal,day,slot-A,on-window,craneOK,true,crane_maintenance,berth-admission/current,1.0,22,base-crane
3,22,false,true,true,true,context_conflict,normal,clear,none,feeder,nominal,day,slot-A,on-window,etaOnTime,true,ais_feed,berth-admission/current,1.0,22,base-eta
3,22,false,true,true,true,context_conflict,normal,clear,none,feeder,nominal,day,slot-A,on-window,weatherSafe,true,port_safety,berth-admission/current,1.0,22,base-weather
3,22,false,true,true,true,context_conflict,normal,clear,none,feeder,nominal,day,slot-A,on-window,ready,false,terminal_ops,berth-admission/current,1.0,22,current-ops
3,22,false,true,true,true,context_conflict,normal,clear,none,feeder,nominal,day,slot-A,on-window,ready,true,terminal_ops,berth-admission/planning,1.0,23,planning-context
3,23,true,true,true,false,human_override,normal,clear,none,feeder,nominal,day,slot-A,on-window,ready,true,harbor_master,berth-admission/current,1.0,23,base-ready
3,23,true,true,true,false,human_override,normal,clear,none,feeder,nominal,day,slot-A,on-window,craneOK,true,crane_maintenance,berth-admission/current,1.0,23,base-crane
3,23,true,true,true,false,human_override,normal,clear,none,feeder,nominal,day,slot-A,on-window,etaOnTime,true,ais_feed,berth-admission/current,1.0,23,base-eta
3,23,true,true,true,false,human_override,normal,clear,none,feeder,nominal,day,slot-A,on-window,weatherSafe,false,human_dispatcher,berth-admission/current,1.0,23,human-override
3,23,true,true,true,false,human_override,normal,clear,none,feeder,nominal,day,slot-A,on-window,weatherSafe,true,approved_weather_feed,berth-admission/current,1.0,23,feed-conflict
3,24,true,true,true,true,authority_conflict,normal,clear,none,feeder,nominal,day,slot-A,on-window,craneOK,true,crane_maintenance,berth-admission/current,1.0,24,base-crane
3,24,true,true,true,true,authority_conflict,normal,clear,none,feeder,nominal,day,slot-A,on-window,etaOnTime,true,ais_feed,berth-admission/current,1.0,24,base-eta
3,24,true,true,true,true,authority_conflict,normal,clear,none,feeder,nominal,day,slot-A,on-window,weatherSafe,true,port_safety,berth-admission/current,1.0,24,base-weather
3,24,true,true,true,true,authority_conflict,normal,clear,none,feeder,nominal,day,slot-A,on-window,ready,true,harbor_master,berth-admission/current,1.0,24,authoritative-local
3,24,true,true,true,true,authority_conflict,normal,clear,none,feeder,nominal,day,slot-A,on-window,ready,false,strategic_plan,berth-admission/planning,1.0,24,lower-plan
3,25,true,true,true,true,freshness_conflict,normal,clear,none,feeder,nominal,day,slot-A,on-window,ready,true,harbor_master,berth-admission/current,1.0,25,base-ready
3,25,true,true,true,true,freshness_conflict,normal,clear,none,feeder,nominal,day,slot-A,on-window,craneOK,true,crane_maintenance,berth-admission/current,1.0,25,base-crane
3,25,true,true,true,true,freshness_conflict,normal,clear,none,feeder,nominal,day,slot-A,on-window,weatherSafe,true,port_safety,berth-admission/current,1.0,25,base-weather
3,25,true,true,true,true,freshness_conflict,normal,clear,none,feeder,nominal,day,slot-A,on-window,etaOnTime,true,ais_feed,berth-admission/current,1.0,25,fresh-ais
3,25,true,true,true,true,freshness_conflict,normal,clear,none,feeder,nominal,day,slot-A,on-window,etaOnTime,false,ais_feed,berth-admission/current,1.0,20,stale-ais
3,26,false,true,true,true,context_conflict,normal,clear,none,feeder,nominal,day,slot-A,on-window,craneOK,true,crane_maintenance,berth-admission/current,1.0,26,base-crane
3,26,false,true,true,true,context_conflict,normal,clear,none,feeder,nominal,day,slot-A,on-window,etaOnTime,true,ais_feed,berth-admission/current,1.0,26,base-eta
3,26,false,true,true,true,context_conflict,normal,clear,none,feeder,nominal,day,slot-A,on-window,weatherSafe,true,port_safety,berth-admission/current,1.0,26,base-weather
3,26,false,true,true,true,context_conflict,normal,clear,none,feeder,nominal,day,slot-A,on-window,ready,false,terminal_ops,berth-admission/current,1.0,26,current-ops
3,26,false,true,true,true,context_conflict,normal,clear,none,feeder,nominal,day,slot-A,on-window,ready,true,terminal_ops,berth-admission/planning,1.0,27,planning-context
3,27,true,true,true,true,human_override,normal,clear,none,feeder,nominal,day,slot-A,on-window,ready,true,harbor_master,berth-admission/current,1.0,27,base-ready
3,27,true,true,true,true,human_override,normal,clear,none,feeder,nominal,day,slot-A,on-window,craneOK,true,crane_maintenance,berth-admission/current,1.0,27,base-crane
3,27,true,true,true,true,human_override,normal,clear,none,feeder,nominal,day,slot-A,on-window,etaOnTime,true,ais_feed,berth-admission/current,1.0,27,base-eta
3,27,true,true,true,true,human_override,normal,clear,none,feeder,nominal,day,slot-A,on-window,weatherSafe,true,human_dispatcher,berth-admission/current,1.0,27,human-override
3,27,true,true,true,true,human_override,normal,clear,none,feeder,nominal,day,slot-A,on-window,weatherSafe,false,approved_weather_feed,berth-admission/current,1.0,27,feed-conflict
3,28,false,true,true,true,authority_conflict,normal,clear,none,feeder,nominal,day,slot-A,on-window,craneOK,true,crane_maintenance,berth-admission/current,1.0,28,base-crane
3,28,false,true,true,true,authority_conflict,normal,clear,none,feeder,nominal,day,slot-A,on-window,etaOnTime,true,ais_feed,berth-admission/current,1.0,28,base-eta
3,28,false,true,true,true,authority_conflict,normal,clear,none,feeder,nominal,day,slot-A,on-window,weatherSafe,true,port_safety,berth-admission/current,1.0,28,base-weather
3,28,false,true,true,true,authority_conflict,normal,clear,none,feeder,nominal,day,slot-A,on-window,ready,false,harbor_master,berth-admission/current,1.0,28,authoritative-local
3,28,false,true,true,true,authority_conflict,normal,clear,none,feeder,nominal,day,slot-A,on-window,ready,true,strategic_plan,berth-admission/planning,1.0,28,lower-plan
3,29,true,true,false,true,freshness_conflict,normal,clear,none,feeder,nominal,day,slot-A,on-window,ready,true,harbor_master,berth-admission/current,1.0,29,base-ready
3,29,true,true,false,true,freshness_conflict,normal,clear,none,feeder,nominal,day,slot-A,on-window,craneOK,true,crane_maintenance,berth-admission/current,1.0,29,base-crane
3,29,true,true,false,true,freshness_conflict,normal,clear,none,feeder,nominal,day,slot-A,on-window,weatherSafe,true,port_safety,berth-admission/current,1.0,29,base-weather
3,29,true,true,false,true,freshness_conflict,normal,clear,none,feeder,nominal,day,slot-A,on-window,etaOnTime,false,ais_feed,berth-admission/current,1.0,29,fresh-ais
3,29,true,true,false,true,freshness_conflict,normal,clear,none,feeder,nominal,day,slot-A,on-window,etaOnTime,true,ais_feed,berth-admission/current,1.0,24,stale-ais
3,30,false,true,true,true,context_conflict,normal,clear,none,feeder,nominal,day,slot-A,on-window,craneOK,true,crane_maintenance,berth-admission/current,1.0,30,base-crane
3,30,false,true,true,true,context_conflict,normal,clear,none,feeder,nominal,day,slot-A,on-window,etaOnTime,true,ais_feed,berth-admission/current,1.0,30,base-eta
3,30,false,true,true,true,context_conflict,normal,clear,none,feeder,nominal,day,slot-A,on-window,weatherSafe,true,port_safety,berth-admission/current,1.0,30,base-weather
3,30,false,true,true,true,context_conflict,normal,clear,none,feeder,nominal,day,slot-A,on-window,ready,false,terminal_ops,berth-admission/current,1.0,30,current-ops
3,30,false,true,true,true,context_conflict,normal,clear,none,feeder,nominal,day,slot-A,on-window,ready,true,terminal_ops,berth-admission/planning,1.0,31,planning-context
3,31,true,true,true,false,human_override,normal,clear,none,feeder,nominal,day,slot-A,on-window,ready,true,harbor_master,berth-admission/current,1.0,31,base-ready
3,31,true,true,true,false,human_override,normal,clear,none,feeder,nominal,day,slot-A,on-window,craneOK,true,crane_maintenance,berth-admission/current,1.0,31,base-crane
3,31,true,true,true,false,human_override,normal,clear,none,feeder,nominal,day,slot-A,on-window,etaOnTime,true,ais_feed,berth-admission/current,1.0,31,base-eta
3,31,true,true,true,false,human_override,normal,clear,none,feeder,nominal,day,slot-A,on-window,weatherSafe,false,human_dispatcher,berth-admission/current,1.0,31,human-override
3,31,true,true,true,false,human_override,normal,clear,none,feeder,nominal,day,slot-A,on-window,weatherSafe,true,approved_weather_feed,berth-admission/current,1.0,31,feed-conflict
3,32,true,true,true,true,authority_conflict,normal,clear,none,feeder,nominal,day,slot-A,on-window,craneOK,true,crane_maintenance,berth-admission/current,1.0,32,base-crane
3,32,true,true,true,true,authority_conflict,normal,clear,none,feeder,nominal,day,slot-A,on-window,etaOnTime,true,ais_feed,berth-admission/current,1.0,32,base-eta
3,32,true,true,true,true,authority_conflict,normal,clear,none,feeder,nominal,day,slot-A,on-window,weatherSafe,true,port_safety,berth-admission/current,1.0,32,base-weather
3,32,true,true,true,true,authority_conflict,normal,clear,none,feeder,nominal,day,slot-A,on-window,ready,true,harbor_master,berth-admission/current,1.0,32,authoritative-local
3,32,true,true,true,true,authority_conflict,normal,clear,none,feeder,nominal,day,slot-A,on-window,ready,false,strategic_plan,berth-admission/planning,1.0,32,lower-plan
3,33,true,true,false,true,freshness_conflict,normal,clear,none,feeder,nominal,day,slot-A,on-window,ready,true,harbor_master,berth-admission/current,1.0,33,base-ready
3,33,true,true,false,true,freshness_conflict,normal,clear,none,feeder,nominal,day,slot-A,on-window,craneOK,true,crane_maintenance,berth-admission/current,1.0,33,base-crane
3,33,true,true,false,true,freshness_conflict,normal,clear,none,feeder,nominal,day,slot-A,on-window,weatherSafe,true,port_safety,berth-admission/current,1.0,33,base-weather
3,33,true,true,false,true,freshness_conflict,normal,clear,none,feeder,nominal,day,slot-A,on-window,etaOnTime,false,ais_feed,berth-admission/current,1.0,33,fresh-ais
3,33,true,true,false,true,freshness_conflict,normal,clear,none,feeder,nominal,day,slot-A,on-window,etaOnTime,true,ais_feed,berth-admission/current,1.0,28,stale-ais
3,34,true,true,true,true,context_conflict,normal,clear,none,feeder,nominal,day,slot-A,on-window,craneOK,true,crane_maintenance,berth-admission/current,1.0,34,base-crane
3,34,true,true,true,true,context_conflict,normal,clear,none,feeder,nominal,day,slot-A,on-window,etaOnTime,true,ais_feed,berth-admission/current,1.0,34,base-eta
3,34,true,true,true,true,context_conflict,normal,clear,none,feeder,nominal,day,slot-A,on-window,weatherSafe,true,port_safety,berth-admission/current,1.0,34,base-weather
3,34,true,true,true,true,context_conflict,normal,clear,none,feeder,nominal,day,slot-A,on-window,ready,true,terminal_ops,berth-admission/current,1.0,34,current-ops
3,34,true,true,true,true,context_conflict,normal,clear,none,feeder,nominal,day,slot-A,on-window,ready,false,terminal_ops,berth-admission/planning,1.0,35,planning-context
3,35,true,true,true,false,human_override,normal,clear,none,feeder,nominal,day,slot-A,on-window,ready,true,harbor_master,berth-admission/current,1.0,35,base-ready
3,35,true,true,true,false,human_override,normal,clear,none,feeder,nominal,day,slot-A,on-window,craneOK,true,crane_maintenance,berth-admission/current,1.0,35,base-crane
3,35,true,true,true,false,human_override,normal,clear,none,feeder,nominal,day,slot-A,on-window,etaOnTime,true,ais_feed,berth-admission/current,1.0,35,base-eta
3,35,true,true,true,false,human_override,normal,clear,none,feeder,nominal,day,slot-A,on-window,weatherSafe,false,human_dispatcher,berth-admission/current,1.0,35,human-override
3,35,true,true,true,false,human_override,normal,clear,none,feeder,nominal,day,slot-A,on-window,weatherSafe,true,approved_weather_feed,berth-admission/current,1.0,35,feed-conflict
3,36,false,true,true,true,authority_conflict,normal,clear,none,feeder,nominal,day,slot-A,on-window,craneOK,true,crane_maintenance,berth-admission/current,1.0,36,base-crane
3,36,false,true,true,true,authority_conflict,normal,clear,none,feeder,nominal,day,slot-A,on-window,etaOnTime,true,ais_feed,berth-admission/current,1.0,36,base-eta
3,36,false,true,true,true,authority_conflict,normal,clear,none,feeder,nominal,day,slot-A,on-window,weatherSafe,true,port_safety,berth-admission/current,1.0,36,base-weather
3,36,false,true,true,true,authority_conflict,normal,clear,none,feeder,nominal,day,slot-A,on-window,ready,false,harbor_master,berth-admission/current,1.0,36,authoritative-local
3,36,false,true,true,true,authority_conflict,normal,clear,none,feeder,nominal,day,slot-A,on-window,ready,true,strategic_plan,berth-admission/planning,1.0,36,lower-plan
3,37,true,true,true,true,freshness_conflict,normal,clear,none,feeder,nominal,day,slot-A,on-window,ready,true,harbor_master,berth-admission/current,1.0,37,base-ready
3,37,true,true,true,true,freshness_conflict,normal,clear,none,feeder,nominal,day,slot-A,on-window,craneOK,true,crane_maintenance,berth-admission/current,1.0,37,base-crane
3,37,true,true,true,true,freshness_conflict,normal,clear,none,feeder,nominal,day,slot-A,on-window,weatherSafe,true,port_safety,berth-admission/current,1.0,37,base-weather
3,37,true,true,true,true,freshness_conflict,normal,clear,none,feeder,nominal,day,slot-A,on-window,etaOnTime,true,ais_feed,berth-admission/current,1.0,37,fresh-ais
3,37,true,true,true,true,freshness_conflict,normal,clear,none,feeder,nominal,day,slot-A,on-window,etaOnTime,false,ais_feed,berth-admission/current,1.0,32,stale-ais
3,38,true,true,true,true,context_conflict,normal,clear,none,feeder,nominal,day,slot-A,on-window,craneOK,true,crane_maintenance,berth-admission/current,1.0,38,base-crane
3,38,true,true,true,true,context_conflict,normal,clear,none,feeder,nominal,day,slot-A,on-window,etaOnTime,true,ais_feed,berth-admission/current,1.0,38,base-eta
3,38,true,true,true,true,context_conflict,normal,clear,none,feeder,nominal,day,slot-A,on-window,weatherSafe,true,port_safety,berth-admission/current,1.0,38,base-weather
3,38,true,true,true,true,context_conflict,normal,clear,none,feeder,nominal,day,slot-A,on-window,ready,true,terminal_ops,berth-admission/current,1.0,38,current-ops
3,38,true,true,true,true,context_conflict,normal,clear,none,feeder,nominal,day,slot-A,on-window,ready,false,terminal_ops,berth-admission/planning,1.0,39,planning-context
3,39,true,true,true,true,human_override,normal,clear,none,feeder,nominal,day,slot-A,on-window,ready,true,harbor_master,berth-admission/current,1.0,39,base-ready
3,39,true,true,true,true,human_override,normal,clear,none,feeder,nominal,day,slot-A,on-window,craneOK,true,crane_maintenance,berth-admission/current,1.0,39,base-crane
3,39,true,true,true,true,human_override,normal,clear,none,feeder,nominal,day,slot-A,on-window,etaOnTime,true,ais_feed,berth-admission/current,1.0,39,base-eta
3,39,true,true,true,true,human_override,normal,clear,none,feeder,nominal,day,slot-A,on-window,weatherSafe,true,human_dispatcher,berth-admission/current,1.0,39,human-override
3,39,true,true,true,true,human_override,normal,clear,none,feeder,nominal,day,slot-A,on-window,weatherSafe,false,approved_weather_feed,berth-admission/current,1.0,39,feed-conflict
3,40,false,true,true,true,authority_conflict,normal,clear,none,feeder,nominal,day,slot-A,on-window,craneOK,true,crane_maintenance,berth-admission/current,1.0,40,base-crane
3,40,false,true,true,true,authority_conflict,normal,clear,none,feeder,nominal,day,slot-A,on-window,etaOnTime,true,ais_feed,berth-admission/current,1.0,40,base-eta
3,40,false,true,true,true,authority_conflict,normal,clear,none,feeder,nominal,day,slot-A,on-window,weatherSafe,true,port_safety,berth-admission/current,1.0,40,base-weather
3,40,false,true,true,true,authority_conflict,normal,clear,none,feeder,nominal,day,slot-A,on-window,ready,false,harbor_master,berth-admission/current,1.0,40,authoritative-local
3,40,false,true,true,true,authority_conflict,normal,clear,none,feeder,nominal,day,slot-A,on-window,ready,true,strategic_plan,berth-admission/planning,1.0,40,lower-plan
3,41,true,true,true,true,freshness_conflict,normal,clear,none,feeder,nominal,day,slot-A,on-window,ready,true,harbor_master,berth-admission/current,1.0,41,base-ready
3,41,true,true,true,true,freshness_conflict,normal,clear,none,feeder,nominal,day,slot-A,on-window,craneOK,true,crane_maintenance,berth-admission/current,1.0,41,base-crane
3,41,true,true,true,true,freshness_conflict,normal,clear,none,feeder,nominal,day,slot-A,on-window,weatherSafe,true,port_safety,berth-admission/current,1.0,41,base-weather
3,41,true,true,true,true,freshness_conflict,normal,clear,none,feeder,nominal,day,slot-A,on-window,etaOnTime,true,ais_feed,berth-admission/current,1.0,41,fresh-ais
3,41,true,true,true,true,freshness_conflict,normal,clear,none,feeder,nominal,day,slot-A,on-window,etaOnTime,false,ais_feed,berth-admission/current,1.0,36,stale-ais
3,42,false,true,true,true,context_conflict,normal,clear,none,feeder,nominal,day,slot-A,on-window,craneOK,true,crane_maintenance,berth-admission/current,1.0,42,base-crane
3,42,false,true,true,true,context_conflict,normal,clear,none,feeder,nominal,day,slot-A,on-window,etaOnTime,true,ais_feed,berth-admission/current,1.0,42,base-eta
3,42,false,true,true,true,context_conflict,normal,clear,none,feeder,nominal,day,slot-A,on-window,weatherSafe,true,port_safety,berth-admission/current,1.0,42,base-weather
3,42,false,true,true,true,context_conflict,normal,clear,none,feeder,nominal,day,slot-A,on-window,ready,false,terminal_ops,berth-admission/current,1.0,42,current-ops
3,42,false,true,true,true,context_conflict,normal,clear,none,feeder,nominal,day,slot-A,on-window,ready,true,terminal_ops,berth-admission/planning,1.0,43,planning-context
3,43,true,true,true,true,human_override,normal,clear,none,feeder,nominal,day,slot-A,on-window,ready,true,harbor_master,berth-admission/current,1.0,43,base-ready
3,43,true,true,true,true,human_override,normal,clear,none,feeder,nominal,day,slot-A,on-window,craneOK,true,crane_maintenance,berth-admission/current,1.0,43,base-crane
3,43,true,true,true,true,human_override,normal,clear,none,feeder,nominal,day,slot-A,on-window,etaOnTime,true,ais_feed,berth-admission/current,1.0,43,base-eta
3,43,true,true,true,true,human_override,normal,clear,none,feeder,nominal,day,slot-A,on-window,weatherSafe,true,human_dispatcher,berth-admission/current,1.0,43,human-override
3,43,true,true,true,true,human_override,normal,clear,none,feeder,nominal,day,slot-A,on-window,weatherSafe,false,approved_weather_feed,berth-admission/current,1.0,43,feed-conflict
3,44,false,true,true,true,authority_conflict,normal,clear,none,feeder,nominal,day,slot-A,on-window,craneOK,true,crane_maintenance,berth-admission/current,1.0,44,base-crane
3,44,false,true,true,true,authority_conflict,normal,clear,none,feeder,nominal,day,slot-A,on-window,etaOnTime,true,ais_feed,berth-admission/current,1.0,44,base-eta
3,44,false,true,true,true,authority_conflict,normal,clear,none,feeder,nominal,day,slot-A,on-window,weatherSafe,true,port_safety,berth-admission/current,1.0,44,base-weather
3,44,false,true,true,true,authority_conflict,normal,clear,none,feeder,nominal,day,slot-A,on-window,ready,false,harbor_master,berth-admission/current,1.0,44,authoritative-local
3,44,false,true,true,true,authority_conflict,normal,clear,none,feeder,nominal,day,slot-A,on-window,ready,true,strategic_plan,berth-admission/planning,1.0,44,lower-plan
3,45,true,true,true,true,freshness_conflict,normal,clear,none,feeder,nominal,day,slot-A,on-window,ready,true,harbor_master,berth-admission/current,1.0,45,base-ready
3,45,true,true,true,true,freshness_conflict,normal,clear,none,feeder,nominal,day,slot-A,on-window,craneOK,true,crane_maintenance,berth-admission/current,1.0,45,base-crane
3,45,true,true,true,true,freshness_conflict,normal,clear,none,feeder,nominal,day,slot-A,on-window,weatherSafe,true,port_safety,berth-admission/current,1.0,45,base-weather
3,45,true,true,true,true,freshness_conflict,normal,clear,none,feeder,nominal,day,slot-A,on-window,etaOnTime,true,ais_feed,berth-admission/current,1.0,45,fresh-ais
3,45,true,true,true,true,freshness_conflict,normal,clear,none,feeder,nominal,day,slot-A,on-window,etaOnTime,false,ais_feed,berth-admission/current,1.0,40,stale-ais
3,46,true,true,true,true,context_conflict,normal,clear,none,feeder,nominal,day,slot-A,on-window,craneOK,true,crane_maintenance,berth-admission/current,1.0,46,base-crane
3,46,true,true,true,true,context_conflict,normal,clear,none,feeder,nominal,day,slot-A,on-window,etaOnTime,true,ais_feed,berth-admission/current,1.0,46,base-eta
3,46,true,true,true,true,context_conflict,normal,clear,none,feeder,nominal,day,slot-A,on-window,weatherSafe,true,port_safety,berth-admission/current,1.0,46,base-weather
3,46,true,true,true,true,context_conflict,normal,clear,none,feeder,nominal,day,slot-A,on-window,ready,true,terminal_ops,berth-admission/current,1.0,46,current-ops
3,46,true,true,true,true,context_conflict,normal,clear,none,feeder,nominal,day,slot-A,on-window,ready,false,terminal_ops,berth-admission/planning,1.0,47,planning-context
3,47,true,true,true,false,human_override,normal,clear,none,feeder,nominal,day,slot-A,on-window,ready,true,harbor_master,berth-admission/current,1.0,47,base-ready
3,47,true,true,true,false,human_override,normal,clear,none,feeder,nominal,day,slot-A,on-window,craneOK,true,crane_maintenance,berth-admission/current,1.0,47,base-crane
3,47,true,true,true,false,human_override,normal,clear,none,feeder,nominal,day,slot-A,on-window,etaOnTime,true,ais_feed,berth-admission/current,1.0,47,base-eta
3,47,true,true,true,false,human_override,normal,clear,none,feeder,nominal,day,slot-A,on-window,weatherSafe,false,human_dispatcher,berth-admission/current,1.0,47,human-override
3,47,true,true,true,false,human_override,normal,clear,none,feeder,nominal,day,slot-A,on-window,weatherSafe,true,approved_weather_feed,berth-admission/current,1.0,47,feed-conflict
3,48,false,true,true,true,authority_conflict,normal,clear,none,feeder,nominal,day,slot-A,on-window,craneOK,true,crane_maintenance,berth-admission/current,1.0,48,base-crane
3,48,false,true,true,true,authority_conflict,normal,clear,none,feeder,nominal,day,slot-A,on-window,etaOnTime,true,ais_feed,berth-admission/current,1.0,48,base-eta
3,48,false,true,true,true,authority_conflict,normal,clear,none,feeder,nominal,day,slot-A,on-window,weatherSafe,true,port_safety,berth-admission/current,1.0,48,base-weather
3,48,false,true,true,true,authority_conflict,normal,clear,none,feeder,nominal,day,slot-A,on-window,ready,false,harbor_master,berth-admission/current,1.0,48,authoritative-local
3,48,false,true,true,true,authority_conflict,normal,clear,none,feeder,nominal,day,slot-A,on-window,ready,true,strategic_plan,berth-admission/planning,1.0,48,lower-plan
3,49,true,true,false,true,freshness_conflict,normal,clear,none,feeder,nominal,day,slot-A,on-window,ready,true,harbor_master,berth-admission/current,1.0,49,base-ready
3,49,true,true,false,true,freshness_conflict,normal,clear,none,feeder,nominal,day,slot-A,on-window,craneOK,true,crane_maintenance,berth-admission/current,1.0,49,base-crane
3,49,true,true,false,true,freshness_conflict,normal,clear,none,feeder,nominal,day,slot-A,on-window,weatherSafe,true,port_safety,berth-admission/current,1.0,49,base-weather
3,49,true,true,false,true,freshness_conflict,normal,clear,none,feeder,nominal,day,slot-A,on-window,etaOnTime,false,ais_feed,berth-admission/current,1.0,49,fresh-ais
3,49,true,true,false,true,freshness_conflict,normal,clear,none,feeder,nominal,day,slot-A,on-window,etaOnTime,true,ais_feed,berth-admission/current,1.0,44,stale-ais
3,50,false,true,true,true,context_conflict,normal,clear,none,feeder,nominal,day,slot-A,on-window,craneOK,true,crane_maintenance,berth-admission/current,1.0,50,base-crane
3,50,false,true,true,true,context_conflict,normal,clear,none,feeder,nominal,day,slot-A,on-window,etaOnTime,true,ais_feed,berth-admission/current,1.0,50,base-eta
3,50,false,true,true,true,context_conflict,normal,clear,none,feeder,nominal,day,slot-A,on-window,weatherSafe,true,port_safety,berth-admission/current,1.0,50,base-weather
3,50,false,true,true,true,context_conflict,normal,clear,none,feeder,nominal,day,slot-A,on-window,ready,false,terminal_ops,berth-admission/current,1.0,50,current-ops
3,50,false,true,true,true,context_conflict,normal,clear,none,feeder,nominal,day,slot-A,on-window,ready,true,terminal_ops,berth-admission/planning,1.0,51,planning-context
3,51,true,true,true,false,human_override,normal,clear,none,feeder,nominal,day,slot-A,on-window,ready,true,harbor_master,berth-admission/current,1.0,51,base-ready
3,51,true,true,true,false,human_override,normal,clear,none,feeder,nominal,day,slot-A,on-window,craneOK,true,crane_maintenance,berth-admission/current,1.0,51,base-crane
3,51,true,true,true,false,human_override,normal,clear,none,feeder,nominal,day,slot-A,on-window,etaOnTime,true,ais_feed,berth-admission/current,1.0,51,base-eta
3,51,true,true,true,false,human_override,normal,clear,none,feeder,nominal,day,slot-A,on-window,weatherSafe,false,human_dispatcher,berth-admission/current,1.0,51,human-override
3,51,true,true,true,false,human_override,normal,clear,none,feeder,nominal,day,slot-A,on-window,weatherSafe,true,approved_weather_feed,berth-admission/current,1.0,51,feed-conflict
3,52,false,true,true,true,authority_conflict,normal,clear,none,feeder,nominal,day,slot-A,on-window,craneOK,true,crane_maintenance,berth-admission/current,1.0,52,base-crane
3,52,false,true,true,true,authority_conflict,normal,clear,none,feeder,nominal,day,slot-A,on-window,etaOnTime,true,ais_feed,berth-admission/current,1.0,52,base-eta
3,52,false,true,true,true,authority_conflict,normal,clear,none,feeder,nominal,day,slot-A,on-window,weatherSafe,true,port_safety,berth-admission/current,1.0,52,base-weather
3,52,false,true,true,true,authority_conflict,normal,clear,none,feeder,nominal,day,slot-A,on-window,ready,false,harbor_master,berth-admission/current,1.0,52,authoritative-local
3,52,false,true,true,true,authority_conflict,normal,clear,none,feeder,nominal,day,slot-A,on-window,ready,true,strategic_plan,berth-admission/planning,1.0,52,lower-plan
3,53,true,true,false,true,freshness_conflict,normal,clear,none,feeder,nominal,day,slot-A,on-window,ready,true,harbor_master,berth-admission/current,1.0,53,base-ready
3,53,true,true,false,true,freshness_conflict,normal,clear,none,feeder,nominal,day,slot-A,on-window,craneOK,true,crane_maintenance,berth-admission/current,1.0,53,base-crane
3,53,true,true,false,true,freshness_conflict,normal,clear,none,feeder,nominal,day,slot-A,on-window,weatherSafe,true,port_safety,berth-admission/current,1.0,53,base-weather
3,53,true,true,false,true,freshness_conflict,normal,clear,none,feeder,nominal,day,slot-A,on-window,etaOnTime,false,ais_feed,berth-admission/current,1.0,53,fresh-ais
3,53,true,true,false,true,freshness_conflict,normal,clear,none,feeder,nominal,day,slot-A,on-window,etaOnTime,true,ais_feed,berth-admission/current,1.0,48,stale-ais
3,54,false,true,true,true,context_conflict,normal,clear,none,feeder,nominal,day,slot-A,on-window,craneOK,true,crane_maintenance,berth-admission/current,1.0,54,base-crane
3,54,false,true,true,true,context_conflict,normal,clear,none,feeder,nominal,day,slot-A,on-window,etaOnTime,true,ais_feed,berth-admission/current,1.0,54,base-eta
3,54,false,true,true,true,context_conflict,normal,clear,none,feeder,nominal,day,slot-A,on-window,weatherSafe,true,port_safety,berth-admission/current,1.0,54,base-weather
3,54,false,true,true,true,context_conflict,normal,clear,none,feeder,nominal,day,slot-A,on-window,ready,false,terminal_ops,berth-admission/current,1.0,54,current-ops
3,54,false,true,true,true,context_conflict,normal,clear,none,feeder,nominal,day,slot-A,on-window,ready,true,terminal_ops,berth-admission/planning,1.0,55,planning-context
3,55,true,true,true,true,human_override,normal,clear,none,feeder,nominal,day,slot-A,on-window,ready,true,harbor_master,berth-admission/current,1.0,55,base-ready
3,55,true,true,true,true,human_override,normal,clear,none,feeder,nominal,day,slot-A,on-window,craneOK,true,crane_maintenance,berth-admission/current,1.0,55,base-crane
3,55,true,true,true,true,human_override,normal,clear,none,feeder,nominal,day,slot-A,on-window,etaOnTime,true,ais_feed,berth-admission/current,1.0,55,base-eta
3,55,true,true,true,true,human_override,normal,clear,none,feeder,nominal,day,slot-A,on-window,weatherSafe,true,human_dispatcher,berth-admission/current,1.0,55,human-override
3,55,true,true,true,true,human_override,normal,clear,none,feeder,nominal,day,slot-A,on-window,weatherSafe,false,approved_weather_feed,berth-admission/current,1.0,55,feed-conflict
3,56,false,true,true,true,authority_conflict,normal,clear,none,feeder,nominal,day,slot-A,on-window,craneOK,true,crane_maintenance,berth-admission/current,1.0,56,base-crane
3,56,false,true,true,true,authority_conflict,normal,clear,none,feeder,nominal,day,slot-A,on-window,etaOnTime,true,ais_feed,berth-admission/current,1.0,56,base-eta
3,56,false,true,true,true,authority_conflict,normal,clear,none,feeder,nominal,day,slot-A,on-window,weatherSafe,true,port_safety,berth-admission/current,1.0,56,base-weather
3,56,false,true,true,true,authority_conflict,normal,clear,none,feeder,nominal,day,slot-A,on-window,ready,false,harbor_master,berth-admission/current,1.0,56,authoritative-local
3,56,false,true,true,true,authority_conflict,normal,clear,none,feeder,nominal,day,slot-A,on-window,ready,true,strategic_plan,berth-admission/planning,1.0,56,lower-plan
3,57,true,true,false,true,freshness_conflict,normal,clear,none,feeder,nominal,day,slot-A,on-window,ready,true,harbor_master,berth-admission/current,1.0,57,base-ready
3,57,true,true,false,true,freshness_conflict,normal,clear,none,feeder,nominal,day,slot-A,on-window,craneOK,true,crane_maintenance,berth-admission/current,1.0,57,base-crane
3,57,true,true,false,true,freshness_conflict,normal,clear,none,feeder,nominal,day,slot-A,on-window,weatherSafe,true,port_safety,berth-admission/current,1.0,57,base-weather
3,57,true,true,false,true,freshness_conflict,normal,clear,none,feeder,nominal,day,slot-A,on-window,etaOnTime,false,ais_feed,berth-admission/current,1.0,57,fresh-ais
3,57,true,true,false,true,freshness_conflict,normal,clear,none,feeder,nominal,day,slot-A,on-window,etaOnTime,true,ais_feed,berth-admission/current,1.0,52,stale-ais
3,58,false,true,true,true,context_conflict,normal,clear,none,feeder,nominal,day,slot-A,on-window,craneOK,true,crane_maintenance,berth-admission/current,1.0,58,base-crane
3,58,false,true,true,true,context_conflict,normal,clear,none,feeder,nominal,day,slot-A,on-window,etaOnTime,true,ais_feed,berth-admission/current,1.0,58,base-eta
3,58,false,true,true,true,context_conflict,normal,clear,none,feeder,nominal,day,slot-A,on-window,weatherSafe,true,port_safety,berth-admission/current,1.0,58,base-weather
3,58,false,true,true,true,context_conflict,normal,clear,none,feeder,nominal,day,slot-A,on-window,ready,false,terminal_ops,berth-admission/current,1.0,58,current-ops
3,58,false,true,true,true,context_conflict,normal,clear,none,feeder,nominal,day,slot-A,on-window,ready,true,terminal_ops,berth-admission/planning,1.0,59,planning-context
3,59,true,true,true,false,human_override,normal,clear,none,feeder,nominal,day,slot-A,on-window,ready,true,harbor_master,berth-admission/current,1.0,59,base-ready
3,59,true,true,true,false,human_override,normal,clear,none,feeder,nominal,day,slot-A,on-window,craneOK,true,crane_maintenance,berth-admission/current,1.0,59,base-crane
3,59,true,true,true,false,human_override,normal,clear,none,feeder,nominal,day,slot-A,on-window,etaOnTime,true,ais_feed,berth-admission/current,1.0,59,base-eta
3,59,true,true,true,false,human_override,normal,clear,none,feeder,nominal,day,slot-A,on-window,weatherSafe,false,human_dispatcher,berth-admission/current,1.0,59,human-override
3,59,true,true,true,false,human_override,normal,clear,none,feeder,nominal,day,slot-A,on-window,weatherSafe,true,approved_weather_feed,berth-admission/current,1.0,59,feed-conflict
3,60,false,true,true,true,authority_conflict,normal,clear,none,feeder,nominal,day,slot-A,on-window,craneOK,true,crane_maintenance,berth-admission/current,1.0,60,base-crane
3,60,false,true,true,true,authority_conflict,normal,clear,none,feeder,nominal,day,slot-A,on-window,etaOnTime,true,ais_feed,berth-admission/current,1.0,60,base-eta
3,60,false,true,true,true,authority_conflict,normal,clear,none,feeder,nominal,day,slot-A,on-window,weatherSafe,true,port_safety,berth-admission/current,1.0,60,base-weather
3,60,false,true,true,true,authority_conflict,normal,clear,none,feeder,nominal,day,slot-A,on-window,ready,false,harbor_master,berth-admission/current,1.0,60,authoritative-local
3,60,false,true,true,true,authority_conflict,normal,clear,none,feeder,nominal,day,slot-A,on-window,ready,true,strategic_plan,berth-admission/planning,1.0,60,lower-plan
3,61,true,true,true,true,freshness_conflict,normal,clear,none,feeder,nominal,day,slot-A,on-window,ready,true,harbor_master,berth-admission/current,1.0,61,base-ready
3,61,true,true,true,true,freshness_conflict,normal,clear,none,feeder,nominal,day,slot-A,on-window,craneOK,true,crane_maintenance,berth-admission/current,1.0,61,base-crane
3,61,true,true,true,true,freshness_conflict,normal,clear,none,feeder,nominal,day,slot-A,on-window,weatherSafe,true,port_safety,berth-admission/current,1.0,61,base-weather
3,61,true,true,true,true,freshness_conflict,normal,clear,none,feeder,nominal,day,slot-A,on-window,etaOnTime,true,ais_feed,berth-admission/current,1.0,61,fresh-ais
3,61,true,true,true,true,freshness_conflict,normal,clear,none,feeder,nominal,day,slot-A,on-window,etaOnTime,false,ais_feed,berth-admission/current,1.0,56,stale-ais
3,62,false,true,true,true,context_conflict,normal,clear,none,feeder,nominal,day,slot-A,on-window,craneOK,true,crane_maintenance,berth-admission/current,1.0,62,base-crane
3,62,false,true,true,true,context_conflict,normal,clear,none,feeder,nominal,day,slot-A,on-window,etaOnTime,true,ais_feed,berth-admission/current,1.0,62,base-eta
3,62,false,true,true,true,context_conflict,normal,clear,none,feeder,nominal,day,slot-A,on-window,weatherSafe,true,port_safety,berth-admission/current,1.0,62,base-weather
3,62,false,true,true,true,context_conflict,normal,clear,none,feeder,nominal,day,slot-A,on-window,ready,false,terminal_ops,berth-admission/current,1.0,62,current-ops
3,62,false,true,true,true,context_conflict,normal,clear,none,feeder,nominal,day,slot-A,on-window,ready,true,terminal_ops,berth-admission/planning,1.0,63,planning-context
3,63,true,true,true,false,human_override,normal,clear,none,feeder,nominal,day,slot-A,on-window,ready,true,harbor_master,berth-admission/current,1.0,63,base-ready
3,63,true,true,true,false,human_override,normal,clear,none,feeder,nominal,day,slot-A,on-window,craneOK,true,crane_maintenance,berth-admission/current,1.0,63,base-crane
3,63,true,true,true,false,human_override,normal,clear,none,feeder,nominal,day,slot-A,on-window,etaOnTime,true,ais_feed,berth-admission/current,1.0,63,base-eta
3,63,true,true,true,false,human_override,normal,clear,none,feeder,nominal,day,slot-A,on-window,weatherSafe,false,human_dispatcher,berth-admission/current,1.0,63,human-override
3,63,true,true,true,false,human_override,normal,clear,none,feeder,nominal,day,slot-A,on-window,weatherSafe,true,approved_weather_feed,berth-admission/current,1.0,63,feed-conflict
3,64,true,true,true,true,authority_conflict,normal,clear,none,feeder,nominal,day,slot-A,on-window,craneOK,true,crane_maintenance,berth-admission/current,1.0,64,base-crane
3,64,true,true,true,true,authority_conflict,normal,clear,none,feeder,nominal,day,slot-A,on-window,etaOnTime,true,ais_feed,berth-admission/current,1.0,64,base-eta
3,64,true,true,true,true,authority_conflict,normal,clear,none,feeder,nominal,day,slot-A,on-window,weatherSafe,true,port_safety,berth-admission/current,1.0,64,base-weather
3,64,true,true,true,true,authority_conflict,normal,clear,none,feeder,nominal,day,slot-A,on-window,ready,true,harbor_master,berth-admission/current,1.0,64,authoritative-local
3,64,true,true,true,true,authority_conflict,normal,clear,none,feeder,nominal,day,slot-A,on-window,ready,false,strategic_plan,berth-admission/planning,1.0,64,lower-plan
3,65,true,true,true,true,freshness_conflict,normal,clear,none,feeder,nominal,day,slot-A,on-window,ready,true,harbor_master,berth-admission/current,1.0,65,base-ready
3,65,true,true,true,true,freshness_conflict,normal,clear,none,feeder,nominal,day,slot-A,on-window,craneOK,true,crane_maintenance,berth-admission/current,1.0,65,base-crane
3,65,true,true,true,true,freshness_conflict,normal,clear,none,feeder,nominal,day,slot-A,on-window,weatherSafe,true,port_safety,berth-admission/current,1.0,65,base-weather
3,65,true,true,true,true,freshness_conflict,normal,clear,none,feeder,nominal,day,slot-A,on-window,etaOnTime,true,ais_feed,berth-admission/current,1.0,65,fresh-ais
3,65,true,true,true,true,freshness_conflict,normal,clear,none,feeder,nominal,day,slot-A,on-window,etaOnTime,false,ais_feed,berth-admission/current,1.0,60,stale-ais
3,66,false,true,true,true,context_conflict,normal,clear,none,feeder,nominal,day,slot-A,on-window,craneOK,true,crane_maintenance,berth-admission/current,1.0,66,base-crane
3,66,false,true,true,true,context_conflict,normal,clear,none,feeder,nominal,day,slot-A,on-window,etaOnTime,true,ais_feed,berth-admission/current,1.0,66,base-eta
3,66,false,true,true,true,context_conflict,normal,clear,none,feeder,nominal,day,slot-A,on-window,weatherSafe,true,port_safety,berth-admission/current,1.0,66,base-weather
3,66,false,true,true,true,context_conflict,normal,clear,none,feeder,nominal,day,slot-A,on-window,ready,false,terminal_ops,berth-admission/current,1.0,66,current-ops
3,66,false,true,true,true,context_conflict,normal,clear,none,feeder,nominal,day,slot-A,on-window,ready,true,terminal_ops,berth-admission/planning,1.0,67,planning-context
3,67,true,true,true,false,human_override,normal,clear,none,feeder,nominal,day,slot-A,on-window,ready,true,harbor_master,berth-admission/current,1.0,67,base-ready
3,67,true,true,true,false,human_override,normal,clear,none,feeder,nominal,day,slot-A,on-window,craneOK,true,crane_maintenance,berth-admission/current,1.0,67,base-crane
3,67,true,true,true,false,human_override,normal,clear,none,feeder,nominal,day,slot-A,on-window,etaOnTime,true,ais_feed,berth-admission/current,1.0,67,base-eta
3,67,true,true,true,false,human_override,normal,clear,none,feeder,nominal,day,slot-A,on-window,weatherSafe,false,human_dispatcher,berth-admission/current,1.0,67,human-override
3,67,true,true,true,false,human_override,normal,clear,none,feeder,nominal,day,slot-A,on-window,weatherSafe,true,approved_weather_feed,berth-admission/current,1.0,67,feed-conflict
3,68,true,true,true,true,authority_conflict,normal,clear,none,feeder,nominal,day,slot-A,on-window,craneOK,true,crane_maintenance,berth-admission/current,1.0,68,base-crane
3,68,true,true,true,true,authority_conflict,normal,clear,none,feeder,nominal,day,slot-A,on-window,etaOnTime,true,ais_feed,berth-admission/current,1.0,68,base-eta
3,68,true,true,true,true,authority_conflict,normal,clear,none,feeder,nominal,day,slot-A,on-window,weatherSafe,true,port_safety,berth-admission/current,1.0,68,base-weather
3,68,true,true,true,true,authority_conflict,normal,clear,none,feeder,nominal,day,slot-A,on-window,ready,true,harbor_master,berth-admission/current,1.0,68,authoritative-local
3,68,true,true,true,true,authority_conflict,normal,clear,none,feeder,nominal,day,slot-A,on-window,ready,false,strategic_plan,berth-admission/planning,1.0,68,lower-plan
3,69,true,true,false,true,freshness_conflict,normal,clear,none,feeder,nominal,day,slot-A,on-window,ready,true,harbor_master,berth-admission/current,1.0,69,base-ready
3,69,true,true,false,true,freshness_conflict,normal,clear,none,feeder,nominal,day,slot-A,on-window,craneOK,true,crane_maintenance,berth-admission/current,1.0,69,base-crane
3,69,true,true,false,true,freshness_conflict,normal,clear,none,feeder,nominal,day,slot-A,on-window,weatherSafe,true,port_safety,berth-admission/current,1.0,69,base-weather
3,69,true,true,false,true,freshness_conflict,normal,clear,none,feeder,nominal,day,slot-A,on-window,etaOnTime,false,ais_feed,berth-admission/current,1.0,69,fresh-ais
3,69,true,true,false,true,freshness_conflict,normal,clear,none,feeder,nominal,day,slot-A,on-window,etaOnTime,true,ais_feed,berth-admission/current,1.0,64,stale-ais
3,70,true,true,true,true,context_conflict,normal,clear,none,feeder,nominal,day,slot-A,on-window,craneOK,true,crane_maintenance,berth-admission/current,1.0,70,base-crane
3,70,true,true,true,true,context_conflict,normal,clear,none,feeder,nominal,day,slot-A,on-window,etaOnTime,true,ais_feed,berth-admission/current,1.0,70,base-eta
3,70,true,true,true,true,context_conflict,normal,clear,none,feeder,nominal,day,slot-A,on-window,weatherSafe,true,port_safety,berth-admission/current,1.0,70,base-weather
3,70,true,true,true,true,context_conflict,normal,clear,none,feeder,nominal,day,slot-A,on-window,ready,true,terminal_ops,berth-admission/current,1.0,70,current-ops
3,70,true,true,true,true,context_conflict,normal,clear,none,feeder,nominal,day,slot-A,on-window,ready,false,terminal_ops,berth-admission/planning,1.0,71,planning-context
3,71,true,true,true,true,human_override,normal,clear,none,feeder,nominal,day,slot-A,on-window,ready,true,harbor_master,berth-admission/current,1.0,71,base-ready
3,71,true,true,true,true,human_override,normal,clear,none,feeder,nominal,day,slot-A,on-window,craneOK,true,crane_maintenance,berth-admission/current,1.0,71,base-crane
3,71,true,true,true,true,human_override,normal,clear,none,feeder,nominal,day,slot-A,on-window,etaOnTime,true,ais_feed,berth-admission/current,1.0,71,base-eta
3,71,true,true,true,true,human_override,normal,clear,none,feeder,nominal,day,slot-A,on-window,weatherSafe,true,human_dispatcher,berth-admission/current,1.0,71,human-override
3,71,true,true,true,true,human_override,normal,clear,none,feeder,nominal,day,slot-A,on-window,weatherSafe,false,approved_weather_feed,berth-admission/current,1.0,71,feed-conflict
3,72,true,true,true,true,authority_conflict,normal,clear,none,feeder,nominal,day,slot-A,on-window,craneOK,true,crane_maintenance,berth-admission/current,1.0,72,base-crane
3,72,true,true,true,true,authority_conflict,normal,clear,none,feeder,nominal,day,slot-A,on-window,etaOnTime,true,ais_feed,berth-admission/current,1.0,72,base-eta
3,72,true,true,true,true,authority_conflict,normal,clear,none,feeder,nominal,day,slot-A,on-window,weatherSafe,true,port_safety,berth-admission/current,1.0,72,base-weather
3,72,true,true,true,true,authority_conflict,normal,clear,none,feeder,nominal,day,slot-A,on-window,ready,true,harbor_master,berth-admission/current,1.0,72,authoritative-local
3,72,true,true,true,true,authority_conflict,normal,clear,none,feeder,nominal,day,slot-A,on-window,ready,false,strategic_plan,berth-admission/planning,1.0,72,lower-plan
3,73,true,true,false,true,freshness_conflict,normal,clear,none,feeder,nominal,day,slot-A,on-window,ready,true,harbor_master,berth-admission/current,1.0,73,base-ready
3,73,true,true,false,true,freshness_conflict,normal,clear,none,feeder,nominal,day,slot-A,on-window,craneOK,true,crane_maintenance,berth-admission/current,1.0,73,base-crane
3,73,true,true,false,true,freshness_conflict,normal,clear,none,feeder,nominal,day,slot-A,on-window,weatherSafe,true,port_safety,berth-admission/current,1.0,73,base-weather
3,73,true,true,false,true,freshness_conflict,normal,clear,none,feeder,nominal,day,slot-A,on-window,etaOnTime,false,ais_feed,berth-admission/current,1.0,73,fresh-ais
3,73,true,true,false,true,freshness_conflict,normal,clear,none,feeder,nominal,day,slot-A,on-window,etaOnTime,true,ais_feed,berth-admission/current,1.0,68,stale-ais
3,74,false,true,true,true,context_conflict,normal,clear,none,feeder,nominal,day,slot-A,on-window,craneOK,true,crane_maintenance,berth-admission/current,1.0,74,base-crane
3,74,false,true,true,true,context_conflict,normal,clear,none,feeder,nominal,day,slot-A,on-window,etaOnTime,true,ais_feed,berth-admission/current,1.0,74,base-eta
3,74,false,true,true,true,context_conflict,normal,clear,none,feeder,nominal,day,slot-A,on-window,weatherSafe,true,port_safety,berth-admission/current,1.0,74,base-weather
3,74,false,true,true,true,context_conflict,normal,clear,none,feeder,nominal,day,slot-A,on-window,ready,false,terminal_ops,berth-admission/current,1.0,74,current-ops
3,74,false,true,true,true,context_conflict,normal,clear,none,feeder,nominal,day,slot-A,on-window,ready,true,terminal_ops,berth-admission/planning,1.0,75,planning-context
3,75,true,true,true,true,human_override,normal,clear,none,feeder,nominal,day,slot-A,on-window,ready,true,harbor_master,berth-admission/current,1.0,75,base-ready
3,75,true,true,true,true,human_override,normal,clear,none,feeder,nominal,day,slot-A,on-window,craneOK,true,crane_maintenance,berth-admission/current,1.0,75,base-crane
3,75,true,true,true,true,human_override,normal,clear,none,feeder,nominal,day,slot-A,on-window,etaOnTime,true,ais_feed,berth-admission/current,1.0,75,base-eta
3,75,true,true,true,true,human_override,normal,clear,none,feeder,nominal,day,slot-A,on-window,weatherSafe,true,human_dispatcher,berth-admission/current,1.0,75,human-override
3,75,true,true,true,true,human_override,normal,clear,none,feeder,nominal,day,slot-A,on-window,weatherSafe,false,approved_weather_feed,berth-admission/current,1.0,75,feed-conflict
3,76,false,true,true,true,authority_conflict,normal,clear,none,feeder,nominal,day,slot-A,on-window,craneOK,true,crane_maintenance,berth-admission/current,1.0,76,base-crane
3,76,false,true,true,true,authority_conflict,normal,clear,none,feeder,nominal,day,slot-A,on-window,etaOnTime,true,ais_feed,berth-admission/current,1.0,76,base-eta
3,76,false,true,true,true,authority_conflict,normal,clear,none,feeder,nominal,day,slot-A,on-window,weatherSafe,true,port_safety,berth-admission/current,1.0,76,base-weather
3,76,false,true,true,true,authority_conflict,normal,clear,none,feeder,nominal,day,slot-A,on-window,ready,false,harbor_master,berth-admission/current,1.0,76,authoritative-local
3,76,false,true,true,true,authority_conflict,normal,clear,none,feeder,nominal,day,slot-A,on-window,ready,true,strategic_plan,berth-admission/planning,1.0,76,lower-plan
3,77,true,true,true,true,freshness_conflict,normal,clear,none,feeder,nominal,day,slot-A,on-window,ready,true,harbor_master,berth-admission/current,1.0,77,base-ready
3,77,true,true,true,true,freshness_conflict,normal,clear,none,feeder,nominal,day,slot-A,on-window,craneOK,true,crane_maintenance,berth-admission/current,1.0,77,base-crane
3,77,true,true,true,true,freshness_conflict,normal,clear,none,feeder,nominal,day,slot-A,on-window,weatherSafe,true,port_safety,berth-admission/current,1.0,77,base-weather
3,77,true,true,true,true,freshness_conflict,normal,clear,none,feeder,nominal,day,slot-A,on-window,etaOnTime,true,ais_feed,berth-admission/current,1.0,77,fresh-ais
3,77,true,true,true,true,freshness_conflict,normal,clear,none,feeder,nominal,day,slot-A,on-window,etaOnTime,false,ais_feed,berth-admission/current,1.0,72,stale-ais
3,78,false,true,true,true,context_conflict,normal,clear,none,feeder,nominal,day,slot-A,on-window,craneOK,true,crane_maintenance,berth-admission/current,1.0,78,base-crane
3,78,false,true,true,true,context_conflict,normal,clear,none,feeder,nominal,day,slot-A,on-window,etaOnTime,true,ais_feed,berth-admission/current,1.0,78,base-eta
3,78,false,true,true,true,context_conflict,normal,clear,none,feeder,nominal,day,slot-A,on-window,weatherSafe,true,port_safety,berth-admission/current,1.0,78,base-weather
3,78,false,true,true,true,context_conflict,normal,clear,none,feeder,nominal,day,slot-A,on-window,ready,false,terminal_ops,berth-admission/current,1.0,78,current-ops
3,78,false,true,true,true,context_conflict,normal,clear,none,feeder,nominal,day,slot-A,on-window,ready,true,terminal_ops,berth-admission/planning,1.0,79,planning-context
3,79,true,true,true,true,human_override,normal,clear,none,feeder,nominal,day,slot-A,on-window,ready,true,harbor_master,berth-admission/current,1.0,79,base-ready
3,79,true,true,true,true,human_override,normal,clear,none,feeder,nominal,day,slot-A,on-window,craneOK,true,crane_maintenance,berth-admission/current,1.0,79,base-crane
3,79,true,true,true,true,human_override,normal,clear,none,feeder,nominal,day,slot-A,on-window,etaOnTime,true,ais_feed,berth-admission/current,1.0,79,base-eta
3,79,true,true,true,true,human_override,normal,clear,none,feeder,nominal,day,slot-A,on-window,weatherSafe,true,human_dispatcher,berth-admission/current,1.0,79,human-override
3,79,true,true,true,true,human_override,normal,clear,none,feeder,nominal,day,slot-A,on-window,weatherSafe,false,approved_weather_feed,berth-admission/current,1.0,79,feed-conflict
